date,product_id,price,quantity_sold,competitor_price,revenue
2024-01-01,PRD-E01,149.99,4,144.99,599.96
2024-01-01,PRD-E02,199.99,9,194.99,1799.91
2024-01-01,PRD-E03,249.99,0,239.0,0.0
2024-01-01,PRD-E04,59.99,14,54.99,839.86
2024-01-01,PRD-A01,64.99,7,62.0,441.93
2024-01-01,PRD-A02,119.99,1,114.99,119.99
2024-01-01,PRD-A03,44.99,14,47.99,629.86
2024-01-01,PRD-A04,94.99,3,98.0,284.97
2024-01-01,PRD-H01,49.99,8,54.99,399.92
2024-01-01,PRD-H02,159.99,2,149.99,319.98
2024-01-01,PRD-H03,299.99,2,284.99,569.98
2024-01-01,PRD-H04,129.99,3,124.99,389.97
2024-01-01,PRD-B01,38.0,9,42.0,342.0
2024-01-01,PRD-B02,54.0,4,58.0,216.0
2024-01-01,PRD-B03,39.99,22,37.99,861.78
2024-01-01,PRD-B04,89.99,4,84.99,359.96
2024-01-01,PRD-S01,199.99,7,189.99,1399.93
2024-01-01,PRD-S02,29.99,17,32.99,493.33
2024-01-01,PRD-S03,149.99,0,139.99,0.0
2024-01-01,PRD-S04,49.99,2,47.99,97.48
2024-01-02,PRD-E01,149.99,3,144.99,434.97
2024-01-02,PRD-E02,199.99,7,194.99,1389.93
2024-01-02,PRD-E03,249.99,3,239.0,749.97
2024-01-02,PRD-E04,59.99,2,54.99,116.98
2024-01-02,PRD-A01,64.99,2,62.0,129.98
2024-01-02,PRD-A02,119.99,2,114.99,215.98
2024-01-02,PRD-A03,44.99,18,47.99,798.57
2024-01-02,PRD-A04,94.99,4,98.0,341.96
2024-01-02,PRD-H01,49.99,0,54.99,0.0
2024-01-02,PRD-H02,159.99,8,149.99,1247.92
2024-01-02,PRD-H03,299.99,2,284.99,599.98
2024-01-02,PRD-H04,129.99,2,124.99,233.98
2024-01-02,PRD-B01,38.0,15,42.0,568.1
2024-01-02,PRD-B02,54.0,19,58.0,1026.0
2024-01-02,PRD-B03,39.99,9,37.99,353.91
2024-01-02,PRD-B04,89.99,1,84.99,89.99
2024-01-02,PRD-S01,199.99,8,189.99,1599.92
2024-01-02,PRD-S02,29.99,13,32.99,380.87
2024-01-02,PRD-S03,149.99,2,139.99,299.98
2024-01-02,PRD-S04,49.99,7,47.99,339.93
2024-01-03,PRD-E01,149.99,2,144.99,277.48
2024-01-03,PRD-E02,199.99,8,194.99,1579.92
2024-01-03,PRD-E03,249.99,1,239.0,224.99
2024-01-03,PRD-E04,59.99,2,54.99,119.98
2024-01-03,PRD-A01,64.99,11,62.0,695.39
2024-01-03,PRD-A02,119.99,2,114.99,239.98
2024-01-03,PRD-A03,44.99,12,47.99,530.88
2024-01-03,PRD-A04,94.99,1,98.0,94.99
2024-01-03,PRD-H01,49.99,6,54.99,297.44
2024-01-03,PRD-H02,159.99,4,149.99,639.96
2024-01-03,PRD-H03,299.99,4,284.99,1109.96
2024-01-03,PRD-H04,129.99,4,124.99,506.96
2024-01-03,PRD-B01,38.0,10,42.0,380.0
2024-01-03,PRD-B02,54.0,4,58.0,216.0
2024-01-03,PRD-B03,39.99,11,37.99,425.89
2024-01-03,PRD-B04,89.99,2,84.99,179.98
2024-01-03,PRD-S01,199.99,11,189.99,2199.89
2024-01-03,PRD-S02,29.99,19,32.99,563.81
2024-01-03,PRD-S03,149.99,2,139.99,299.98
2024-01-03,PRD-S04,49.99,2,47.99,94.98
2024-01-04,PRD-E01,149.99,4,144.99,599.96
2024-01-04,PRD-E02,199.99,7,194.99,1299.93
2024-01-04,PRD-E03,249.99,4,239.0,999.96
2024-01-04,PRD-E04,59.99,6,54.99,353.94
2024-01-04,PRD-A01,64.99,13,62.0,825.37
2024-01-04,PRD-A02,119.99,8,114.99,845.92
2024-01-04,PRD-A03,44.99,7,47.99,308.18
2024-01-04,PRD-A04,94.99,6,98.0,569.94
2024-01-04,PRD-H01,49.99,19,54.99,922.31
2024-01-04,PRD-H02,159.99,7,149.99,1119.93
2024-01-04,PRD-H03,299.99,1,284.99,299.99
2024-01-04,PRD-H04,129.99,4,124.99,493.96
2024-01-04,PRD-B01,38.0,6,42.0,228.0
2024-01-04,PRD-B02,54.0,23,58.0,1217.7
2024-01-04,PRD-B03,39.99,12,37.99,477.88
2024-01-04,PRD-B04,89.99,4,84.99,350.96
2024-01-04,PRD-S01,199.99,8,189.99,1589.92
2024-01-04,PRD-S02,29.99,12,32.99,358.38
2024-01-04,PRD-S03,149.99,1,139.99,119.99
2024-01-04,PRD-S04,49.99,1,47.99,49.99
2024-01-05,PRD-E01,149.99,7,144.99,1019.93
2024-01-05,PRD-E02,199.99,6,194.99,1169.94
2024-01-05,PRD-E03,249.99,1,239.0,249.99
2024-01-05,PRD-E04,59.99,7,54.99,419.93
2024-01-05,PRD-A01,64.99,15,62.0,903.35
2024-01-05,PRD-A02,119.99,1,114.99,119.99
2024-01-05,PRD-A03,44.99,7,47.99,314.93
2024-01-05,PRD-A04,94.99,4,98.0,379.96
2024-01-05,PRD-H01,49.99,6,54.99,299.94
2024-01-05,PRD-H02,159.99,6,149.99,959.94
2024-01-05,PRD-H03,299.99,1,284.99,299.99
2024-01-05,PRD-H04,129.99,10,124.99,1267.4
2024-01-05,PRD-B01,38.0,8,42.0,286.9
2024-01-05,PRD-B02,54.0,11,58.0,580.5
2024-01-05,PRD-B03,39.99,16,37.99,627.84
2024-01-05,PRD-B04,89.99,1,84.99,89.99
2024-01-05,PRD-S01,199.99,7,189.99,1389.93
2024-01-05,PRD-S02,29.99,11,32.99,316.39
2024-01-05,PRD-S03,149.99,0,139.99,0.0
2024-01-05,PRD-S04,49.99,1,47.99,47.49
2024-01-06,PRD-E01,149.99,4,144.99,599.96
2024-01-06,PRD-E02,199.99,3,194.99,589.97
2024-01-06,PRD-E03,249.99,3,239.0,749.97
2024-01-06,PRD-E04,59.99,4,54.99,233.96
2024-01-06,PRD-A01,64.99,12,62.0,766.88
2024-01-06,PRD-A02,119.99,7,114.99,839.93
2024-01-06,PRD-A03,44.99,17,47.99,749.08
2024-01-06,PRD-A04,94.99,7,98.0,664.93
2024-01-06,PRD-H01,49.99,8,54.99,399.92
2024-01-06,PRD-H02,159.99,5,149.99,799.95
2024-01-06,PRD-H03,299.99,1,284.99,299.99
2024-01-06,PRD-H04,129.99,19,124.99,2469.81
2024-01-06,PRD-B01,38.0,11,42.0,418.0
2024-01-06,PRD-B02,54.0,11,58.0,575.1
2024-01-06,PRD-B03,39.99,14,37.99,555.86
2024-01-06,PRD-B04,89.99,6,84.99,530.94
2024-01-06,PRD-S01,199.99,5,189.99,979.95
2024-01-06,PRD-S02,29.99,13,32.99,374.87
2024-01-06,PRD-S03,149.99,1,139.99,149.99
2024-01-06,PRD-S04,49.99,5,47.99,244.95
2024-01-07,PRD-E01,149.99,5,144.99,727.45
2024-01-07,PRD-E02,199.99,11,194.99,2079.89
2024-01-07,PRD-E03,249.99,1,239.0,249.99
2024-01-07,PRD-E04,59.99,9,54.99,506.91
2024-01-07,PRD-A01,64.99,24,62.0,1559.76
2024-01-07,PRD-A02,119.99,9,114.99,1067.91
2024-01-07,PRD-A03,44.99,14,47.99,627.61
2024-01-07,PRD-A04,94.99,4,98.0,365.71
2024-01-07,PRD-H01,49.99,4,54.99,197.46
2024-01-07,PRD-H02,159.99,4,149.99,639.96
2024-01-07,PRD-H03,299.99,2,284.99,599.98
2024-01-07,PRD-H04,129.99,3,124.99,383.47
2024-01-07,PRD-B01,38.0,13,42.0,480.7
2024-01-07,PRD-B02,54.0,12,58.0,639.9
2024-01-07,PRD-B03,39.99,15,37.99,587.85
2024-01-07,PRD-B04,89.99,2,84.99,179.98
2024-01-07,PRD-S01,199.99,18,189.99,3559.82
2024-01-07,PRD-S02,29.99,35,32.99,1040.65
2024-01-07,PRD-S03,149.99,2,139.99,299.98
2024-01-07,PRD-S04,49.99,1,47.99,49.99
2024-01-08,PRD-E01,149.99,11,144.99,1627.39
2024-01-08,PRD-E02,199.99,4,194.99,799.96
2024-01-08,PRD-E03,249.99,1,239.0,249.99
2024-01-08,PRD-E04,59.99,5,54.99,299.95
2024-01-08,PRD-A01,64.99,4,62.0,256.71
2024-01-08,PRD-A02,119.99,4,114.99,479.96
2024-01-08,PRD-A03,44.99,6,47.99,267.69
2024-01-08,PRD-A04,94.99,2,98.0,151.98
2024-01-08,PRD-H01,49.99,2,54.99,99.98
2024-01-08,PRD-H02,159.99,6,149.99,959.94
2024-01-08,PRD-H03,299.99,0,284.99,0.0
2024-01-08,PRD-H04,129.99,4,124.99,519.96
2024-01-08,PRD-B01,38.0,8,42.0,296.4
2024-01-08,PRD-B02,54.0,14,58.0,745.2
2024-01-08,PRD-B03,39.99,14,37.99,543.86
2024-01-08,PRD-B04,89.99,3,84.99,269.97
2024-01-08,PRD-S01,199.99,14,189.99,2779.86
2024-01-08,PRD-S02,29.99,19,32.99,568.31
2024-01-08,PRD-S03,149.99,2,139.99,299.98
2024-01-08,PRD-S04,49.99,2,47.99,99.98
2024-01-09,PRD-E01,149.99,1,144.99,149.99
2024-01-09,PRD-E02,199.99,1,194.99,199.99
2024-01-09,PRD-E03,249.99,0,239.0,0.0
2024-01-09,PRD-E04,59.99,7,54.99,419.93
2024-01-09,PRD-A01,64.99,8,62.0,519.92
2024-01-09,PRD-A02,119.99,2,114.99,215.98
2024-01-09,PRD-A03,44.99,7,47.99,305.93
2024-01-09,PRD-A04,94.99,0,98.0,0.0
2024-01-09,PRD-H01,49.99,4,54.99,187.46
2024-01-09,PRD-H02,159.99,5,149.99,791.95
2024-01-09,PRD-H03,299.99,2,284.99,599.98
2024-01-09,PRD-H04,129.99,5,124.99,643.45
2024-01-09,PRD-B01,38.0,9,42.0,330.6
2024-01-09,PRD-B02,54.0,16,58.0,742.5
2024-01-09,PRD-B03,39.99,11,37.99,439.89
2024-01-09,PRD-B04,89.99,5,84.99,449.95
2024-01-09,PRD-S01,199.99,9,189.99,1719.91
2024-01-09,PRD-S02,29.99,12,32.99,359.88
2024-01-09,PRD-S03,149.99,2,139.99,299.98
2024-01-09,PRD-S04,49.99,0,47.99,0.0
2024-01-10,PRD-E01,149.99,1,144.99,149.99
2024-01-10,PRD-E02,199.99,8,194.99,1519.92
2024-01-10,PRD-E03,249.99,3,239.0,724.97
2024-01-10,PRD-E04,59.99,19,54.99,1124.81
2024-01-10,PRD-A01,64.99,8,62.0,497.17
2024-01-10,PRD-A02,119.99,1,114.99,119.99
2024-01-10,PRD-A03,44.99,18,47.99,805.32
2024-01-10,PRD-A04,94.99,8,98.0,759.92
2024-01-10,PRD-H01,49.99,6,54.99,292.44
2024-01-10,PRD-H02,159.99,5,149.99,799.95
2024-01-10,PRD-H03,299.99,1,284.99,299.99
2024-01-10,PRD-H04,129.99,2,124.99,259.98
2024-01-10,PRD-B01,38.0,10,42.0,380.0
2024-01-10,PRD-B02,54.0,8,58.0,426.6
2024-01-10,PRD-B03,39.99,8,37.99,319.92
2024-01-10,PRD-B04,89.99,2,84.99,179.98
2024-01-10,PRD-S01,199.99,7,189.99,1399.93
2024-01-10,PRD-S02,29.99,21,32.99,626.79
2024-01-10,PRD-S03,149.99,0,139.99,0.0
2024-01-10,PRD-S04,49.99,2,47.99,89.98
2024-01-11,PRD-E01,149.99,3,144.99,449.97
2024-01-11,PRD-E02,199.99,3,194.99,589.97
2024-01-11,PRD-E03,249.99,0,239.0,0.0
2024-01-11,PRD-E04,59.99,1,54.99,59.99
2024-01-11,PRD-A01,64.99,13,62.0,844.87
2024-01-11,PRD-A02,119.99,3,114.99,353.97
2024-01-11,PRD-A03,44.99,16,47.99,708.59
2024-01-11,PRD-A04,94.99,5,98.0,474.95
2024-01-11,PRD-H01,49.99,5,54.99,247.45
2024-01-11,PRD-H02,159.99,3,149.99,479.97
2024-01-11,PRD-H03,299.99,4,284.99,1199.96
2024-01-11,PRD-H04,129.99,0,124.99,0.0
2024-01-11,PRD-B01,38.0,16,42.0,600.4
2024-01-11,PRD-B02,54.0,2,58.0,102.6
2024-01-11,PRD-B03,39.99,17,37.99,675.83
2024-01-11,PRD-B04,89.99,2,84.99,170.98
2024-01-11,PRD-S01,199.99,16,189.99,3179.84
2024-01-11,PRD-S02,29.99,8,32.99,236.92
2024-01-11,PRD-S03,149.99,0,139.99,0.0
2024-01-11,PRD-S04,49.99,0,47.99,0.0
2024-01-12,PRD-E01,149.99,5,144.99,742.45
2024-01-12,PRD-E02,199.99,8,194.99,1559.92
2024-01-12,PRD-E03,249.99,1,239.0,249.99
2024-01-12,PRD-E04,59.99,4,54.99,227.96
2024-01-12,PRD-A01,64.99,13,62.0,831.87
2024-01-12,PRD-A02,119.99,11,114.99,1301.89
2024-01-12,PRD-A03,44.99,18,47.99,803.07
2024-01-12,PRD-A04,94.99,1,98.0,94.99
2024-01-12,PRD-H01,49.99,11,54.99,522.39
2024-01-12,PRD-H02,159.99,5,149.99,727.95
2024-01-12,PRD-H03,299.99,0,284.99,0.0
2024-01-12,PRD-H04,129.99,2,124.99,259.98
2024-01-12,PRD-B01,38.0,8,42.0,302.1
2024-01-12,PRD-B02,54.0,6,58.0,315.9
2024-01-12,PRD-B03,39.99,9,37.99,351.91
2024-01-12,PRD-B04,89.99,4,84.99,341.96
2024-01-12,PRD-S01,199.99,7,189.99,1399.93
2024-01-12,PRD-S02,29.99,20,32.99,590.8
2024-01-12,PRD-S03,149.99,3,139.99,449.97
2024-01-12,PRD-S04,49.99,1,47.99,49.99
2024-01-13,PRD-E01,149.99,12,144.99,1799.88
2024-01-13,PRD-E02,199.99,7,194.99,1299.93
2024-01-13,PRD-E03,249.99,2,239.0,499.98
2024-01-13,PRD-E04,59.99,7,54.99,413.93
2024-01-13,PRD-A01,64.99,15,62.0,968.35
2024-01-13,PRD-A02,119.99,4,114.99,467.96
2024-01-13,PRD-A03,44.99,23,47.99,1025.77
2024-01-13,PRD-A04,94.99,8,98.0,745.67
2024-01-13,PRD-H01,49.99,10,54.99,494.9
2024-01-13,PRD-H02,159.99,3,149.99,479.97
2024-01-13,PRD-H03,299.99,5,284.99,1499.95
2024-01-13,PRD-H04,129.99,2,124.99,246.98
2024-01-13,PRD-B01,38.0,20,42.0,739.1
2024-01-13,PRD-B02,54.0,8,58.0,432.0
2024-01-13,PRD-B03,39.99,13,37.99,507.87
2024-01-13,PRD-B04,89.99,4,84.99,359.96
2024-01-13,PRD-S01,199.99,7,189.99,1389.93
2024-01-13,PRD-S02,29.99,23,32.99,664.27
2024-01-13,PRD-S03,149.99,5,139.99,749.95
2024-01-13,PRD-S04,49.99,6,47.99,292.44
2024-01-14,PRD-E01,149.99,16,144.99,2294.84
2024-01-14,PRD-E02,199.99,16,194.99,3189.84
2024-01-14,PRD-E03,249.99,2,239.0,499.98
2024-01-14,PRD-E04,59.99,11,54.99,659.89
2024-01-14,PRD-A01,64.99,29,62.0,1793.71
2024-01-14,PRD-A02,119.99,6,114.99,707.94
2024-01-14,PRD-A03,44.99,6,47.99,267.69
2024-01-14,PRD-A04,94.99,7,98.0,660.18
2024-01-14,PRD-H01,49.99,5,54.99,249.95
2024-01-14,PRD-H02,159.99,3,149.99,431.97
2024-01-14,PRD-H03,299.99,1,284.99,299.99
2024-01-14,PRD-H04,129.99,5,124.99,649.95
2024-01-14,PRD-B01,38.0,12,42.0,452.2
2024-01-14,PRD-B02,54.0,11,58.0,594.0
2024-01-14,PRD-B03,39.99,11,37.99,435.89
2024-01-14,PRD-B04,89.99,3,84.99,269.97
2024-01-14,PRD-S01,199.99,13,189.99,2579.87
2024-01-14,PRD-S02,29.99,23,32.99,671.77
2024-01-14,PRD-S03,149.99,5,139.99,734.95
2024-01-14,PRD-S04,49.99,2,47.99,99.98
2024-01-15,PRD-E01,149.99,8,144.99,1192.42
2024-01-15,PRD-E02,207.99,15,194.99,3005.45
2024-01-15,PRD-E03,229.99,5,239.0,1126.95
2024-01-15,PRD-E04,55.19,10,54.99,546.38
2024-01-15,PRD-A01,67.59,9,62.0,608.31
2024-01-15,PRD-A02,119.99,1,114.99,119.99
2024-01-15,PRD-A03,44.99,23,47.99,1021.27
2024-01-15,PRD-A04,94.99,20,98.0,1876.05
2024-01-15,PRD-H01,49.99,13,54.99,649.87
2024-01-15,PRD-H02,151.99,10,149.99,1512.3
2024-01-15,PRD-H03,284.99,8,284.99,2279.92
2024-01-15,PRD-H04,129.99,4,124.99,480.96
2024-01-15,PRD-B01,36.1,8,42.0,287.0
2024-01-15,PRD-B02,47.52,7,58.0,316.0
2024-01-15,PRD-B03,36.79,16,37.99,586.8
2024-01-15,PRD-B04,89.99,1,84.99,85.49
2024-01-15,PRD-S01,207.99,2,189.99,415.98
2024-01-15,PRD-S02,31.19,7,32.99,216.77
2024-01-15,PRD-S03,149.99,1,139.99,149.99
2024-01-15,PRD-S04,49.99,5,47.99,249.95
2024-01-16,PRD-E01,149.99,9,144.99,1349.91
2024-01-16,PRD-E02,207.99,8,194.99,1663.92
2024-01-16,PRD-E03,229.99,1,239.0,229.99
2024-01-16,PRD-E04,55.19,2,54.99,110.38
2024-01-16,PRD-A01,67.59,7,62.0,469.75
2024-01-16,PRD-A02,119.99,3,114.99,359.97
2024-01-16,PRD-A03,44.99,7,47.99,305.93
2024-01-16,PRD-A04,94.99,1,98.0,94.99
2024-01-16,PRD-H01,49.99,6,54.99,299.94
2024-01-16,PRD-H02,151.99,3,149.99,455.97
2024-01-16,PRD-H03,284.99,2,284.99,569.98
2024-01-16,PRD-H04,129.99,1,124.99,129.99
2024-01-16,PRD-B01,36.1,6,42.0,209.39
2024-01-16,PRD-B02,47.52,23,58.0,1031.17
2024-01-16,PRD-B03,36.79,9,37.99,331.11
2024-01-16,PRD-B04,89.99,2,84.99,179.98
2024-01-16,PRD-S01,207.99,11,189.99,2225.49
2024-01-16,PRD-S02,31.19,20,32.99,614.44
2024-01-16,PRD-S03,149.99,0,139.99,0.0
2024-01-16,PRD-S04,49.99,6,47.99,287.44
2024-01-17,PRD-E01,149.99,14,144.99,2024.86
2024-01-17,PRD-E02,207.99,13,194.99,2693.47
2024-01-17,PRD-E03,229.99,1,239.0,229.99
2024-01-17,PRD-E04,55.19,6,54.99,331.14
2024-01-17,PRD-A01,67.59,8,62.0,540.72
2024-01-17,PRD-A02,119.99,2,114.99,239.98
2024-01-17,PRD-A03,44.99,10,47.99,445.4
2024-01-17,PRD-A04,94.99,6,98.0,527.19
2024-01-17,PRD-H01,49.99,7,54.99,349.93
2024-01-17,PRD-H02,151.99,5,149.99,759.95
2024-01-17,PRD-H03,284.99,0,284.99,0.0
2024-01-17,PRD-H04,129.99,6,124.99,779.94
2024-01-17,PRD-B01,36.1,19,42.0,680.49
2024-01-17,PRD-B02,47.52,9,58.0,427.68
2024-01-17,PRD-B03,36.79,11,37.99,404.69
2024-01-17,PRD-B04,89.99,1,84.99,89.99
2024-01-17,PRD-S01,207.99,17,189.99,3515.03
2024-01-17,PRD-S02,31.19,8,32.99,249.52
2024-01-17,PRD-S03,149.99,2,139.99,299.98
2024-01-17,PRD-S04,49.99,3,47.99,149.97
2024-01-18,PRD-E01,149.99,1,144.99,149.99
2024-01-18,PRD-E02,207.99,1,194.99,187.19
2024-01-18,PRD-E03,229.99,0,239.0,0.0
2024-01-18,PRD-E04,55.19,9,54.99,480.15
2024-01-18,PRD-A01,67.59,12,62.0,811.08
2024-01-18,PRD-A02,119.99,4,114.99,479.96
2024-01-18,PRD-A03,44.99,18,47.99,809.82
2024-01-18,PRD-A04,94.99,4,98.0,370.46
2024-01-18,PRD-H01,49.99,10,54.99,499.9
2024-01-18,PRD-H02,151.99,6,149.99,896.74
2024-01-18,PRD-H03,284.99,5,284.99,1367.95
2024-01-18,PRD-H04,129.99,4,124.99,467.96
2024-01-18,PRD-B01,36.1,7,42.0,250.9
2024-01-18,PRD-B02,47.52,10,58.0,470.45
2024-01-18,PRD-B03,36.79,4,37.99,143.48
2024-01-18,PRD-B04,89.99,4,84.99,359.96
2024-01-18,PRD-S01,207.99,3,189.99,551.17
2024-01-18,PRD-S02,31.19,19,32.99,572.33
2024-01-18,PRD-S03,149.99,6,139.99,869.94
2024-01-18,PRD-S04,49.99,16,47.99,734.84
2024-01-19,PRD-E01,149.99,9,144.99,1304.91
2024-01-19,PRD-E02,207.99,8,194.99,1632.72
2024-01-19,PRD-E03,229.99,2,239.0,459.98
2024-01-19,PRD-E04,55.19,11,54.99,607.09
2024-01-19,PRD-A01,67.59,12,62.0,794.18
2024-01-19,PRD-A02,119.99,5,114.99,599.95
2024-01-19,PRD-A03,44.99,19,47.99,832.31
2024-01-19,PRD-A04,94.99,3,98.0,280.22
2024-01-19,PRD-H01,49.99,19,54.99,924.81
2024-01-19,PRD-H02,151.99,4,149.99,607.96
2024-01-19,PRD-H03,284.99,3,284.99,812.22
2024-01-19,PRD-H04,129.99,3,124.99,389.97
2024-01-19,PRD-B01,36.1,16,42.0,563.16
2024-01-19,PRD-B02,47.52,7,58.0,332.64
2024-01-19,PRD-B03,36.79,10,37.99,358.7
2024-01-19,PRD-B04,89.99,6,84.99,539.94
2024-01-19,PRD-S01,207.99,4,189.99,811.16
2024-01-19,PRD-S02,31.19,20,32.99,614.44
2024-01-19,PRD-S03,149.99,2,139.99,299.98
2024-01-19,PRD-S04,49.99,3,47.99,149.97
2024-01-20,PRD-E01,149.99,10,144.99,1417.4
2024-01-20,PRD-E02,207.99,11,194.99,2267.09
2024-01-20,PRD-E03,229.99,9,239.0,2035.41
2024-01-20,PRD-E04,55.19,13,54.99,703.67
2024-01-20,PRD-A01,67.59,21,62.0,1409.25
2024-01-20,PRD-A02,119.99,1,114.99,113.99
2024-01-20,PRD-A03,44.99,14,47.99,609.61
2024-01-20,PRD-A04,94.99,4,98.0,375.21
2024-01-20,PRD-H01,49.99,7,54.99,347.43
2024-01-20,PRD-H02,151.99,6,149.99,866.34
2024-01-20,PRD-H03,284.99,3,284.99,797.97
2024-01-20,PRD-H04,129.99,3,124.99,389.97
2024-01-20,PRD-B01,36.1,6,42.0,216.6
2024-01-20,PRD-B02,47.52,17,58.0,800.71
2024-01-20,PRD-B03,36.79,13,37.99,472.75
2024-01-20,PRD-B04,89.99,2,84.99,170.98
2024-01-20,PRD-S01,207.99,10,189.99,2048.7
2024-01-20,PRD-S02,31.19,22,32.99,679.94
2024-01-20,PRD-S03,149.99,1,139.99,149.99
2024-01-20,PRD-S04,49.99,3,47.99,149.97
2024-01-21,PRD-E01,149.99,6,144.99,884.94
2024-01-21,PRD-E02,207.99,6,194.99,1247.94
2024-01-21,PRD-E03,229.99,10,239.0,2184.9
2024-01-21,PRD-E04,55.19,9,54.99,485.67
2024-01-21,PRD-A01,67.59,6,62.0,405.54
2024-01-21,PRD-A02,119.99,14,114.99,1649.86
2024-01-21,PRD-A03,44.99,13,47.99,575.87
2024-01-21,PRD-A04,94.99,2,98.0,180.48
2024-01-21,PRD-H01,49.99,2,54.99,99.98
2024-01-21,PRD-H02,151.99,3,149.99,448.37
2024-01-21,PRD-H03,284.99,3,284.99,854.97
2024-01-21,PRD-H04,129.99,6,124.99,779.94
2024-01-21,PRD-B01,36.1,12,42.0,431.4
2024-01-21,PRD-B02,47.52,10,58.0,475.2
2024-01-21,PRD-B03,36.79,20,37.99,710.04
2024-01-21,PRD-B04,89.99,2,84.99,179.98
2024-01-21,PRD-S01,207.99,16,189.99,3296.64
2024-01-21,PRD-S02,31.19,23,32.99,706.45
2024-01-21,PRD-S03,149.99,1,139.99,149.99
2024-01-21,PRD-S04,49.99,11,47.99,542.39
2024-01-22,PRD-E01,149.99,8,130.49,1199.92
2024-01-22,PRD-E02,207.99,5,185.24,1019.15
2024-01-22,PRD-E03,229.99,4,250.95,919.96
2024-01-22,PRD-E04,55.19,11,52.24,601.57
2024-01-22,PRD-A01,67.59,9,58.9,608.31
2024-01-22,PRD-A02,119.99,1,120.74,119.99
2024-01-22,PRD-A03,44.99,12,47.99,539.88
2024-01-22,PRD-A04,94.99,4,98.0,370.46
2024-01-22,PRD-H01,49.99,1,57.74,44.99
2024-01-22,PRD-H02,151.99,7,157.49,1003.13
2024-01-22,PRD-H03,284.99,3,299.24,854.97
2024-01-22,PRD-H04,129.99,5,118.74,649.95
2024-01-22,PRD-B01,36.1,14,37.8,498.18
2024-01-22,PRD-B02,47.52,3,62.64,142.56
2024-01-22,PRD-B03,36.79,10,36.09,364.22
2024-01-22,PRD-B04,89.99,12,91.79,1079.88
2024-01-22,PRD-S01,207.99,2,170.99,415.98
2024-01-22,PRD-S02,31.19,17,32.99,516.19
2024-01-22,PRD-S03,149.99,3,139.99,449.97
2024-01-22,PRD-S04,49.99,3,47.99,137.47
2024-01-23,PRD-E01,149.99,13,130.49,1949.87
2024-01-23,PRD-E02,207.99,11,185.24,2183.89
2024-01-23,PRD-E03,229.99,0,250.95,0.0
2024-01-23,PRD-E04,55.19,11,52.24,607.09
2024-01-23,PRD-A01,67.59,8,58.9,537.34
2024-01-23,PRD-A02,119.99,4,120.74,479.96
2024-01-23,PRD-A03,44.99,8,47.99,355.42
2024-01-23,PRD-A04,94.99,5,98.0,474.95
2024-01-23,PRD-H01,49.99,7,57.74,349.93
2024-01-23,PRD-H02,151.99,6,157.49,911.94
2024-01-23,PRD-H03,284.99,2,299.24,569.98
2024-01-23,PRD-H04,129.99,4,118.74,519.96
2024-01-23,PRD-B01,36.1,11,37.8,380.85
2024-01-23,PRD-B02,47.52,19,62.64,883.88
2024-01-23,PRD-B03,36.79,10,36.09,360.54
2024-01-23,PRD-B04,89.99,17,91.79,1525.33
2024-01-23,PRD-S01,207.99,0,170.99,0.0
2024-01-23,PRD-S02,31.19,34,32.99,1037.06
2024-01-23,PRD-S03,149.99,1,139.99,149.99
2024-01-23,PRD-S04,49.99,5,47.99,244.95
2024-01-24,PRD-E01,149.99,3,130.49,434.97
2024-01-24,PRD-E02,207.99,10,185.24,2079.9
2024-01-24,PRD-E03,229.99,9,250.95,2069.91
2024-01-24,PRD-E04,55.19,8,52.24,405.64
2024-01-24,PRD-A01,67.59,8,58.9,540.72
2024-01-24,PRD-A02,119.99,6,120.74,707.94
2024-01-24,PRD-A03,44.99,18,47.99,807.57
2024-01-24,PRD-A04,94.99,6,98.0,569.94
2024-01-24,PRD-H01,49.99,11,57.74,544.89
2024-01-24,PRD-H02,151.99,3,157.49,455.97
2024-01-24,PRD-H03,284.99,0,299.24,0.0
2024-01-24,PRD-H04,129.99,4,118.74,519.96
2024-01-24,PRD-B01,36.1,12,37.8,407.94
2024-01-24,PRD-B02,47.52,3,62.64,142.56
2024-01-24,PRD-B03,36.79,12,36.09,435.96
2024-01-24,PRD-B04,89.99,1,91.79,89.99
2024-01-24,PRD-S01,207.99,15,170.99,3047.05
2024-01-24,PRD-S02,31.19,16,32.99,495.92
2024-01-24,PRD-S03,149.99,7,139.99,1049.93
2024-01-24,PRD-S04,49.99,14,47.99,674.86
2024-01-25,PRD-E01,149.99,6,130.49,899.94
2024-01-25,PRD-E02,207.99,13,185.24,2558.27
2024-01-25,PRD-E03,229.99,11,250.95,2529.89
2024-01-25,PRD-E04,55.19,3,52.24,165.57
2024-01-25,PRD-A01,67.59,6,58.9,405.54
2024-01-25,PRD-A02,119.99,2,120.74,239.98
2024-01-25,PRD-A03,44.99,10,47.99,445.4
2024-01-25,PRD-A04,94.99,2,98.0,189.98
2024-01-25,PRD-H01,49.99,8,57.74,399.92
2024-01-25,PRD-H02,151.99,7,157.49,1048.73
2024-01-25,PRD-H03,284.99,2,299.24,541.48
2024-01-25,PRD-H04,129.99,4,118.74,480.96
2024-01-25,PRD-B01,36.1,3,37.8,104.69
2024-01-25,PRD-B02,47.52,12,62.64,560.73
2024-01-25,PRD-B03,36.79,15,36.09,551.85
2024-01-25,PRD-B04,89.99,5,91.79,431.95
2024-01-25,PRD-S01,207.99,1,170.99,207.99
2024-01-25,PRD-S02,31.19,13,32.99,397.67
2024-01-25,PRD-S03,149.99,0,139.99,0.0
2024-01-25,PRD-S04,49.99,1,47.99,49.99
2024-01-26,PRD-E01,149.99,15,130.49,2099.85
2024-01-26,PRD-E02,207.99,8,185.24,1622.32
2024-01-26,PRD-E03,229.99,2,250.95,459.98
2024-01-26,PRD-E04,55.19,5,52.24,275.95
2024-01-26,PRD-A01,67.59,7,58.9,446.09
2024-01-26,PRD-A02,119.99,25,120.74,2957.75
2024-01-26,PRD-A03,44.99,4,47.99,173.21
2024-01-26,PRD-A04,94.99,3,98.0,284.97
2024-01-26,PRD-H01,49.99,6,57.74,299.94
2024-01-26,PRD-H02,151.99,10,157.49,1512.3
2024-01-26,PRD-H03,284.99,4,299.24,1082.96
2024-01-26,PRD-H04,129.99,2,118.74,259.98
2024-01-26,PRD-B01,36.1,7,37.8,252.7
2024-01-26,PRD-B02,47.52,23,62.64,1035.95
2024-01-26,PRD-B03,36.79,26,36.09,941.82
2024-01-26,PRD-B04,89.99,1,91.79,89.99
2024-01-26,PRD-S01,207.99,2,170.99,415.98
2024-01-26,PRD-S02,31.19,12,32.99,369.6
2024-01-26,PRD-S03,149.99,3,139.99,449.97
2024-01-26,PRD-S04,49.99,6,47.99,299.94
2024-01-27,PRD-E01,149.99,3,130.49,449.97
2024-01-27,PRD-E02,207.99,20,185.24,4045.4
2024-01-27,PRD-E03,229.99,5,250.95,1149.95
2024-01-27,PRD-E04,55.19,8,52.24,419.44
2024-01-27,PRD-A01,67.59,12,58.9,770.52
2024-01-27,PRD-A02,119.99,7,120.74,821.93
2024-01-27,PRD-A03,44.99,11,47.99,492.64
2024-01-27,PRD-A04,94.99,9,98.0,816.91
2024-01-27,PRD-H01,49.99,8,57.74,399.92
2024-01-27,PRD-H02,151.99,3,157.49,455.97
2024-01-27,PRD-H03,284.99,6,299.24,1709.94
2024-01-27,PRD-H04,129.99,3,118.74,389.97
2024-01-27,PRD-B01,36.1,7,37.8,249.1
2024-01-27,PRD-B02,47.52,12,62.64,555.98
2024-01-27,PRD-B03,36.79,35,36.09,1267.41
2024-01-27,PRD-B04,89.99,3,91.79,269.97
2024-01-27,PRD-S01,207.99,19,170.99,3899.81
2024-01-27,PRD-S02,31.19,20,32.99,598.84
2024-01-27,PRD-S03,149.99,13,139.99,1949.87
2024-01-27,PRD-S04,49.99,2,47.99,99.98
2024-01-28,PRD-E01,149.99,7,130.49,1049.93
2024-01-28,PRD-E02,207.99,6,185.24,1237.54
2024-01-28,PRD-E03,229.99,1,250.95,229.99
2024-01-28,PRD-E04,55.19,4,52.24,212.48
2024-01-28,PRD-A01,67.59,5,58.9,334.57
2024-01-28,PRD-A02,119.99,8,120.74,947.92
2024-01-28,PRD-A03,44.99,22,47.99,960.53
2024-01-28,PRD-A04,94.99,5,98.0,474.95
2024-01-28,PRD-H01,49.99,9,57.74,429.91
2024-01-28,PRD-H02,151.99,2,157.49,303.98
2024-01-28,PRD-H03,284.99,0,299.24,0.0
2024-01-28,PRD-H04,129.99,16,118.74,2066.84
2024-01-28,PRD-B01,36.1,15,37.8,539.7
2024-01-28,PRD-B02,47.52,27,62.64,1218.9
2024-01-28,PRD-B03,36.79,21,36.09,768.91
2024-01-28,PRD-B04,89.99,11,91.79,980.89
2024-01-28,PRD-S01,207.99,11,170.99,2277.49
2024-01-28,PRD-S02,31.19,19,32.99,573.89
2024-01-28,PRD-S03,149.99,3,139.99,449.97
2024-01-28,PRD-S04,49.99,4,47.99,194.96
2024-01-29,PRD-E01,149.99,6,130.49,899.94
2024-01-29,PRD-E02,175.99,7,185.24,1187.93
2024-01-29,PRD-E03,229.99,4,250.95,919.96
2024-01-29,PRD-E04,55.19,8,52.24,441.52
2024-01-29,PRD-A01,70.19,4,58.9,280.76
2024-01-29,PRD-A02,119.99,4,120.74,461.96
2024-01-29,PRD-A03,39.59,11,47.99,429.55
2024-01-29,PRD-A04,98.79,3,98.0,286.49
2024-01-29,PRD-H01,49.99,9,57.74,447.41
2024-01-29,PRD-H02,172.79,6,157.49,1036.74
2024-01-29,PRD-H03,263.99,2,299.24,527.98
2024-01-29,PRD-H04,119.59,14,118.74,1632.4
2024-01-29,PRD-B01,38.0,9,37.8,338.2
2024-01-29,PRD-B02,51.3,5,62.64,246.23
2024-01-29,PRD-B03,36.79,9,36.09,320.07
2024-01-29,PRD-B04,82.79,6,91.79,447.06
2024-01-29,PRD-S01,215.99,2,170.99,431.98
2024-01-29,PRD-S02,31.19,26,32.99,804.7
2024-01-29,PRD-S03,149.99,3,139.99,442.47
2024-01-29,PRD-S04,49.99,7,47.99,349.93
2024-01-30,PRD-E01,149.99,5,130.49,749.95
2024-01-30,PRD-E02,175.99,12,185.24,2050.28
2024-01-30,PRD-E03,229.99,6,250.95,1264.94
2024-01-30,PRD-E04,55.19,1,52.24,55.19
2024-01-30,PRD-A01,70.19,15,58.9,1052.85
2024-01-30,PRD-A02,119.99,5,120.74,599.95
2024-01-30,PRD-A03,39.59,13,47.99,514.67
2024-01-30,PRD-A04,98.79,12,98.0,1160.78
2024-01-30,PRD-H01,49.99,4,57.74,194.96
2024-01-30,PRD-H02,172.79,3,157.49,518.37
2024-01-30,PRD-H03,263.99,2,299.24,501.58
2024-01-30,PRD-H04,119.59,10,118.74,1195.9
2024-01-30,PRD-B01,38.0,17,37.8,642.2
2024-01-30,PRD-B02,51.3,16,62.64,815.67
2024-01-30,PRD-B03,36.79,5,36.09,176.59
2024-01-30,PRD-B04,82.79,3,91.79,227.67
2024-01-30,PRD-S01,215.99,12,170.99,2537.88
2024-01-30,PRD-S02,31.19,16,32.99,480.32
2024-01-30,PRD-S03,149.99,2,139.99,284.98
2024-01-30,PRD-S04,49.99,4,47.99,199.96
2024-01-31,PRD-E01,149.99,13,130.49,1874.87
2024-01-31,PRD-E02,175.99,12,185.24,2111.88
2024-01-31,PRD-E03,229.99,2,250.95,459.98
2024-01-31,PRD-E04,55.19,11,52.24,587.77
2024-01-31,PRD-A01,70.19,5,58.9,350.95
2024-01-31,PRD-A02,119.99,3,120.74,347.97
2024-01-31,PRD-A03,39.59,20,47.99,779.92
2024-01-31,PRD-A04,98.79,5,98.0,493.95
2024-01-31,PRD-H01,49.99,10,57.74,492.4
2024-01-31,PRD-H02,172.79,5,157.49,863.95
2024-01-31,PRD-H03,263.99,8,299.24,2111.92
2024-01-31,PRD-H04,119.59,2,118.74,239.18
2024-01-31,PRD-B01,38.0,14,37.8,530.1
2024-01-31,PRD-B02,51.3,18,62.64,918.27
2024-01-31,PRD-B03,36.79,9,36.09,331.11
2024-01-31,PRD-B04,82.79,11,91.79,910.69
2024-01-31,PRD-S01,215.99,6,170.99,1274.34
2024-01-31,PRD-S02,31.19,22,32.99,683.06
2024-01-31,PRD-S03,149.99,9,139.99,1342.41
2024-01-31,PRD-S04,49.99,8,47.99,392.42
2024-02-01,PRD-E01,149.99,5,130.49,727.45
2024-02-01,PRD-E02,175.99,9,185.24,1583.91
2024-02-01,PRD-E03,229.99,6,250.95,1368.44
2024-02-01,PRD-E04,55.19,8,52.24,413.92
2024-02-01,PRD-A01,70.19,9,58.9,617.67
2024-02-01,PRD-A02,119.99,2,120.74,239.98
2024-02-01,PRD-A03,39.59,22,47.99,851.18
2024-02-01,PRD-A04,98.79,3,98.0,296.37
2024-02-01,PRD-H01,49.99,13,57.74,649.87
2024-02-01,PRD-H02,172.79,1,157.49,164.15
2024-02-01,PRD-H03,263.99,9,299.24,2375.91
2024-02-01,PRD-H04,119.59,1,118.74,119.59
2024-02-01,PRD-B01,38.0,13,37.8,478.8
2024-02-01,PRD-B02,51.3,14,62.64,718.2
2024-02-01,PRD-B03,36.79,9,36.09,331.11
2024-02-01,PRD-B04,82.79,5,91.79,409.81
2024-02-01,PRD-S01,215.99,10,170.99,2159.9
2024-02-01,PRD-S02,31.19,14,32.99,435.1
2024-02-01,PRD-S03,149.99,3,139.99,449.97
2024-02-01,PRD-S04,49.99,4,47.99,197.46
2024-02-02,PRD-E01,149.99,1,130.49,142.49
2024-02-02,PRD-E02,175.99,8,185.24,1355.12
2024-02-02,PRD-E03,229.99,3,250.95,689.97
2024-02-02,PRD-E04,55.19,5,52.24,275.95
2024-02-02,PRD-A01,70.19,8,58.9,561.52
2024-02-02,PRD-A02,119.99,1,120.74,119.99
2024-02-02,PRD-A03,39.59,10,47.99,389.96
2024-02-02,PRD-A04,98.79,1,98.0,79.03
2024-02-02,PRD-H01,49.99,8,57.74,394.92
2024-02-02,PRD-H02,172.79,2,157.49,319.66
2024-02-02,PRD-H03,263.99,3,299.24,791.97
2024-02-02,PRD-H04,119.59,6,118.74,657.74
2024-02-02,PRD-B01,38.0,12,37.8,427.5
2024-02-02,PRD-B02,51.3,14,62.64,718.2
2024-02-02,PRD-B03,36.79,11,36.09,404.69
2024-02-02,PRD-B04,82.79,9,91.79,745.11
2024-02-02,PRD-S01,215.99,6,170.99,1295.94
2024-02-02,PRD-S02,31.19,12,32.99,372.72
2024-02-02,PRD-S03,149.99,1,139.99,127.49
2024-02-02,PRD-S04,49.99,5,47.99,249.95
2024-02-03,PRD-E01,149.99,4,130.49,599.96
2024-02-03,PRD-E02,175.99,8,185.24,1407.92
2024-02-03,PRD-E03,229.99,5,250.95,1149.95
2024-02-03,PRD-E04,55.19,4,52.24,220.76
2024-02-03,PRD-A01,70.19,6,58.9,410.61
2024-02-03,PRD-A02,119.99,3,120.74,353.97
2024-02-03,PRD-A03,39.59,20,47.99,791.8
2024-02-03,PRD-A04,98.79,6,98.0,592.74
2024-02-03,PRD-H01,49.99,5,57.74,247.45
2024-02-03,PRD-H02,172.79,6,157.49,1019.46
2024-02-03,PRD-H03,263.99,0,299.24,0.0
2024-02-03,PRD-H04,119.59,3,118.74,346.81
2024-02-03,PRD-B01,38.0,21,37.8,771.4
2024-02-03,PRD-B02,51.3,15,62.64,754.1
2024-02-03,PRD-B03,36.79,20,36.09,730.28
2024-02-03,PRD-B04,82.79,19,91.79,1539.89
2024-02-03,PRD-S01,215.99,6,170.99,1263.54
2024-02-03,PRD-S02,31.19,17,32.99,520.87
2024-02-03,PRD-S03,149.99,1,139.99,149.99
2024-02-03,PRD-S04,49.99,3,47.99,144.97
2024-02-04,PRD-E01,149.99,4,130.49,592.46
2024-02-04,PRD-E02,175.99,8,185.24,1372.72
2024-02-04,PRD-E03,229.99,3,250.95,689.97
2024-02-04,PRD-E04,55.19,11,52.24,596.05
2024-02-04,PRD-A01,70.19,14,58.9,968.62
2024-02-04,PRD-A02,119.99,7,120.74,839.93
2024-02-04,PRD-A03,39.59,20,47.99,779.92
2024-02-04,PRD-A04,98.79,0,98.0,0.0
2024-02-04,PRD-H01,49.99,2,57.74,99.98
2024-02-04,PRD-H02,172.79,1,157.49,172.79
2024-02-04,PRD-H03,263.99,2,299.24,527.98
2024-02-04,PRD-H04,119.59,4,118.74,472.38
2024-02-04,PRD-B01,38.0,12,37.8,446.5
2024-02-04,PRD-B02,51.3,15,62.64,746.37
2024-02-04,PRD-B03,36.79,23,36.09,833.29
2024-02-04,PRD-B04,82.79,4,91.79,314.6
2024-02-04,PRD-S01,215.99,5,170.99,1079.95
2024-02-04,PRD-S02,31.19,23,32.99,717.37
2024-02-04,PRD-S03,149.99,5,139.99,749.95
2024-02-04,PRD-S04,49.99,17,47.99,849.83
2024-02-05,PRD-E01,149.99,3,130.49,449.97
2024-02-05,PRD-E02,175.99,13,185.24,2252.67
2024-02-05,PRD-E03,229.99,6,250.95,1379.94
2024-02-05,PRD-E04,55.19,3,52.24,165.57
2024-02-05,PRD-A01,70.19,7,58.9,477.29
2024-02-05,PRD-A02,119.99,2,120.74,239.98
2024-02-05,PRD-A03,39.59,10,47.99,393.92
2024-02-05,PRD-A04,98.79,10,98.0,973.08
2024-02-05,PRD-H01,49.99,9,57.74,447.41
2024-02-05,PRD-H02,172.79,13,157.49,2246.27
2024-02-05,PRD-H03,263.99,4,299.24,1042.76
2024-02-05,PRD-H04,119.59,11,118.74,1303.53
2024-02-05,PRD-B01,38.0,18,37.8,680.2
2024-02-05,PRD-B02,51.3,4,62.64,194.94
2024-02-05,PRD-B03,36.79,8,36.09,288.8
2024-02-05,PRD-B04,82.79,3,91.79,244.23
2024-02-05,PRD-S01,215.99,4,170.99,820.76
2024-02-05,PRD-S02,31.19,14,32.99,422.62
2024-02-05,PRD-S03,149.99,2,139.99,299.98
2024-02-05,PRD-S04,49.99,0,47.99,0.0
2024-02-06,PRD-E01,149.99,4,130.49,599.96
2024-02-06,PRD-E02,175.99,11,185.24,1918.29
2024-02-06,PRD-E03,229.99,3,250.95,689.97
2024-02-06,PRD-E04,55.19,12,52.24,651.24
2024-02-06,PRD-A01,70.19,11,58.9,765.07
2024-02-06,PRD-A02,119.99,9,120.74,1079.91
2024-02-06,PRD-A03,39.59,15,47.99,578.01
2024-02-06,PRD-A04,98.79,3,98.0,281.55
2024-02-06,PRD-H01,49.99,4,57.74,199.96
2024-02-06,PRD-H02,172.79,3,157.49,518.37
2024-02-06,PRD-H03,263.99,3,299.24,791.97
2024-02-06,PRD-H04,119.59,3,118.74,334.85
2024-02-06,PRD-B01,38.0,7,37.8,266.0
2024-02-06,PRD-B02,51.3,18,62.64,910.55
2024-02-06,PRD-B03,36.79,18,36.09,656.7
2024-02-06,PRD-B04,82.79,3,91.79,231.81
2024-02-06,PRD-S01,215.99,1,170.99,215.99
2024-02-06,PRD-S02,31.19,17,32.99,523.99
2024-02-06,PRD-S03,149.99,3,139.99,419.97
2024-02-06,PRD-S04,49.99,5,47.99,247.45
2024-02-07,PRD-E01,149.99,7,130.49,1034.93
2024-02-07,PRD-E02,175.99,2,185.24,351.98
2024-02-07,PRD-E03,229.99,5,250.95,1149.95
2024-02-07,PRD-E04,55.19,5,52.24,275.95
2024-02-07,PRD-A01,70.19,7,58.9,491.33
2024-02-07,PRD-A02,119.99,4,120.74,479.96
2024-02-07,PRD-A03,39.59,4,47.99,156.38
2024-02-07,PRD-A04,98.79,2,98.0,197.58
2024-02-07,PRD-H01,49.99,15,57.74,744.85
2024-02-07,PRD-H02,172.79,4,157.49,691.16
2024-02-07,PRD-H03,263.99,1,299.24,263.99
2024-02-07,PRD-H04,119.59,5,118.74,597.95
2024-02-07,PRD-B01,38.0,10,37.8,374.3
2024-02-07,PRD-B02,51.3,13,62.64,666.9
2024-02-07,PRD-B03,36.79,10,36.09,356.86
2024-02-07,PRD-B04,82.79,5,91.79,397.39
2024-02-07,PRD-S01,215.99,8,170.99,1727.92
2024-02-07,PRD-S02,31.19,13,32.99,391.43
2024-02-07,PRD-S03,149.99,5,139.99,734.95
2024-02-07,PRD-S04,49.99,0,47.99,0.0
2024-02-08,PRD-E01,149.99,1,130.49,119.99
2024-02-08,PRD-E02,175.99,13,185.24,2235.07
2024-02-08,PRD-E03,229.99,2,250.95,413.98
2024-02-08,PRD-E04,55.19,13,52.24,717.47
2024-02-08,PRD-A01,70.19,8,58.9,561.52
2024-02-08,PRD-A02,119.99,16,120.74,1907.84
2024-02-08,PRD-A03,39.59,5,47.99,197.95
2024-02-08,PRD-A04,98.79,3,98.0,296.37
2024-02-08,PRD-H01,49.99,7,57.74,342.43
2024-02-08,PRD-H02,172.79,2,157.49,345.58
2024-02-08,PRD-H03,263.99,1,299.24,263.99
2024-02-08,PRD-H04,119.59,6,118.74,711.56
2024-02-08,PRD-B01,38.0,20,37.8,760.0
2024-02-08,PRD-B02,51.3,4,62.64,189.8
2024-02-08,PRD-B03,36.79,13,36.09,467.23
2024-02-08,PRD-B04,82.79,6,91.79,430.5
2024-02-08,PRD-S01,215.99,3,170.99,647.97
2024-02-08,PRD-S02,31.19,8,32.99,249.52
2024-02-08,PRD-S03,149.99,4,139.99,554.96
2024-02-08,PRD-S04,49.99,7,47.99,334.93
2024-02-09,PRD-E01,149.99,2,130.49,299.98
2024-02-09,PRD-E02,175.99,3,185.24,527.97
2024-02-09,PRD-E03,229.99,3,250.95,655.47
2024-02-09,PRD-E04,55.19,5,52.24,275.95
2024-02-09,PRD-A01,70.19,2,58.9,133.36
2024-02-09,PRD-A02,119.99,4,120.74,467.96
2024-02-09,PRD-A03,39.59,10,47.99,391.94
2024-02-09,PRD-A04,98.79,0,98.0,0.0
2024-02-09,PRD-H01,49.99,5,57.74,247.45
2024-02-09,PRD-H02,172.79,3,157.49,518.37
2024-02-09,PRD-H03,263.99,3,299.24,752.37
2024-02-09,PRD-H04,119.59,1,118.74,119.59
2024-02-09,PRD-B01,38.0,9,37.8,326.8
2024-02-09,PRD-B02,51.3,14,62.64,710.49
2024-02-09,PRD-B03,36.79,9,36.09,331.11
2024-02-09,PRD-B04,82.79,3,91.79,240.09
2024-02-09,PRD-S01,215.99,4,170.99,863.96
2024-02-09,PRD-S02,31.19,24,32.99,737.64
2024-02-09,PRD-S03,149.99,5,139.99,749.95
2024-02-09,PRD-S04,49.99,5,47.99,249.95
2024-02-10,PRD-E01,149.99,5,130.49,749.95
2024-02-10,PRD-E02,175.99,11,185.24,1891.89
2024-02-10,PRD-E03,229.99,13,250.95,2736.87
2024-02-10,PRD-E04,55.19,6,52.24,328.38
2024-02-10,PRD-A01,70.19,12,58.9,842.28
2024-02-10,PRD-A02,119.99,9,120.74,1079.91
2024-02-10,PRD-A03,39.59,8,47.99,316.72
2024-02-10,PRD-A04,98.79,2,98.0,182.76
2024-02-10,PRD-H01,49.99,5,57.74,244.95
2024-02-10,PRD-H02,172.79,9,157.49,1503.27
2024-02-10,PRD-H03,263.99,1,299.24,263.99
2024-02-10,PRD-H04,119.59,7,118.74,837.13
2024-02-10,PRD-B01,38.0,13,37.8,482.6
2024-02-10,PRD-B02,51.3,12,62.64,613.03
2024-02-10,PRD-B03,36.79,16,36.09,588.64
2024-02-10,PRD-B04,82.79,1,91.79,82.79
2024-02-10,PRD-S01,215.99,4,170.99,863.96
2024-02-10,PRD-S02,31.19,33,32.99,1013.67
2024-02-10,PRD-S03,149.99,0,139.99,0.0
2024-02-10,PRD-S04,49.99,10,47.99,494.9
2024-02-11,PRD-E01,149.99,3,130.49,404.97
2024-02-11,PRD-E02,175.99,8,185.24,1355.12
2024-02-11,PRD-E03,229.99,3,250.95,689.97
2024-02-11,PRD-E04,55.19,3,52.24,165.57
2024-02-11,PRD-A01,70.19,7,58.9,491.33
2024-02-11,PRD-A02,119.99,4,120.74,443.96
2024-02-11,PRD-A03,39.59,30,47.99,1169.88
2024-02-11,PRD-A04,98.79,10,98.0,973.08
2024-02-11,PRD-H01,49.99,6,57.74,297.44
2024-02-11,PRD-H02,172.79,3,157.49,518.37
2024-02-11,PRD-H03,263.99,2,299.24,527.98
2024-02-11,PRD-H04,119.59,6,118.74,717.54
2024-02-11,PRD-B01,38.0,21,37.8,782.8
2024-02-11,PRD-B02,51.3,11,62.64,564.3
2024-02-11,PRD-B03,36.79,12,36.09,434.12
2024-02-11,PRD-B04,82.79,3,91.79,248.37
2024-02-11,PRD-S01,215.99,2,170.99,431.98
2024-02-11,PRD-S02,31.19,21,32.99,631.59
2024-02-11,PRD-S03,149.99,2,139.99,299.98
2024-02-11,PRD-S04,49.99,2,47.99,99.98
2024-02-12,PRD-E01,161.99,2,152.24,323.98
2024-02-12,PRD-E02,199.99,14,204.74,2739.86
2024-02-12,PRD-E03,259.99,11,258.12,2716.89
2024-02-12,PRD-E04,55.19,0,54.99,0.0
2024-02-12,PRD-A01,59.79,20,62.0,1171.88
2024-02-12,PRD-A02,124.79,6,124.19,730.02
2024-02-12,PRD-A03,46.79,9,45.59,414.09
2024-02-12,PRD-A04,90.24,8,93.1,708.39
2024-02-12,PRD-H01,53.99,3,52.24,161.97
2024-02-12,PRD-H02,166.39,4,157.49,665.56
2024-02-12,PRD-H03,311.99,3,256.49,873.57
2024-02-12,PRD-H04,129.99,8,134.99,1039.92
2024-02-12,PRD-B01,41.04,14,42.0,570.46
2024-02-12,PRD-B02,54.0,10,55.1,540.0
2024-02-12,PRD-B03,39.99,11,36.09,427.89
2024-02-12,PRD-B04,79.19,10,84.99,783.98
2024-02-12,PRD-S01,215.99,3,170.99,647.97
2024-02-12,PRD-S02,29.99,9,29.69,269.91
2024-02-12,PRD-S03,155.99,5,132.99,764.35
2024-02-12,PRD-S04,45.99,4,51.83,183.96
2024-02-13,PRD-E01,161.99,5,152.24,809.95
2024-02-13,PRD-E02,199.99,6,204.74,1149.94
2024-02-13,PRD-E03,259.99,0,258.12,0.0
2024-02-13,PRD-E04,55.19,3,54.99,165.57
2024-02-13,PRD-A01,59.79,20,62.0,1189.82
2024-02-13,PRD-A02,124.79,3,124.19,374.37
2024-02-13,PRD-A03,46.79,17,45.59,788.41
2024-02-13,PRD-A04,90.24,2,93.1,180.48
2024-02-13,PRD-H01,53.99,2,52.24,107.98
2024-02-13,PRD-H02,166.39,7,157.49,1164.73
2024-02-13,PRD-H03,311.99,0,256.49,0.0
2024-02-13,PRD-H04,129.99,11,134.99,1410.39
2024-02-13,PRD-B01,41.04,4,42.0,160.06
2024-02-13,PRD-B02,54.0,7,55.1,369.9
2024-02-13,PRD-B03,39.99,9,36.09,355.91
2024-02-13,PRD-B04,79.19,1,84.99,75.23
2024-02-13,PRD-S01,215.99,0,170.99,0.0
2024-02-13,PRD-S02,29.99,8,29.69,239.92
2024-02-13,PRD-S03,155.99,3,132.99,467.97
2024-02-13,PRD-S04,45.99,5,51.83,229.95
2024-02-14,PRD-E01,161.99,2,152.24,299.68
2024-02-14,PRD-E02,199.99,10,204.74,1999.9
2024-02-14,PRD-E03,259.99,1,258.12,246.99
2024-02-14,PRD-E04,55.19,0,54.99,0.0
2024-02-14,PRD-A01,59.79,11,62.0,657.69
2024-02-14,PRD-A02,124.79,6,124.19,711.3
2024-02-14,PRD-A03,46.79,11,45.59,514.69
2024-02-14,PRD-A04,90.24,3,93.1,270.72
2024-02-14,PRD-H01,53.99,3,52.24,161.97
2024-02-14,PRD-H02,166.39,2,157.49,324.46
2024-02-14,PRD-H03,311.99,1,256.49,311.99
2024-02-14,PRD-H04,129.99,6,134.99,773.44
2024-02-14,PRD-B01,41.04,4,42.0,164.16
2024-02-14,PRD-B02,54.0,8,55.1,415.8
2024-02-14,PRD-B03,39.99,17,36.09,677.83
2024-02-14,PRD-B04,79.19,3,84.99,233.61
2024-02-14,PRD-S01,215.99,2,170.99,410.38
2024-02-14,PRD-S02,29.99,20,29.69,595.3
2024-02-14,PRD-S03,155.99,1,132.99,155.99
2024-02-14,PRD-S04,45.99,6,51.83,275.94
2024-02-15,PRD-E01,161.99,13,152.24,2105.87
2024-02-15,PRD-E02,199.99,3,204.74,599.97
2024-02-15,PRD-E03,259.99,4,258.12,1000.96
2024-02-15,PRD-E04,55.19,7,54.99,369.77
2024-02-15,PRD-A01,59.79,14,62.0,810.15
2024-02-15,PRD-A02,124.79,1,124.19,124.79
2024-02-15,PRD-A03,46.79,13,45.59,608.27
2024-02-15,PRD-A04,90.24,1,93.1,90.24
2024-02-15,PRD-H01,53.99,2,52.24,99.88
2024-02-15,PRD-H02,166.39,1,157.49,166.39
2024-02-15,PRD-H03,311.99,4,256.49,1216.76
2024-02-15,PRD-H04,129.99,1,134.99,129.99
2024-02-15,PRD-B01,41.04,17,42.0,693.58
2024-02-15,PRD-B02,54.0,5,55.1,270.0
2024-02-15,PRD-B03,39.99,9,36.09,359.91
2024-02-15,PRD-B04,79.19,10,84.99,787.94
2024-02-15,PRD-S01,215.99,7,170.99,1479.53
2024-02-15,PRD-S02,29.99,12,29.69,346.38
2024-02-15,PRD-S03,155.99,1,132.99,155.99
2024-02-15,PRD-S04,45.99,4,51.83,179.36
2024-02-16,PRD-E01,161.99,0,152.24,0.0
2024-02-16,PRD-E02,199.99,1,204.74,199.99
2024-02-16,PRD-E03,259.99,3,258.12,779.97
2024-02-16,PRD-E04,55.19,6,54.99,325.62
2024-02-16,PRD-A01,59.79,7,62.0,418.53
2024-02-16,PRD-A02,124.79,6,124.19,748.74
2024-02-16,PRD-A03,46.79,14,45.59,605.92
2024-02-16,PRD-A04,90.24,6,93.1,541.44
2024-02-16,PRD-H01,53.99,6,52.24,323.94
2024-02-16,PRD-H02,166.39,1,157.49,166.39
2024-02-16,PRD-H03,311.99,1,256.49,280.79
2024-02-16,PRD-H04,129.99,5,134.99,649.95
2024-02-16,PRD-B01,41.04,11,42.0,451.44
2024-02-16,PRD-B02,54.0,19,55.1,1015.2
2024-02-16,PRD-B03,39.99,18,36.09,685.82
2024-02-16,PRD-B04,79.19,11,84.99,871.09
2024-02-16,PRD-S01,215.99,8,170.99,1717.12
2024-02-16,PRD-S02,29.99,14,29.69,415.36
2024-02-16,PRD-S03,155.99,4,132.99,592.76
2024-02-16,PRD-S04,45.99,5,51.83,229.95
2024-02-17,PRD-E01,161.99,3,152.24,485.97
2024-02-17,PRD-E02,199.99,4,204.74,799.96
2024-02-17,PRD-E03,259.99,3,258.12,766.97
2024-02-17,PRD-E04,55.19,4,54.99,220.76
2024-02-17,PRD-A01,59.79,14,62.0,837.06
2024-02-17,PRD-A02,124.79,4,124.19,499.16
2024-02-17,PRD-A03,46.79,9,45.59,414.09
2024-02-17,PRD-A04,90.24,4,93.1,360.96
2024-02-17,PRD-H01,53.99,4,52.24,215.96
2024-02-17,PRD-H02,166.39,9,157.49,1497.51
2024-02-17,PRD-H03,311.99,1,256.49,311.99
2024-02-17,PRD-H04,129.99,3,134.99,389.97
2024-02-17,PRD-B01,41.04,7,42.0,287.28
2024-02-17,PRD-B02,54.0,8,55.1,432.0
2024-02-17,PRD-B03,39.99,19,36.09,753.81
2024-02-17,PRD-B04,79.19,8,84.99,601.84
2024-02-17,PRD-S01,215.99,0,170.99,0.0
2024-02-17,PRD-S02,29.99,22,29.69,659.78
2024-02-17,PRD-S03,155.99,3,132.99,467.97
2024-02-17,PRD-S04,45.99,3,51.83,135.67
2024-02-18,PRD-E01,161.99,8,152.24,1255.42
2024-02-18,PRD-E02,199.99,4,204.74,799.96
2024-02-18,PRD-E03,259.99,1,258.12,220.99
2024-02-18,PRD-E04,55.19,7,54.99,386.33
2024-02-18,PRD-A01,59.79,15,62.0,875.92
2024-02-18,PRD-A02,124.79,3,124.19,374.37
2024-02-18,PRD-A03,46.79,13,45.59,594.23
2024-02-18,PRD-A04,90.24,2,93.1,175.97
2024-02-18,PRD-H01,53.99,3,52.24,161.97
2024-02-18,PRD-H02,166.39,0,157.49,0.0
2024-02-18,PRD-H03,311.99,0,256.49,0.0
2024-02-18,PRD-H04,129.99,4,134.99,519.96
2024-02-18,PRD-B01,41.04,11,42.0,443.24
2024-02-18,PRD-B02,54.0,7,55.1,375.3
2024-02-18,PRD-B03,39.99,11,36.09,433.89
2024-02-18,PRD-B04,79.19,4,84.99,308.84
2024-02-18,PRD-S01,215.99,2,170.99,431.98
2024-02-18,PRD-S02,29.99,9,29.69,262.41
2024-02-18,PRD-S03,155.99,3,132.99,467.97
2024-02-18,PRD-S04,45.99,7,51.83,321.93
2024-02-19,PRD-E01,161.99,0,152.24,0.0
2024-02-19,PRD-E02,199.99,13,204.74,2569.87
2024-02-19,PRD-E03,259.99,4,258.12,1039.96
2024-02-19,PRD-E04,55.19,7,54.99,380.81
2024-02-19,PRD-A01,59.79,8,62.0,478.32
2024-02-19,PRD-A02,124.79,8,124.19,979.6
2024-02-19,PRD-A03,46.79,16,45.59,736.94
2024-02-19,PRD-A04,90.24,3,93.1,270.72
2024-02-19,PRD-H01,53.99,7,52.24,372.53
2024-02-19,PRD-H02,166.39,6,157.49,981.7
2024-02-19,PRD-H03,311.99,6,256.49,1871.94
2024-02-19,PRD-H04,129.99,7,134.99,883.93
2024-02-19,PRD-B01,41.04,8,42.0,324.22
2024-02-19,PRD-B02,54.0,16,55.1,864.0
2024-02-19,PRD-B03,39.99,27,36.09,1043.73
2024-02-19,PRD-B04,79.19,3,84.99,237.57
2024-02-19,PRD-S01,215.99,4,170.99,863.96
2024-02-19,PRD-S02,29.99,8,29.69,235.42
2024-02-19,PRD-S03,155.99,2,132.99,311.98
2024-02-19,PRD-S04,45.99,5,51.83,229.95
2024-02-20,PRD-E01,161.99,1,152.24,153.89
2024-02-20,PRD-E02,199.99,5,204.74,999.95
2024-02-20,PRD-E03,259.99,1,258.12,259.99
2024-02-20,PRD-E04,55.19,4,54.99,220.76
2024-02-20,PRD-A01,59.79,12,62.0,699.54
2024-02-20,PRD-A02,124.79,12,124.19,1497.48
2024-02-20,PRD-A03,46.79,9,45.59,421.11
2024-02-20,PRD-A04,90.24,4,93.1,351.94
2024-02-20,PRD-H01,53.99,11,52.24,556.09
2024-02-20,PRD-H02,166.39,6,157.49,865.22
2024-02-20,PRD-H03,311.99,2,256.49,623.98
2024-02-20,PRD-H04,129.99,5,134.99,649.95
2024-02-20,PRD-B01,41.04,6,42.0,235.99
2024-02-20,PRD-B02,54.0,6,55.1,324.0
2024-02-20,PRD-B03,39.99,12,36.09,439.88
2024-02-20,PRD-B04,79.19,10,84.99,787.94
2024-02-20,PRD-S01,215.99,5,170.99,1047.55
2024-02-20,PRD-S02,29.99,6,29.69,179.94
2024-02-20,PRD-S03,155.99,0,132.99,0.0
2024-02-20,PRD-S04,45.99,2,51.83,91.98
2024-02-21,PRD-E01,161.99,4,152.24,631.76
2024-02-21,PRD-E02,199.99,4,204.74,759.96
2024-02-21,PRD-E03,259.99,1,258.12,259.99
2024-02-21,PRD-E04,55.19,7,54.99,380.81
2024-02-21,PRD-A01,59.79,7,62.0,418.53
2024-02-21,PRD-A02,124.79,2,124.19,249.58
2024-02-21,PRD-A03,46.79,24,45.59,1083.18
2024-02-21,PRD-A04,90.24,3,93.1,243.64
2024-02-21,PRD-H01,53.99,3,52.24,161.97
2024-02-21,PRD-H02,166.39,10,157.49,1547.42
2024-02-21,PRD-H03,311.99,2,256.49,623.98
2024-02-21,PRD-H04,129.99,5,134.99,636.95
2024-02-21,PRD-B01,41.04,5,42.0,201.1
2024-02-21,PRD-B02,54.0,3,55.1,156.6
2024-02-21,PRD-B03,39.99,7,36.09,275.93
2024-02-21,PRD-B04,79.19,3,84.99,217.77
2024-02-21,PRD-S01,215.99,2,170.99,431.98
2024-02-21,PRD-S02,29.99,10,29.69,287.9
2024-02-21,PRD-S03,155.99,0,132.99,0.0
2024-02-21,PRD-S04,45.99,5,51.83,227.65
2024-02-22,PRD-E01,161.99,4,152.24,591.26
2024-02-22,PRD-E02,199.99,18,204.74,3589.82
2024-02-22,PRD-E03,259.99,6,258.12,1533.94
2024-02-22,PRD-E04,55.19,4,54.99,218.0
2024-02-22,PRD-A01,59.79,13,62.0,777.27
2024-02-22,PRD-A02,124.79,6,124.19,736.26
2024-02-22,PRD-A03,46.79,9,45.59,418.77
2024-02-22,PRD-A04,90.24,3,93.1,261.7
2024-02-22,PRD-H01,53.99,16,52.24,831.44
2024-02-22,PRD-H02,166.39,3,157.49,482.53
2024-02-22,PRD-H03,311.99,5,256.49,1544.35
2024-02-22,PRD-H04,129.99,6,134.99,760.44
2024-02-22,PRD-B01,41.04,6,42.0,246.24
2024-02-22,PRD-B02,54.0,9,55.1,469.8
2024-02-22,PRD-B03,39.99,19,36.09,757.81
2024-02-22,PRD-B04,79.19,8,84.99,621.64
2024-02-22,PRD-S01,215.99,4,170.99,842.36
2024-02-22,PRD-S02,29.99,20,29.69,598.3
2024-02-22,PRD-S03,155.99,1,132.99,155.99
2024-02-22,PRD-S04,45.99,5,51.83,220.75
2024-02-23,PRD-E01,161.99,5,152.24,793.75
2024-02-23,PRD-E02,199.99,1,204.74,199.99
2024-02-23,PRD-E03,259.99,0,258.12,0.0
2024-02-23,PRD-E04,55.19,8,54.99,438.76
2024-02-23,PRD-A01,59.79,17,62.0,974.57
2024-02-23,PRD-A02,124.79,4,124.19,455.48
2024-02-23,PRD-A03,46.79,10,45.59,444.5
2024-02-23,PRD-A04,90.24,4,93.1,347.43
2024-02-23,PRD-H01,53.99,4,52.24,215.96
2024-02-23,PRD-H02,166.39,3,157.49,474.21
2024-02-23,PRD-H03,311.99,8,256.49,2402.32
2024-02-23,PRD-H04,129.99,5,134.99,649.95
2024-02-23,PRD-B01,41.04,16,42.0,654.59
2024-02-23,PRD-B02,54.0,9,55.1,486.0
2024-02-23,PRD-B03,39.99,9,36.09,353.91
2024-02-23,PRD-B04,79.19,4,84.99,316.76
2024-02-23,PRD-S01,215.99,1,170.99,215.99
2024-02-23,PRD-S02,29.99,11,29.69,311.89
2024-02-23,PRD-S03,155.99,3,132.99,436.77
2024-02-23,PRD-S04,45.99,7,51.83,321.93
2024-02-24,PRD-E01,161.99,11,152.24,1757.59
2024-02-24,PRD-E02,199.99,6,204.74,1179.94
2024-02-24,PRD-E03,259.99,8,258.12,2027.92
2024-02-24,PRD-E04,55.19,13,54.99,698.15
2024-02-24,PRD-A01,59.79,10,62.0,588.93
2024-02-24,PRD-A02,124.79,5,124.19,623.95
2024-02-24,PRD-A03,46.79,23,45.59,1045.75
2024-02-24,PRD-A04,90.24,4,93.1,333.9
2024-02-24,PRD-H01,53.99,5,52.24,264.55
2024-02-24,PRD-H02,166.39,1,157.49,149.75
2024-02-24,PRD-H03,311.99,7,256.49,2090.33
2024-02-24,PRD-H04,129.99,5,134.99,649.95
2024-02-24,PRD-B01,41.04,14,42.0,562.24
2024-02-24,PRD-B02,54.0,15,55.1,742.5
2024-02-24,PRD-B03,39.99,7,36.09,275.93
2024-02-24,PRD-B04,79.19,9,84.99,704.79
2024-02-24,PRD-S01,215.99,6,170.99,1274.34
2024-02-24,PRD-S02,29.99,17,29.69,509.83
2024-02-24,PRD-S03,155.99,0,132.99,0.0
2024-02-24,PRD-S04,45.99,4,51.83,181.66
2024-02-25,PRD-E01,161.99,8,152.24,1263.52
2024-02-25,PRD-E02,199.99,7,204.74,1379.93
2024-02-25,PRD-E03,259.99,2,258.12,519.98
2024-02-25,PRD-E04,55.19,4,54.99,218.0
2024-02-25,PRD-A01,59.79,4,62.0,233.18
2024-02-25,PRD-A02,124.79,13,124.19,1609.79
2024-02-25,PRD-A03,46.79,13,45.59,608.27
2024-02-25,PRD-A04,90.24,3,93.1,270.72
2024-02-25,PRD-H01,53.99,5,52.24,253.75
2024-02-25,PRD-H02,166.39,6,157.49,998.34
2024-02-25,PRD-H03,311.99,2,256.49,623.98
2024-02-25,PRD-H04,129.99,14,134.99,1819.86
2024-02-25,PRD-B01,41.04,8,42.0,316.02
2024-02-25,PRD-B02,54.0,4,55.1,216.0
2024-02-25,PRD-B03,39.99,16,36.09,633.84
2024-02-25,PRD-B04,79.19,3,84.99,237.57
2024-02-25,PRD-S01,215.99,3,170.99,647.97
2024-02-25,PRD-S02,29.99,17,29.69,500.83
2024-02-25,PRD-S03,155.99,0,132.99,0.0
2024-02-25,PRD-S04,45.99,2,51.83,87.38
2024-02-26,PRD-E01,142.49,6,152.24,854.94
2024-02-26,PRD-E02,175.99,6,204.74,1055.94
2024-02-26,PRD-E03,279.99,1,258.12,279.99
2024-02-26,PRD-E04,62.39,1,54.99,62.39
2024-02-26,PRD-A01,64.99,6,62.0,380.19
2024-02-26,PRD-A02,119.99,6,124.19,695.94
2024-02-26,PRD-A03,39.59,11,45.59,435.49
2024-02-26,PRD-A04,102.59,6,93.1,610.41
2024-02-26,PRD-H01,49.99,12,52.24,559.88
2024-02-26,PRD-H02,147.19,8,157.49,1170.16
2024-02-26,PRD-H03,263.99,0,256.49,0.0
2024-02-26,PRD-H04,119.59,8,134.99,944.76
2024-02-26,PRD-B01,38.0,15,42.0,562.4
2024-02-26,PRD-B02,49.68,21,55.1,1035.83
2024-02-26,PRD-B03,44.79,6,36.09,264.26
2024-02-26,PRD-B04,79.19,1,84.99,79.19
2024-02-26,PRD-S01,199.99,3,170.99,599.97
2024-02-26,PRD-S02,31.19,13,29.69,394.55
2024-02-26,PRD-S03,155.99,6,132.99,935.94
2024-02-26,PRD-S04,49.99,4,51.83,189.96
2024-02-27,PRD-E01,142.49,6,152.24,826.44
2024-02-27,PRD-E02,175.99,20,204.74,3370.2
2024-02-27,PRD-E03,279.99,4,258.12,1091.96
2024-02-27,PRD-E04,62.39,3,54.99,187.17
2024-02-27,PRD-A01,64.99,7,62.0,451.68
2024-02-27,PRD-A02,119.99,4,124.19,479.96
2024-02-27,PRD-A03,39.59,14,45.59,546.34
2024-02-27,PRD-A04,102.59,5,93.1,512.95
2024-02-27,PRD-H01,49.99,3,52.24,149.97
2024-02-27,PRD-H02,147.19,7,157.49,1008.25
2024-02-27,PRD-H03,263.99,3,256.49,752.37
2024-02-27,PRD-H04,119.59,5,134.99,597.95
2024-02-27,PRD-B01,38.0,8,42.0,300.2
2024-02-27,PRD-B02,49.68,11,55.1,541.51
2024-02-27,PRD-B03,44.79,9,36.09,403.11
2024-02-27,PRD-B04,79.19,4,84.99,316.76
2024-02-27,PRD-S01,199.99,8,170.99,1559.92
2024-02-27,PRD-S02,31.19,8,29.69,247.96
2024-02-27,PRD-S03,155.99,1,132.99,155.99
2024-02-27,PRD-S04,49.99,4,51.83,199.96
2024-02-28,PRD-E01,142.49,2,152.24,284.98
2024-02-28,PRD-E02,175.99,17,204.74,2956.63
2024-02-28,PRD-E03,279.99,9,258.12,2519.91
2024-02-28,PRD-E04,62.39,5,54.99,302.59
2024-02-28,PRD-A01,64.99,5,62.0,324.95
2024-02-28,PRD-A02,119.99,2,124.19,239.98
2024-02-28,PRD-A03,39.59,26,45.59,987.76
2024-02-28,PRD-A04,102.59,3,93.1,307.77
2024-02-28,PRD-H01,49.99,10,52.24,499.9
2024-02-28,PRD-H02,147.19,6,157.49,875.78
2024-02-28,PRD-H03,263.99,3,256.49,791.97
2024-02-28,PRD-H04,119.59,5,134.99,580.01
2024-02-28,PRD-B01,38.0,11,42.0,416.1
2024-02-28,PRD-B02,49.68,4,55.1,193.75
2024-02-28,PRD-B03,44.79,8,36.09,358.32
2024-02-28,PRD-B04,79.19,1,84.99,79.19
2024-02-28,PRD-S01,199.99,2,170.99,369.98
2024-02-28,PRD-S02,31.19,12,29.69,372.72
2024-02-28,PRD-S03,155.99,13,132.99,2027.87
2024-02-28,PRD-S04,49.99,3,51.83,149.97
2024-02-29,PRD-E01,142.49,7,152.24,990.31
2024-02-29,PRD-E02,175.99,4,204.74,703.96
2024-02-29,PRD-E03,279.99,0,258.12,0.0
2024-02-29,PRD-E04,62.39,1,54.99,62.39
2024-02-29,PRD-A01,64.99,10,62.0,643.4
2024-02-29,PRD-A02,119.99,2,124.19,239.98
2024-02-29,PRD-A03,39.59,7,45.59,265.25
2024-02-29,PRD-A04,102.59,5,93.1,502.69
2024-02-29,PRD-H01,49.99,3,52.24,149.97
2024-02-29,PRD-H02,147.19,1,157.49,132.47
2024-02-29,PRD-H03,263.99,1,256.49,263.99
2024-02-29,PRD-H04,119.59,2,134.99,203.3
2024-02-29,PRD-B01,38.0,26,42.0,957.6
2024-02-29,PRD-B02,49.68,6,55.1,293.11
2024-02-29,PRD-B03,44.79,10,36.09,445.66
2024-02-29,PRD-B04,79.19,1,84.99,79.19
2024-02-29,PRD-S01,199.99,1,170.99,199.99
2024-02-29,PRD-S02,31.19,7,29.69,215.21
2024-02-29,PRD-S03,155.99,0,132.99,0.0
2024-02-29,PRD-S04,49.99,6,51.83,299.94
2024-03-01,PRD-E01,142.49,4,152.24,569.96
2024-03-01,PRD-E02,175.99,4,204.74,686.36
2024-03-01,PRD-E03,279.99,1,258.12,279.99
2024-03-01,PRD-E04,62.39,12,54.99,748.68
2024-03-01,PRD-A01,64.99,3,62.0,194.97
2024-03-01,PRD-A02,119.99,16,124.19,1901.84
2024-03-01,PRD-A03,39.59,7,45.59,261.29
2024-03-01,PRD-A04,102.59,7,93.1,636.05
2024-03-01,PRD-H01,49.99,6,52.24,299.94
2024-03-01,PRD-H02,147.19,3,157.49,434.21
2024-03-01,PRD-H03,263.99,0,256.49,0.0
2024-03-01,PRD-H04,119.59,1,134.99,119.59
2024-03-01,PRD-B01,38.0,9,42.0,342.0
2024-03-01,PRD-B02,49.68,15,55.1,730.3
2024-03-01,PRD-B03,44.79,5,36.09,217.23
2024-03-01,PRD-B04,79.19,2,84.99,158.38
2024-03-01,PRD-S01,199.99,1,170.99,189.99
2024-03-01,PRD-S02,31.19,12,29.69,369.6
2024-03-01,PRD-S03,155.99,0,132.99,0.0
2024-03-01,PRD-S04,49.99,1,51.83,49.99
2024-03-02,PRD-E01,142.49,6,152.24,840.69
2024-03-02,PRD-E02,175.99,7,204.74,1231.93
2024-03-02,PRD-E03,279.99,3,258.12,839.97
2024-03-02,PRD-E04,62.39,10,54.99,573.98
2024-03-02,PRD-A01,64.99,16,62.0,1026.84
2024-03-02,PRD-A02,119.99,9,124.19,1043.91
2024-03-02,PRD-A03,39.59,17,45.59,667.09
2024-03-02,PRD-A04,102.59,10,93.1,984.86
2024-03-02,PRD-H01,49.99,6,52.24,294.94
2024-03-02,PRD-H02,147.19,13,157.49,1884.03
2024-03-02,PRD-H03,263.99,2,256.49,514.78
2024-03-02,PRD-H04,119.59,8,134.99,956.72
2024-03-02,PRD-B01,38.0,17,42.0,642.2
2024-03-02,PRD-B02,49.68,20,55.1,926.55
2024-03-02,PRD-B03,44.79,3,36.09,134.37
2024-03-02,PRD-B04,79.19,7,84.99,554.33
2024-03-02,PRD-S01,199.99,1,170.99,199.99
2024-03-02,PRD-S02,31.19,6,29.69,185.58
2024-03-02,PRD-S03,155.99,4,132.99,600.56
2024-03-02,PRD-S04,49.99,6,51.83,292.44
2024-03-03,PRD-E01,142.49,5,152.24,698.21
2024-03-03,PRD-E02,175.99,8,204.74,1337.52
2024-03-03,PRD-E03,279.99,6,258.12,1679.94
2024-03-03,PRD-E04,62.39,6,54.99,374.34
2024-03-03,PRD-A01,64.99,9,62.0,581.66
2024-03-03,PRD-A02,119.99,11,124.19,1265.89
2024-03-03,PRD-A03,39.59,14,45.59,544.36
2024-03-03,PRD-A04,102.59,3,93.1,307.77
2024-03-03,PRD-H01,49.99,9,52.24,447.41
2024-03-03,PRD-H02,147.19,6,157.49,883.14
2024-03-03,PRD-H03,263.99,3,256.49,791.97
2024-03-03,PRD-H04,119.59,6,134.99,717.54
2024-03-03,PRD-B01,38.0,12,42.0,440.8
2024-03-03,PRD-B02,49.68,23,55.1,1122.8
2024-03-03,PRD-B03,44.79,5,36.09,223.95
2024-03-03,PRD-B04,79.19,6,84.99,443.46
2024-03-03,PRD-S01,199.99,5,170.99,999.95
2024-03-03,PRD-S02,31.19,20,29.69,614.44
2024-03-03,PRD-S03,155.99,6,132.99,857.94
2024-03-03,PRD-S04,49.99,9,51.83,444.91
2024-03-04,PRD-E01,142.49,13,156.59,1823.88
2024-03-04,PRD-E02,175.99,6,185.24,1055.94
2024-03-04,PRD-E03,279.99,5,239.0,1399.95
2024-03-04,PRD-E04,62.39,0,57.74,0.0
2024-03-04,PRD-A01,64.99,8,62.0,519.92
2024-03-04,PRD-A02,119.99,6,114.99,713.94
2024-03-04,PRD-A03,39.59,12,50.39,471.12
2024-03-04,PRD-A04,102.59,1,93.1,102.59
2024-03-04,PRD-H01,49.99,4,49.49,199.96
2024-03-04,PRD-H02,147.19,11,161.99,1619.09
2024-03-04,PRD-H03,263.99,5,299.24,1319.95
2024-03-04,PRD-H04,119.59,6,124.99,711.56
2024-03-04,PRD-B01,38.0,17,42.0,644.1
2024-03-04,PRD-B02,49.68,15,55.1,698.0
2024-03-04,PRD-B03,44.79,1,37.99,44.79
2024-03-04,PRD-B04,79.19,8,89.24,625.6
2024-03-04,PRD-S01,199.99,2,189.99,399.98
2024-03-04,PRD-S02,31.19,4,32.99,124.76
2024-03-04,PRD-S03,155.99,0,151.19,0.0
2024-03-04,PRD-S04,49.99,2,47.99,99.98
2024-03-05,PRD-E01,142.49,10,156.59,1424.9
2024-03-05,PRD-E02,175.99,4,185.24,703.96
2024-03-05,PRD-E03,279.99,8,239.0,2211.92
2024-03-05,PRD-E04,62.39,9,57.74,561.51
2024-03-05,PRD-A01,64.99,1,62.0,64.99
2024-03-05,PRD-A02,119.99,5,114.99,581.95
2024-03-05,PRD-A03,39.59,5,50.39,195.97
2024-03-05,PRD-A04,102.59,2,93.1,205.18
2024-03-05,PRD-H01,49.99,10,49.49,479.9
2024-03-05,PRD-H02,147.19,8,161.99,1162.8
2024-03-05,PRD-H03,263.99,6,299.24,1544.34
2024-03-05,PRD-H04,119.59,1,124.99,119.59
2024-03-05,PRD-B01,38.0,10,42.0,368.6
2024-03-05,PRD-B02,49.68,8,55.1,385.02
2024-03-05,PRD-B03,44.79,13,37.99,566.59
2024-03-05,PRD-B04,79.19,12,89.24,946.32
2024-03-05,PRD-S01,199.99,6,189.99,1189.94
2024-03-05,PRD-S02,31.19,9,32.99,274.47
2024-03-05,PRD-S03,155.99,2,151.19,311.98
2024-03-05,PRD-S04,49.99,8,47.99,392.42
2024-03-06,PRD-E01,142.49,10,156.59,1396.42
2024-03-06,PRD-E02,175.99,6,185.24,1020.74
2024-03-06,PRD-E03,279.99,3,239.0,839.97
2024-03-06,PRD-E04,62.39,3,57.74,187.17
2024-03-06,PRD-A01,64.99,9,62.0,584.91
2024-03-06,PRD-A02,119.99,4,114.99,473.96
2024-03-06,PRD-A03,39.59,13,50.39,514.67
2024-03-06,PRD-A04,102.59,8,93.1,810.46
2024-03-06,PRD-H01,49.99,2,49.49,97.48
2024-03-06,PRD-H02,147.19,6,161.99,824.26
2024-03-06,PRD-H03,263.99,5,299.24,1306.75
2024-03-06,PRD-H04,119.59,2,124.99,239.18
2024-03-06,PRD-B01,38.0,8,42.0,288.8
2024-03-06,PRD-B02,49.68,6,55.1,298.08
2024-03-06,PRD-B03,44.79,3,37.99,129.89
2024-03-06,PRD-B04,79.19,15,89.24,1175.97
2024-03-06,PRD-S01,199.99,9,189.99,1799.91
2024-03-06,PRD-S02,31.19,10,32.99,311.9
2024-03-06,PRD-S03,155.99,0,151.19,0.0
2024-03-06,PRD-S04,49.99,7,47.99,349.93
2024-03-07,PRD-E01,142.49,6,156.59,854.94
2024-03-07,PRD-E02,175.99,10,185.24,1759.9
2024-03-07,PRD-E03,279.99,6,239.0,1679.94
2024-03-07,PRD-E04,62.39,8,57.74,499.12
2024-03-07,PRD-A01,64.99,6,62.0,370.44
2024-03-07,PRD-A02,119.99,5,114.99,581.95
2024-03-07,PRD-A03,39.59,15,50.39,589.89
2024-03-07,PRD-A04,102.59,4,93.1,410.36
2024-03-07,PRD-H01,49.99,6,49.49,287.44
2024-03-07,PRD-H02,147.19,5,161.99,728.59
2024-03-07,PRD-H03,263.99,1,299.24,263.99
2024-03-07,PRD-H04,119.59,5,124.99,597.95
2024-03-07,PRD-B01,38.0,5,42.0,186.2
2024-03-07,PRD-B02,49.68,17,55.1,834.62
2024-03-07,PRD-B03,44.79,13,37.99,575.55
2024-03-07,PRD-B04,79.19,5,89.24,395.95
2024-03-07,PRD-S01,199.99,2,189.99,379.98
2024-03-07,PRD-S02,31.19,18,32.99,561.42
2024-03-07,PRD-S03,155.99,11,151.19,1715.89
2024-03-07,PRD-S04,49.99,2,47.99,94.98
2024-03-08,PRD-E01,142.49,8,156.59,1061.55
2024-03-08,PRD-E02,175.99,4,185.24,703.96
2024-03-08,PRD-E03,279.99,4,239.0,1119.96
2024-03-08,PRD-E04,62.39,6,57.74,371.22
2024-03-08,PRD-A01,64.99,3,62.0,178.72
2024-03-08,PRD-A02,119.99,5,114.99,575.95
2024-03-08,PRD-A03,39.59,13,50.39,510.71
2024-03-08,PRD-A04,102.59,11,93.1,1128.49
2024-03-08,PRD-H01,49.99,10,49.49,494.9
2024-03-08,PRD-H02,147.19,7,161.99,942.01
2024-03-08,PRD-H03,263.99,7,299.24,1821.53
2024-03-08,PRD-H04,119.59,11,124.99,1297.55
2024-03-08,PRD-B01,38.0,10,42.0,372.4
2024-03-08,PRD-B02,49.68,11,55.1,541.51
2024-03-08,PRD-B03,44.79,11,37.99,492.69
2024-03-08,PRD-B04,79.19,4,89.24,316.76
2024-03-08,PRD-S01,199.99,1,189.99,199.99
2024-03-08,PRD-S02,31.19,8,32.99,244.84
2024-03-08,PRD-S03,155.99,1,151.19,155.99
2024-03-08,PRD-S04,49.99,7,47.99,344.93
2024-03-09,PRD-E01,142.49,7,156.59,997.43
2024-03-09,PRD-E02,175.99,8,185.24,1390.32
2024-03-09,PRD-E03,279.99,2,239.0,545.98
2024-03-09,PRD-E04,62.39,6,57.74,358.74
2024-03-09,PRD-A01,64.99,7,62.0,448.43
2024-03-09,PRD-A02,119.99,2,114.99,239.98
2024-03-09,PRD-A03,39.59,13,50.39,508.73
2024-03-09,PRD-A04,102.59,6,93.1,605.28
2024-03-09,PRD-H01,49.99,14,49.49,694.86
2024-03-09,PRD-H02,147.19,7,161.99,971.45
2024-03-09,PRD-H03,263.99,8,299.24,2085.52
2024-03-09,PRD-H04,119.59,3,124.99,328.87
2024-03-09,PRD-B01,38.0,14,42.0,530.1
2024-03-09,PRD-B02,49.68,10,55.1,496.8
2024-03-09,PRD-B03,44.79,6,37.99,268.74
2024-03-09,PRD-B04,79.19,11,89.24,863.17
2024-03-09,PRD-S01,199.99,5,189.99,999.95
2024-03-09,PRD-S02,31.19,16,32.99,486.56
2024-03-09,PRD-S03,155.99,7,151.19,1091.93
2024-03-09,PRD-S04,49.99,8,47.99,392.42
2024-03-10,PRD-E01,142.49,6,156.59,826.44
2024-03-10,PRD-E02,175.99,1,185.24,175.99
2024-03-10,PRD-E03,279.99,3,239.0,839.97
2024-03-10,PRD-E04,62.39,13,57.74,807.95
2024-03-10,PRD-A01,64.99,5,62.0,324.95
2024-03-10,PRD-A02,119.99,7,114.99,839.93
2024-03-10,PRD-A03,39.59,12,50.39,467.16
2024-03-10,PRD-A04,102.59,10,93.1,1025.9
2024-03-10,PRD-H01,49.99,0,49.49,0.0
2024-03-10,PRD-H02,147.19,3,161.99,426.85
2024-03-10,PRD-H03,263.99,3,299.24,765.57
2024-03-10,PRD-H04,119.59,4,124.99,478.36
2024-03-10,PRD-B01,38.0,5,42.0,182.4
2024-03-10,PRD-B02,49.68,13,55.1,643.36
2024-03-10,PRD-B03,44.79,4,37.99,176.92
2024-03-10,PRD-B04,79.19,5,89.24,388.03
2024-03-10,PRD-S01,199.99,2,189.99,399.98
2024-03-10,PRD-S02,31.19,12,32.99,368.04
2024-03-10,PRD-S03,155.99,1,151.19,155.99
2024-03-10,PRD-S04,49.99,2,47.99,97.48
2024-03-11,PRD-E01,155.99,5,156.59,772.15
2024-03-11,PRD-E02,207.99,8,185.24,1622.32
2024-03-11,PRD-E03,279.99,1,239.0,279.99
2024-03-11,PRD-E04,59.99,8,57.74,455.92
2024-03-11,PRD-A01,57.19,7,62.0,397.47
2024-03-11,PRD-A02,129.59,11,114.99,1386.61
2024-03-11,PRD-A03,44.99,16,50.39,719.84
2024-03-11,PRD-A04,90.24,9,93.1,812.16
2024-03-11,PRD-H01,49.99,8,49.49,399.92
2024-03-11,PRD-H02,159.99,3,161.99,479.97
2024-03-11,PRD-H03,299.99,0,299.24,0.0
2024-03-11,PRD-H04,145.59,0,124.99,0.0
2024-03-11,PRD-B01,36.1,9,42.0,319.48
2024-03-11,PRD-B02,51.3,13,55.1,666.9
2024-03-11,PRD-B03,39.99,12,37.99,475.88
2024-03-11,PRD-B04,93.59,7,89.24,617.69
2024-03-11,PRD-S01,175.99,2,189.99,351.98
2024-03-11,PRD-S02,31.19,10,32.99,307.22
2024-03-11,PRD-S03,142.49,1,151.19,121.12
2024-03-11,PRD-S04,45.99,17,47.99,777.23
2024-03-12,PRD-E01,155.99,5,156.59,764.35
2024-03-12,PRD-E02,207.99,6,185.24,1227.14
2024-03-12,PRD-E03,279.99,2,239.0,545.98
2024-03-12,PRD-E04,59.99,13,57.74,755.87
2024-03-12,PRD-A01,57.19,9,62.0,494.69
2024-03-12,PRD-A02,129.59,10,114.99,1282.94
2024-03-12,PRD-A03,44.99,7,50.39,310.43
2024-03-12,PRD-A04,90.24,7,93.1,618.14
2024-03-12,PRD-H01,49.99,7,49.49,349.93
2024-03-12,PRD-H02,159.99,5,161.99,799.95
2024-03-12,PRD-H03,299.99,3,299.24,899.97
2024-03-12,PRD-H04,145.59,2,124.99,291.18
2024-03-12,PRD-B01,36.1,20,42.0,707.56
2024-03-12,PRD-B02,51.3,21,55.1,1077.3
2024-03-12,PRD-B03,39.99,5,37.99,193.95
2024-03-12,PRD-B04,93.59,2,89.24,187.18
2024-03-12,PRD-S01,175.99,2,189.99,316.78
2024-03-12,PRD-S02,31.19,13,32.99,391.43
2024-03-12,PRD-S03,142.49,8,151.19,1111.43
2024-03-12,PRD-S04,45.99,1,47.99,45.99
2024-03-13,PRD-E01,155.99,5,156.59,772.15
2024-03-13,PRD-E02,207.99,3,185.24,623.97
2024-03-13,PRD-E03,279.99,1,239.0,279.99
2024-03-13,PRD-E04,59.99,4,57.74,230.96
2024-03-13,PRD-A01,57.19,12,62.0,686.28
2024-03-13,PRD-A02,129.59,9,114.99,1140.39
2024-03-13,PRD-A03,44.99,24,50.39,1050.51
2024-03-13,PRD-A04,90.24,9,93.1,803.14
2024-03-13,PRD-H01,49.99,22,49.49,1052.28
2024-03-13,PRD-H02,159.99,4,161.99,623.96
2024-03-13,PRD-H03,299.99,3,299.24,854.97
2024-03-13,PRD-H04,145.59,5,124.99,706.11
2024-03-13,PRD-B01,36.1,16,42.0,575.8
2024-03-13,PRD-B02,51.3,7,55.1,353.97
2024-03-13,PRD-B03,39.99,16,37.99,631.84
2024-03-13,PRD-B04,93.59,9,89.24,832.95
2024-03-13,PRD-S01,175.99,13,189.99,2287.87
2024-03-13,PRD-S02,31.19,20,32.99,623.8
2024-03-13,PRD-S03,142.49,1,151.19,142.49
2024-03-13,PRD-S04,45.99,4,47.99,174.76
2024-03-14,PRD-E01,155.99,3,156.59,467.97
2024-03-14,PRD-E02,207.99,3,185.24,603.17
2024-03-14,PRD-E03,279.99,0,239.0,0.0
2024-03-14,PRD-E04,59.99,2,57.74,119.98
2024-03-14,PRD-A01,57.19,17,62.0,960.79
2024-03-14,PRD-A02,129.59,5,114.99,615.55
2024-03-14,PRD-A03,44.99,4,50.39,177.71
2024-03-14,PRD-A04,90.24,6,93.1,518.89
2024-03-14,PRD-H01,49.99,6,49.49,299.94
2024-03-14,PRD-H02,159.99,2,161.99,311.98
2024-03-14,PRD-H03,299.99,6,299.24,1724.94
2024-03-14,PRD-H04,145.59,3,124.99,436.77
2024-03-14,PRD-B01,36.1,13,42.0,462.09
2024-03-14,PRD-B02,51.3,5,55.1,248.8
2024-03-14,PRD-B03,39.99,14,37.99,559.86
2024-03-14,PRD-B04,93.59,1,89.24,93.59
2024-03-14,PRD-S01,175.99,2,189.99,351.98
2024-03-14,PRD-S02,31.19,6,32.99,187.14
2024-03-14,PRD-S03,142.49,7,151.19,940.43
2024-03-14,PRD-S04,45.99,3,47.99,137.97
2024-03-15,PRD-E01,155.99,3,156.59,467.97
2024-03-15,PRD-E02,207.99,0,185.24,0.0
2024-03-15,PRD-E03,279.99,3,239.0,839.97
2024-03-15,PRD-E04,59.99,3,57.74,179.97
2024-03-15,PRD-A01,57.19,7,62.0,397.47
2024-03-15,PRD-A02,129.59,16,114.99,2021.6
2024-03-15,PRD-A03,44.99,14,50.39,629.86
2024-03-15,PRD-A04,90.24,2,93.1,175.97
2024-03-15,PRD-H01,49.99,7,49.49,337.43
2024-03-15,PRD-H02,159.99,9,161.99,1375.91
2024-03-15,PRD-H03,299.99,2,299.24,569.98
2024-03-15,PRD-H04,145.59,6,124.99,844.42
2024-03-15,PRD-B01,36.1,6,42.0,211.19
2024-03-15,PRD-B02,51.3,16,55.1,800.24
2024-03-15,PRD-B03,39.99,7,37.99,275.93
2024-03-15,PRD-B04,93.59,12,89.24,1104.36
2024-03-15,PRD-S01,175.99,7,189.99,1231.93
2024-03-15,PRD-S02,31.19,20,32.99,606.64
2024-03-15,PRD-S03,142.49,0,151.19,0.0
2024-03-15,PRD-S04,45.99,6,47.99,271.34
2024-03-16,PRD-E01,155.99,8,156.59,1232.32
2024-03-16,PRD-E02,207.99,4,185.24,831.96
2024-03-16,PRD-E03,279.99,2,239.0,559.98
2024-03-16,PRD-E04,59.99,5,57.74,284.95
2024-03-16,PRD-A01,57.19,6,62.0,337.42
2024-03-16,PRD-A02,129.59,0,114.99,0.0
2024-03-16,PRD-A03,44.99,9,50.39,398.16
2024-03-16,PRD-A04,90.24,17,93.1,1534.08
2024-03-16,PRD-H01,49.99,13,49.49,639.87
2024-03-16,PRD-H02,159.99,8,161.99,1151.92
2024-03-16,PRD-H03,299.99,0,299.24,0.0
2024-03-16,PRD-H04,145.59,13,124.99,1834.43
2024-03-16,PRD-B01,36.1,7,42.0,252.7
2024-03-16,PRD-B02,51.3,12,55.1,610.46
2024-03-16,PRD-B03,39.99,9,37.99,347.91
2024-03-16,PRD-B04,93.59,12,89.24,1113.72
2024-03-16,PRD-S01,175.99,8,189.99,1372.72
2024-03-16,PRD-S02,31.19,6,32.99,185.58
2024-03-16,PRD-S03,142.49,5,151.19,712.45
2024-03-16,PRD-S04,45.99,7,47.99,321.93
2024-03-17,PRD-E01,155.99,8,156.59,1201.12
2024-03-17,PRD-E02,207.99,4,185.24,790.36
2024-03-17,PRD-E03,279.99,7,239.0,1959.93
2024-03-17,PRD-E04,59.99,3,57.74,176.97
2024-03-17,PRD-A01,57.19,11,62.0,606.21
2024-03-17,PRD-A02,129.59,13,114.99,1684.67
2024-03-17,PRD-A03,44.99,7,50.39,314.93
2024-03-17,PRD-A04,90.24,8,93.1,721.92
2024-03-17,PRD-H01,49.99,4,49.49,199.96
2024-03-17,PRD-H02,159.99,6,161.99,959.94
2024-03-17,PRD-H03,299.99,2,299.24,599.98
2024-03-17,PRD-H04,145.59,1,124.99,131.03
2024-03-17,PRD-B01,36.1,15,42.0,539.7
2024-03-17,PRD-B02,51.3,12,55.1,615.6
2024-03-17,PRD-B03,39.99,6,37.99,239.94
2024-03-17,PRD-B04,93.59,2,89.24,177.82
2024-03-17,PRD-S01,175.99,8,189.99,1355.12
2024-03-17,PRD-S02,31.19,9,32.99,280.71
2024-03-17,PRD-S03,142.49,0,151.19,0.0
2024-03-17,PRD-S04,45.99,9,47.99,404.71
2024-03-18,PRD-E01,155.99,2,156.59,311.98
2024-03-18,PRD-E02,207.99,5,185.24,1008.75
2024-03-18,PRD-E03,279.99,3,239.0,839.97
2024-03-18,PRD-E04,59.99,4,57.74,239.96
2024-03-18,PRD-A01,57.19,8,62.0,457.52
2024-03-18,PRD-A02,129.59,4,114.99,511.88
2024-03-18,PRD-A03,44.99,23,50.39,1030.27
2024-03-18,PRD-A04,90.24,4,93.1,360.96
2024-03-18,PRD-H01,49.99,11,49.49,549.89
2024-03-18,PRD-H02,159.99,5,161.99,799.95
2024-03-18,PRD-H03,299.99,3,299.24,839.97
2024-03-18,PRD-H04,145.59,4,124.99,582.36
2024-03-18,PRD-B01,36.1,5,42.0,180.5
2024-03-18,PRD-B02,51.3,8,55.1,402.7
2024-03-18,PRD-B03,39.99,9,37.99,351.91
2024-03-18,PRD-B04,93.59,7,89.24,645.77
2024-03-18,PRD-S01,175.99,3,189.99,527.97
2024-03-18,PRD-S02,31.19,20,32.99,614.44
2024-03-18,PRD-S03,142.49,2,151.19,284.98
2024-03-18,PRD-S04,45.99,5,47.99,223.05
2024-03-19,PRD-E01,155.99,6,156.59,904.74
2024-03-19,PRD-E02,207.99,11,185.24,2287.89
2024-03-19,PRD-E03,279.99,5,239.0,1399.95
2024-03-19,PRD-E04,59.99,8,57.74,473.92
2024-03-19,PRD-A01,57.19,7,62.0,391.75
2024-03-19,PRD-A02,129.59,5,114.99,647.95
2024-03-19,PRD-A03,44.99,6,50.39,256.44
2024-03-19,PRD-A04,90.24,8,93.1,721.92
2024-03-19,PRD-H01,49.99,2,49.49,89.98
2024-03-19,PRD-H02,159.99,8,161.99,1191.92
2024-03-19,PRD-H03,299.99,2,299.24,599.98
2024-03-19,PRD-H04,145.59,5,124.99,706.11
2024-03-19,PRD-B01,36.1,6,42.0,216.6
2024-03-19,PRD-B02,51.3,15,55.1,764.36
2024-03-19,PRD-B03,39.99,1,37.99,35.99
2024-03-19,PRD-B04,93.59,11,89.24,982.69
2024-03-19,PRD-S01,175.99,4,189.99,703.96
2024-03-19,PRD-S02,31.19,5,32.99,155.95
2024-03-19,PRD-S03,142.49,6,151.19,854.94
2024-03-19,PRD-S04,45.99,7,47.99,315.03
2024-03-20,PRD-E01,155.99,4,156.59,616.16
2024-03-20,PRD-E02,207.99,7,185.24,1362.33
2024-03-20,PRD-E03,279.99,2,239.0,503.98
2024-03-20,PRD-E04,59.99,2,57.74,119.98
2024-03-20,PRD-A01,57.19,15,62.0,814.95
2024-03-20,PRD-A02,129.59,5,114.99,570.19
2024-03-20,PRD-A03,44.99,5,50.39,224.95
2024-03-20,PRD-A04,90.24,9,93.1,803.14
2024-03-20,PRD-H01,49.99,13,49.49,644.87
2024-03-20,PRD-H02,159.99,12,161.99,1919.88
2024-03-20,PRD-H03,299.99,8,299.24,2369.92
2024-03-20,PRD-H04,145.59,0,124.99,0.0
2024-03-20,PRD-B01,36.1,4,42.0,144.4
2024-03-20,PRD-B02,51.3,11,55.1,561.73
2024-03-20,PRD-B03,39.99,4,37.99,159.96
2024-03-20,PRD-B04,93.59,8,89.24,748.72
2024-03-20,PRD-S01,175.99,12,189.99,2111.88
2024-03-20,PRD-S02,31.19,12,32.99,368.04
2024-03-20,PRD-S03,142.49,1,151.19,142.49
2024-03-20,PRD-S04,45.99,11,47.99,485.19
2024-03-21,PRD-E01,155.99,9,156.59,1388.31
2024-03-21,PRD-E02,207.99,2,185.24,415.98
2024-03-21,PRD-E03,279.99,2,239.0,559.98
2024-03-21,PRD-E04,59.99,8,57.74,473.92
2024-03-21,PRD-A01,57.19,4,62.0,228.76
2024-03-21,PRD-A02,129.59,4,114.99,518.36
2024-03-21,PRD-A03,44.99,17,50.39,762.58
2024-03-21,PRD-A04,90.24,16,93.1,1439.33
2024-03-21,PRD-H01,49.99,5,49.49,249.95
2024-03-21,PRD-H02,159.99,11,161.99,1727.89
2024-03-21,PRD-H03,299.99,1,299.24,299.99
2024-03-21,PRD-H04,145.59,0,124.99,0.0
2024-03-21,PRD-B01,36.1,10,42.0,351.98
2024-03-21,PRD-B02,51.3,8,55.1,410.4
2024-03-21,PRD-B03,39.99,7,37.99,275.93
2024-03-21,PRD-B04,93.59,2,89.24,187.18
2024-03-21,PRD-S01,175.99,12,189.99,2103.08
2024-03-21,PRD-S02,31.19,14,32.99,433.54
2024-03-21,PRD-S03,142.49,5,151.19,712.45
2024-03-21,PRD-S04,45.99,5,47.99,213.85
2024-03-22,PRD-E01,155.99,10,156.59,1536.5
2024-03-22,PRD-E02,207.99,1,185.24,207.99
2024-03-22,PRD-E03,279.99,2,239.0,559.98
2024-03-22,PRD-E04,59.99,5,57.74,299.95
2024-03-22,PRD-A01,57.19,1,62.0,57.19
2024-03-22,PRD-A02,129.59,4,114.99,492.44
2024-03-22,PRD-A03,44.99,14,50.39,629.86
2024-03-22,PRD-A04,90.24,8,93.1,721.92
2024-03-22,PRD-H01,49.99,10,49.49,499.9
2024-03-22,PRD-H02,159.99,12,161.99,1911.88
2024-03-22,PRD-H03,299.99,1,299.24,299.99
2024-03-22,PRD-H04,145.59,2,124.99,291.18
2024-03-22,PRD-B01,36.1,8,42.0,288.8
2024-03-22,PRD-B02,51.3,7,55.1,353.97
2024-03-22,PRD-B03,39.99,4,37.99,155.96
2024-03-22,PRD-B04,93.59,2,89.24,187.18
2024-03-22,PRD-S01,175.99,10,189.99,1698.3
2024-03-22,PRD-S02,31.19,6,32.99,179.34
2024-03-22,PRD-S03,142.49,3,151.19,427.47
2024-03-22,PRD-S04,45.99,3,47.99,133.37
2024-03-23,PRD-E01,155.99,5,156.59,779.95
2024-03-23,PRD-E02,207.99,4,185.24,821.56
2024-03-23,PRD-E03,279.99,2,239.0,559.98
2024-03-23,PRD-E04,59.99,7,57.74,419.93
2024-03-23,PRD-A01,57.19,6,62.0,343.14
2024-03-23,PRD-A02,129.59,7,114.99,874.73
2024-03-23,PRD-A03,44.99,7,50.39,314.93
2024-03-23,PRD-A04,90.24,4,93.1,360.96
2024-03-23,PRD-H01,49.99,10,49.49,497.4
2024-03-23,PRD-H02,159.99,7,161.99,1071.93
2024-03-23,PRD-H03,299.99,4,299.24,1199.96
2024-03-23,PRD-H04,145.59,3,124.99,436.77
2024-03-23,PRD-B01,36.1,12,42.0,425.98
2024-03-23,PRD-B02,51.3,13,55.1,638.67
2024-03-23,PRD-B03,39.99,8,37.99,319.92
2024-03-23,PRD-B04,93.59,0,89.24,0.0
2024-03-23,PRD-S01,175.99,11,189.99,1935.89
2024-03-23,PRD-S02,31.19,16,32.99,499.04
2024-03-23,PRD-S03,142.49,3,151.19,427.47
2024-03-23,PRD-S04,45.99,7,47.99,312.73
2024-03-24,PRD-E01,155.99,12,156.59,1832.88
2024-03-24,PRD-E02,207.99,8,185.24,1663.92
2024-03-24,PRD-E03,279.99,5,239.0,1357.95
2024-03-24,PRD-E04,59.99,10,57.74,599.9
2024-03-24,PRD-A01,57.19,7,62.0,383.17
2024-03-24,PRD-A02,129.59,10,114.99,1282.94
2024-03-24,PRD-A03,44.99,10,50.39,440.9
2024-03-24,PRD-A04,90.24,16,93.1,1416.77
2024-03-24,PRD-H01,49.99,9,49.49,449.91
2024-03-24,PRD-H02,159.99,4,161.99,639.96
2024-03-24,PRD-H03,299.99,4,299.24,1124.96
2024-03-24,PRD-H04,145.59,4,124.99,567.8
2024-03-24,PRD-B01,36.1,10,42.0,359.2
2024-03-24,PRD-B02,51.3,17,55.1,843.88
2024-03-24,PRD-B03,39.99,10,37.99,397.9
2024-03-24,PRD-B04,93.59,6,89.24,561.54
2024-03-24,PRD-S01,175.99,10,189.99,1724.7
2024-03-24,PRD-S02,31.19,13,32.99,402.35
2024-03-24,PRD-S03,142.49,2,151.19,284.98
2024-03-24,PRD-S04,45.99,3,47.99,133.37
2024-03-25,PRD-E01,161.99,3,152.24,477.87
2024-03-25,PRD-E02,183.99,10,185.24,1830.7
2024-03-25,PRD-E03,237.49,6,227.05,1365.57
2024-03-25,PRD-E04,52.79,6,59.39,316.74
2024-03-25,PRD-A01,70.19,5,62.0,329.89
2024-03-25,PRD-A02,134.39,6,103.49,799.62
2024-03-25,PRD-A03,39.59,20,43.19,766.06
2024-03-25,PRD-A04,98.79,10,105.84,928.62
2024-03-25,PRD-H01,49.99,2,52.24,99.98
2024-03-25,PRD-H02,172.79,4,157.49,682.52
2024-03-25,PRD-H03,323.99,4,284.99,1214.96
2024-03-25,PRD-H04,129.99,5,124.99,649.95
2024-03-25,PRD-B01,38.0,9,39.9,338.2
2024-03-25,PRD-B02,54.0,4,62.64,216.0
2024-03-25,PRD-B03,36.79,18,37.99,649.34
2024-03-25,PRD-B04,97.19,6,89.24,583.14
2024-03-25,PRD-S01,189.99,6,205.19,1101.94
2024-03-25,PRD-S02,27.59,12,32.99,321.42
2024-03-25,PRD-S03,155.99,2,132.99,311.98
2024-03-25,PRD-S04,49.99,3,45.59,142.47
2024-03-26,PRD-E01,161.99,3,152.24,485.97
2024-03-26,PRD-E02,183.99,3,185.24,515.17
2024-03-26,PRD-E03,237.49,3,227.05,664.98
2024-03-26,PRD-E04,52.79,10,59.39,506.78
2024-03-26,PRD-A01,70.19,8,62.0,529.93
2024-03-26,PRD-A02,134.39,18,103.49,2371.98
2024-03-26,PRD-A03,39.59,18,43.19,706.68
2024-03-26,PRD-A04,98.79,12,105.84,1175.6
2024-03-26,PRD-H01,49.99,5,52.24,242.45
2024-03-26,PRD-H02,172.79,6,157.49,1036.74
2024-03-26,PRD-H03,323.99,2,284.99,647.98
2024-03-26,PRD-H04,129.99,1,124.99,129.99
2024-03-26,PRD-B01,38.0,7,39.9,266.0
2024-03-26,PRD-B02,54.0,10,62.64,537.3
2024-03-26,PRD-B03,36.79,9,37.99,331.11
2024-03-26,PRD-B04,97.19,5,89.24,485.95
2024-03-26,PRD-S01,189.99,11,205.19,2089.89
2024-03-26,PRD-S02,27.59,11,32.99,300.73
2024-03-26,PRD-S03,155.99,2,132.99,311.98
2024-03-26,PRD-S04,49.99,11,45.59,549.89
2024-03-27,PRD-E01,161.99,2,152.24,323.98
2024-03-27,PRD-E02,183.99,5,185.24,883.15
2024-03-27,PRD-E03,237.49,2,227.05,474.98
2024-03-27,PRD-E04,52.79,5,59.39,256.03
2024-03-27,PRD-A01,70.19,8,62.0,558.01
2024-03-27,PRD-A02,134.39,2,103.49,268.78
2024-03-27,PRD-A03,39.59,13,43.19,514.67
2024-03-27,PRD-A04,98.79,12,105.84,1175.6
2024-03-27,PRD-H01,49.99,3,52.24,149.97
2024-03-27,PRD-H02,172.79,4,157.49,691.16
2024-03-27,PRD-H03,323.99,1,284.99,323.99
2024-03-27,PRD-H04,129.99,5,124.99,584.95
2024-03-27,PRD-B01,38.0,6,39.9,216.6
2024-03-27,PRD-B02,54.0,7,62.64,361.8
2024-03-27,PRD-B03,36.79,17,37.99,618.07
2024-03-27,PRD-B04,97.19,0,89.24,0.0
2024-03-27,PRD-S01,189.99,6,205.19,1139.94
2024-03-27,PRD-S02,27.59,16,32.99,441.44
2024-03-27,PRD-S03,155.99,1,132.99,155.99
2024-03-27,PRD-S04,49.99,8,45.59,399.92
2024-03-28,PRD-E01,161.99,10,152.24,1603.7
2024-03-28,PRD-E02,183.99,6,185.24,1094.74
2024-03-28,PRD-E03,237.49,4,227.05,938.09
2024-03-28,PRD-E04,52.79,12,59.39,633.48
2024-03-28,PRD-A01,70.19,10,62.0,677.33
2024-03-28,PRD-A02,134.39,7,103.49,860.09
2024-03-28,PRD-A03,39.59,11,43.19,435.49
2024-03-28,PRD-A04,98.79,6,105.84,582.86
2024-03-28,PRD-H01,49.99,1,52.24,49.99
2024-03-28,PRD-H02,172.79,9,157.49,1555.11
2024-03-28,PRD-H03,323.99,0,284.99,0.0
2024-03-28,PRD-H04,129.99,6,124.99,753.94
2024-03-28,PRD-B01,38.0,4,39.9,152.0
2024-03-28,PRD-B02,54.0,16,62.64,845.1
2024-03-28,PRD-B03,36.79,6,37.99,220.74
2024-03-28,PRD-B04,97.19,4,89.24,379.04
2024-03-28,PRD-S01,189.99,2,205.19,379.98
2024-03-28,PRD-S02,27.59,18,32.99,489.72
2024-03-28,PRD-S03,155.99,2,132.99,311.98
2024-03-28,PRD-S04,49.99,4,45.59,199.96
2024-03-29,PRD-E01,161.99,5,152.24,809.95
2024-03-29,PRD-E02,183.99,2,185.24,349.58
2024-03-29,PRD-E03,237.49,3,227.05,653.1
2024-03-29,PRD-E04,52.79,2,59.39,105.58
2024-03-29,PRD-A01,70.19,3,62.0,203.55
2024-03-29,PRD-A02,134.39,3,103.49,396.45
2024-03-29,PRD-A03,39.59,8,43.19,302.86
2024-03-29,PRD-A04,98.79,6,105.84,582.86
2024-03-29,PRD-H01,49.99,10,52.24,484.9
2024-03-29,PRD-H02,172.79,6,157.49,1028.1
2024-03-29,PRD-H03,323.99,0,284.99,0.0
2024-03-29,PRD-H04,129.99,4,124.99,513.46
2024-03-29,PRD-B01,38.0,15,39.9,570.0
2024-03-29,PRD-B02,54.0,8,62.64,432.0
2024-03-29,PRD-B03,36.79,21,37.99,684.27
2024-03-29,PRD-B04,97.19,0,89.24,0.0
2024-03-29,PRD-S01,189.99,9,205.19,1709.91
2024-03-29,PRD-S02,27.59,11,32.99,295.21
2024-03-29,PRD-S03,155.99,2,132.99,311.98
2024-03-29,PRD-S04,49.99,1,45.59,49.99
2024-03-30,PRD-E01,161.99,5,152.24,809.95
2024-03-30,PRD-E02,183.99,10,185.24,1839.9
2024-03-30,PRD-E03,237.49,4,227.05,878.72
2024-03-30,PRD-E04,52.79,11,59.39,580.69
2024-03-30,PRD-A01,70.19,5,62.0,350.95
2024-03-30,PRD-A02,134.39,8,103.49,1021.36
2024-03-30,PRD-A03,39.59,9,43.19,354.33
2024-03-30,PRD-A04,98.79,6,105.84,587.8
2024-03-30,PRD-H01,49.99,3,52.24,149.97
2024-03-30,PRD-H02,172.79,6,157.49,1019.46
2024-03-30,PRD-H03,323.99,2,284.99,647.98
2024-03-30,PRD-H04,129.99,8,124.99,1013.92
2024-03-30,PRD-B01,38.0,15,39.9,564.3
2024-03-30,PRD-B02,54.0,9,62.64,477.9
2024-03-30,PRD-B03,36.79,10,37.99,362.38
2024-03-30,PRD-B04,97.19,3,89.24,272.13
2024-03-30,PRD-S01,189.99,10,205.19,1880.9
2024-03-30,PRD-S02,27.59,21,32.99,576.63
2024-03-30,PRD-S03,155.99,3,132.99,467.97
2024-03-30,PRD-S04,49.99,7,45.59,342.43
2024-03-31,PRD-E01,161.99,14,152.24,2267.86
2024-03-31,PRD-E02,183.99,5,185.24,919.95
2024-03-31,PRD-E03,237.49,1,227.05,237.49
2024-03-31,PRD-E04,52.79,5,59.39,258.67
2024-03-31,PRD-A01,70.19,4,62.0,280.76
2024-03-31,PRD-A02,134.39,4,103.49,510.68
2024-03-31,PRD-A03,39.59,9,43.19,348.39
2024-03-31,PRD-A04,98.79,8,105.84,780.44
2024-03-31,PRD-H01,49.99,6,52.24,289.94
2024-03-31,PRD-H02,172.79,10,157.49,1727.9
2024-03-31,PRD-H03,323.99,3,284.99,907.17
2024-03-31,PRD-H04,129.99,6,124.99,766.94
2024-03-31,PRD-B01,38.0,17,39.9,625.1
2024-03-31,PRD-B02,54.0,10,62.64,534.6
2024-03-31,PRD-B03,36.79,26,37.99,954.7
2024-03-31,PRD-B04,97.19,6,89.24,583.14
2024-03-31,PRD-S01,189.99,5,205.19,949.95
2024-03-31,PRD-S02,27.59,21,32.99,572.49
2024-03-31,PRD-S03,155.99,1,132.99,155.99
2024-03-31,PRD-S04,49.99,9,45.59,444.91
2024-04-01,PRD-E01,161.99,9,152.24,1457.91
2024-04-01,PRD-E02,183.99,2,185.24,358.78
2024-04-01,PRD-E03,237.49,2,227.05,463.11
2024-04-01,PRD-E04,52.79,8,59.39,414.4
2024-04-01,PRD-A01,70.19,11,62.0,772.09
2024-04-01,PRD-A02,134.39,13,103.49,1726.91
2024-04-01,PRD-A03,39.59,19,43.19,734.39
2024-04-01,PRD-A04,98.79,5,105.84,493.95
2024-04-01,PRD-H01,49.99,12,52.24,589.88
2024-04-01,PRD-H02,172.79,4,157.49,691.16
2024-04-01,PRD-H03,323.99,2,284.99,647.98
2024-04-01,PRD-H04,129.99,3,124.99,389.97
2024-04-01,PRD-B01,38.0,2,39.9,70.3
2024-04-01,PRD-B02,54.0,5,62.64,261.9
2024-04-01,PRD-B03,36.79,5,37.99,180.27
2024-04-01,PRD-B04,97.19,2,89.24,189.52
2024-04-01,PRD-S01,189.99,4,205.19,759.96
2024-04-01,PRD-S02,27.59,6,32.99,158.64
2024-04-01,PRD-S03,155.99,1,132.99,155.99
2024-04-01,PRD-S04,49.99,4,45.59,199.96
2024-04-02,PRD-E01,161.99,6,152.24,963.84
2024-04-02,PRD-E02,183.99,2,185.24,367.98
2024-04-02,PRD-E03,237.49,0,227.05,0.0
2024-04-02,PRD-E04,52.79,8,59.39,417.04
2024-04-02,PRD-A01,70.19,12,62.0,828.24
2024-04-02,PRD-A02,134.39,1,103.49,107.51
2024-04-02,PRD-A03,39.59,6,43.19,229.62
2024-04-02,PRD-A04,98.79,3,105.84,266.73
2024-04-02,PRD-H01,49.99,3,52.24,149.97
2024-04-02,PRD-H02,172.79,5,157.49,855.31
2024-04-02,PRD-H03,323.99,3,284.99,955.77
2024-04-02,PRD-H04,129.99,13,124.99,1689.87
2024-04-02,PRD-B01,38.0,20,39.9,714.4
2024-04-02,PRD-B02,54.0,11,62.64,594.0
2024-04-02,PRD-B03,36.79,9,37.99,331.11
2024-04-02,PRD-B04,97.19,6,89.24,583.14
2024-04-02,PRD-S01,189.99,5,205.19,949.95
2024-04-02,PRD-S02,27.59,9,32.99,246.93
2024-04-02,PRD-S03,155.99,3,132.99,436.77
2024-04-02,PRD-S04,49.99,5,45.59,249.95
2024-04-03,PRD-E01,161.99,14,152.24,2259.76
2024-04-03,PRD-E02,183.99,2,185.24,367.98
2024-04-03,PRD-E03,237.49,7,227.05,1638.68
2024-04-03,PRD-E04,52.79,14,59.39,696.82
2024-04-03,PRD-A01,70.19,4,62.0,266.72
2024-04-03,PRD-A02,134.39,5,103.49,665.23
2024-04-03,PRD-A03,39.59,16,43.19,629.48
2024-04-03,PRD-A04,98.79,3,105.84,296.37
2024-04-03,PRD-H01,49.99,3,52.24,147.47
2024-04-03,PRD-H02,172.79,5,157.49,794.83
2024-04-03,PRD-H03,323.99,1,284.99,323.99
2024-04-03,PRD-H04,129.99,5,124.99,649.95
2024-04-03,PRD-B01,38.0,21,39.9,780.9
2024-04-03,PRD-B02,54.0,15,62.64,804.6
2024-04-03,PRD-B03,36.79,6,37.99,220.74
2024-04-03,PRD-B04,97.19,3,89.24,281.85
2024-04-03,PRD-S01,189.99,8,205.19,1519.92
2024-04-03,PRD-S02,27.59,24,32.99,656.64
2024-04-03,PRD-S03,155.99,4,132.99,623.96
2024-04-03,PRD-S04,49.99,4,45.59,199.96
2024-04-04,PRD-E01,161.99,11,152.24,1781.89
2024-04-04,PRD-E02,183.99,4,185.24,735.96
2024-04-04,PRD-E03,237.49,3,227.05,712.47
2024-04-04,PRD-E04,52.79,7,59.39,353.69
2024-04-04,PRD-A01,70.19,7,62.0,491.33
2024-04-04,PRD-A02,134.39,1,103.49,114.23
2024-04-04,PRD-A03,39.59,13,43.19,469.13
2024-04-04,PRD-A04,98.79,12,105.84,1180.54
2024-04-04,PRD-H01,49.99,2,52.24,94.98
2024-04-04,PRD-H02,172.79,4,157.49,691.16
2024-04-04,PRD-H03,323.99,9,284.99,2915.91
2024-04-04,PRD-H04,129.99,10,124.99,1195.9
2024-04-04,PRD-B01,38.0,20,39.9,756.2
2024-04-04,PRD-B02,54.0,6,62.64,318.6
2024-04-04,PRD-B03,36.79,9,37.99,331.11
2024-04-04,PRD-B04,97.19,4,89.24,388.76
2024-04-04,PRD-S01,189.99,7,205.19,1291.93
2024-04-04,PRD-S02,27.59,28,32.99,744.92
2024-04-04,PRD-S03,155.99,2,132.99,311.98
2024-04-04,PRD-S04,49.99,1,45.59,49.99
2024-04-05,PRD-E01,161.99,1,152.24,153.89
2024-04-05,PRD-E02,183.99,1,185.24,183.99
2024-04-05,PRD-E03,237.49,3,227.05,712.47
2024-04-05,PRD-E04,52.79,19,59.39,971.33
2024-04-05,PRD-A01,70.19,2,62.0,140.38
2024-04-05,PRD-A02,134.39,5,103.49,671.95
2024-04-05,PRD-A03,39.59,5,43.19,197.95
2024-04-05,PRD-A04,98.79,5,105.84,493.95
2024-04-05,PRD-H01,49.99,8,52.24,387.42
2024-04-05,PRD-H02,172.79,3,157.49,518.37
2024-04-05,PRD-H03,323.99,2,284.99,647.98
2024-04-05,PRD-H04,129.99,6,124.99,779.94
2024-04-05,PRD-B01,38.0,5,39.9,186.2
2024-04-05,PRD-B02,54.0,11,62.64,577.8
2024-04-05,PRD-B03,36.79,7,37.99,250.17
2024-04-05,PRD-B04,97.19,3,89.24,291.57
2024-04-05,PRD-S01,189.99,6,205.19,1139.94
2024-04-05,PRD-S02,27.59,12,32.99,326.94
2024-04-05,PRD-S03,155.99,3,132.99,460.17
2024-04-05,PRD-S04,49.99,9,45.59,434.91
2024-04-06,PRD-E01,161.99,7,152.24,1125.83
2024-04-06,PRD-E02,183.99,4,185.24,735.96
2024-04-06,PRD-E03,237.49,4,227.05,843.1
2024-04-06,PRD-E04,52.79,10,59.39,501.5
2024-04-06,PRD-A01,70.19,11,62.0,761.56
2024-04-06,PRD-A02,134.39,8,103.49,1061.68
2024-04-06,PRD-A03,39.59,10,43.19,395.9
2024-04-06,PRD-A04,98.79,8,105.84,775.5
2024-04-06,PRD-H01,49.99,10,52.24,499.9
2024-04-06,PRD-H02,172.79,6,157.49,1019.46
2024-04-06,PRD-H03,323.99,0,284.99,0.0
2024-04-06,PRD-H04,129.99,8,124.99,1039.92
2024-04-06,PRD-B01,38.0,20,39.9,744.8
2024-04-06,PRD-B02,54.0,18,62.64,963.9
2024-04-06,PRD-B03,36.79,17,37.99,590.47
2024-04-06,PRD-B04,97.19,6,89.24,583.14
2024-04-06,PRD-S01,189.99,5,205.19,892.95
2024-04-06,PRD-S02,27.59,17,32.99,466.27
2024-04-06,PRD-S03,155.99,3,132.99,467.97
2024-04-06,PRD-S04,49.99,11,45.59,544.89
2024-04-07,PRD-E01,161.99,4,152.24,647.96
2024-04-07,PRD-E02,183.99,7,185.24,1287.93
2024-04-07,PRD-E03,237.49,3,227.05,664.97
2024-04-07,PRD-E04,52.79,15,59.39,757.53
2024-04-07,PRD-A01,70.19,15,62.0,1045.83
2024-04-07,PRD-A02,134.39,10,103.49,1323.74
2024-04-07,PRD-A03,39.59,9,43.19,356.31
2024-04-07,PRD-A04,98.79,6,105.84,592.74
2024-04-07,PRD-H01,49.99,6,52.24,299.94
2024-04-07,PRD-H02,172.79,5,157.49,863.95
2024-04-07,PRD-H03,323.99,1,284.99,323.99
2024-04-07,PRD-H04,129.99,6,124.99,779.94
2024-04-07,PRD-B01,38.0,26,39.9,965.2
2024-04-07,PRD-B02,54.0,13,62.64,658.8
2024-04-07,PRD-B03,36.79,11,37.99,399.17
2024-04-07,PRD-B04,97.19,11,89.24,1064.23
2024-04-07,PRD-S01,189.99,4,205.19,750.46
2024-04-07,PRD-S02,27.59,19,32.99,521.45
2024-04-07,PRD-S03,155.99,2,132.99,304.18
2024-04-07,PRD-S04,49.99,12,45.59,589.88
2024-04-08,PRD-E01,167.99,5,152.24,797.95
2024-04-08,PRD-E02,199.99,6,185.24,1179.94
2024-04-08,PRD-E03,249.99,1,227.05,249.99
2024-04-08,PRD-E04,55.19,9,59.39,496.71
2024-04-08,PRD-A01,70.19,2,62.0,133.36
2024-04-08,PRD-A02,119.99,13,103.49,1535.87
2024-04-08,PRD-A03,46.79,4,43.19,187.16
2024-04-08,PRD-A04,102.59,6,105.84,589.89
2024-04-08,PRD-H01,47.49,15,52.24,712.35
2024-04-08,PRD-H02,147.19,4,157.49,588.76
2024-04-08,PRD-H03,299.99,1,284.99,299.99
2024-04-08,PRD-H04,135.19,7,124.99,946.33
2024-04-08,PRD-B01,36.1,11,39.9,382.68
2024-04-08,PRD-B02,54.0,12,62.64,626.4
2024-04-08,PRD-B03,36.79,11,37.99,401.01
2024-04-08,PRD-B04,97.19,6,89.24,583.14
2024-04-08,PRD-S01,199.99,2,205.19,399.98
2024-04-08,PRD-S02,31.19,9,32.99,280.71
2024-04-08,PRD-S03,142.49,2,132.99,284.98
2024-04-08,PRD-S04,45.99,7,45.59,315.03
2024-04-09,PRD-E01,167.99,4,152.24,671.96
2024-04-09,PRD-E02,199.99,1,185.24,199.99
2024-04-09,PRD-E03,249.99,5,227.05,1237.45
2024-04-09,PRD-E04,55.19,6,59.39,309.06
2024-04-09,PRD-A01,70.19,13,62.0,901.94
2024-04-09,PRD-A02,119.99,4,103.49,473.96
2024-04-09,PRD-A03,46.79,18,43.19,814.14
2024-04-09,PRD-A04,102.59,4,105.84,410.36
2024-04-09,PRD-H01,47.49,8,52.24,370.42
2024-04-09,PRD-H02,147.19,5,157.49,728.59
2024-04-09,PRD-H03,299.99,3,284.99,899.97
2024-04-09,PRD-H04,135.19,4,124.99,540.76
2024-04-09,PRD-B01,36.1,14,39.9,489.15
2024-04-09,PRD-B02,54.0,14,62.64,747.9
2024-04-09,PRD-B03,36.79,10,37.99,366.06
2024-04-09,PRD-B04,97.19,2,89.24,194.38
2024-04-09,PRD-S01,199.99,3,205.19,579.97
2024-04-09,PRD-S02,31.19,10,32.99,308.78
2024-04-09,PRD-S03,142.49,2,132.99,284.98
2024-04-09,PRD-S04,45.99,7,45.59,321.93
2024-04-10,PRD-E01,167.99,3,152.24,503.97
2024-04-10,PRD-E02,199.99,4,185.24,799.96
2024-04-10,PRD-E03,249.99,8,227.05,1999.92
2024-04-10,PRD-E04,55.19,15,59.39,819.57
2024-04-10,PRD-A01,70.19,4,62.0,263.21
2024-04-10,PRD-A02,119.99,3,103.49,347.97
2024-04-10,PRD-A03,46.79,9,43.19,418.77
2024-04-10,PRD-A04,102.59,13,105.84,1323.41
2024-04-10,PRD-H01,47.49,6,52.24,277.83
2024-04-10,PRD-H02,147.19,11,157.49,1486.61
2024-04-10,PRD-H03,299.99,0,284.99,0.0
2024-04-10,PRD-H04,135.19,3,124.99,398.81
2024-04-10,PRD-B01,36.1,6,39.9,212.99
2024-04-10,PRD-B02,54.0,6,62.64,324.0
2024-04-10,PRD-B03,36.79,9,37.99,325.59
2024-04-10,PRD-B04,97.19,7,89.24,670.61
2024-04-10,PRD-S01,199.99,9,205.19,1799.91
2024-04-10,PRD-S02,31.19,7,32.99,212.09
2024-04-10,PRD-S03,142.49,6,132.99,854.94
2024-04-10,PRD-S04,45.99,12,45.59,551.88
2024-04-11,PRD-E01,167.99,1,152.24,167.99
2024-04-11,PRD-E02,199.99,7,185.24,1399.93
2024-04-11,PRD-E03,249.99,3,227.05,749.97
2024-04-11,PRD-E04,55.19,6,59.39,328.38
2024-04-11,PRD-A01,70.19,8,62.0,540.46
2024-04-11,PRD-A02,119.99,5,103.49,599.95
2024-04-11,PRD-A03,46.79,7,43.19,320.51
2024-04-11,PRD-A04,102.59,8,105.84,815.59
2024-04-11,PRD-H01,47.49,4,52.24,189.96
2024-04-11,PRD-H02,147.19,5,157.49,735.95
2024-04-11,PRD-H03,299.99,1,284.99,299.99
2024-04-11,PRD-H04,135.19,4,124.99,534.0
2024-04-11,PRD-B01,36.1,9,39.9,310.46
2024-04-11,PRD-B02,54.0,6,62.64,318.6
2024-04-11,PRD-B03,36.79,15,37.99,550.01
2024-04-11,PRD-B04,97.19,4,89.24,388.76
2024-04-11,PRD-S01,199.99,7,205.19,1359.93
2024-04-11,PRD-S02,31.19,14,32.99,430.42
2024-04-11,PRD-S03,142.49,3,132.99,427.47
2024-04-11,PRD-S04,45.99,5,45.59,223.05
2024-04-12,PRD-E01,167.99,2,152.24,335.98
2024-04-12,PRD-E02,199.99,5,185.24,999.95
2024-04-12,PRD-E03,249.99,1,227.05,249.99
2024-04-12,PRD-E04,55.19,5,59.39,256.63
2024-04-12,PRD-A01,70.19,1,62.0,70.19
2024-04-12,PRD-A02,119.99,8,103.49,875.92
2024-04-12,PRD-A03,46.79,8,43.19,364.96
2024-04-12,PRD-A04,102.59,2,105.84,205.18
2024-04-12,PRD-H01,47.49,10,52.24,465.4
2024-04-12,PRD-H02,147.19,9,157.49,1302.63
2024-04-12,PRD-H03,299.99,5,284.99,1259.95
2024-04-12,PRD-H04,135.19,10,124.99,1351.9
2024-04-12,PRD-B01,36.1,16,39.9,563.16
2024-04-12,PRD-B02,54.0,24,62.64,1296.0
2024-04-12,PRD-B03,36.79,12,37.99,435.96
2024-04-12,PRD-B04,97.19,1,89.24,97.19
2024-04-12,PRD-S01,199.99,2,205.19,389.98
2024-04-12,PRD-S02,31.19,10,32.99,300.98
2024-04-12,PRD-S03,142.49,1,132.99,142.49
2024-04-12,PRD-S04,45.99,12,45.59,544.98
2024-04-13,PRD-E01,167.99,3,152.24,503.97
2024-04-13,PRD-E02,199.99,4,185.24,749.96
2024-04-13,PRD-E03,249.99,16,227.05,3724.84
2024-04-13,PRD-E04,55.19,11,59.39,593.29
2024-04-13,PRD-A01,70.19,9,62.0,624.69
2024-04-13,PRD-A02,119.99,12,103.49,1421.88
2024-04-13,PRD-A03,46.79,6,43.19,280.74
2024-04-13,PRD-A04,102.59,5,105.84,512.95
2024-04-13,PRD-H01,47.49,5,52.24,237.45
2024-04-13,PRD-H02,147.19,9,157.49,1309.99
2024-04-13,PRD-H03,299.99,3,284.99,899.97
2024-04-13,PRD-H04,135.19,3,124.99,398.81
2024-04-13,PRD-B01,36.1,19,39.9,676.87
2024-04-13,PRD-B02,54.0,10,62.64,531.9
2024-04-13,PRD-B03,36.79,10,37.99,362.38
2024-04-13,PRD-B04,97.19,4,89.24,369.32
2024-04-13,PRD-S01,199.99,5,205.19,999.95
2024-04-13,PRD-S02,31.19,8,32.99,244.84
2024-04-13,PRD-S03,142.49,11,132.99,1268.14
2024-04-13,PRD-S04,45.99,11,45.59,496.69
2024-04-14,PRD-E01,167.99,3,152.24,478.77
2024-04-14,PRD-E02,199.99,7,185.24,1309.93
2024-04-14,PRD-E03,249.99,4,227.05,937.46
2024-04-14,PRD-E04,55.19,9,59.39,496.71
2024-04-14,PRD-A01,70.19,10,62.0,680.84
2024-04-14,PRD-A02,119.99,5,103.49,569.95
2024-04-14,PRD-A03,46.79,8,43.19,364.96
2024-04-14,PRD-A04,102.59,6,105.84,610.41
2024-04-14,PRD-H01,47.49,3,52.24,142.47
2024-04-14,PRD-H02,147.19,14,157.49,2031.22
2024-04-14,PRD-H03,299.99,2,284.99,599.98
2024-04-14,PRD-H04,135.19,4,124.99,500.2
2024-04-14,PRD-B01,36.1,22,39.9,758.1
2024-04-14,PRD-B02,54.0,16,62.64,845.1
2024-04-14,PRD-B03,36.79,6,37.99,213.38
2024-04-14,PRD-B04,97.19,6,89.24,583.14
2024-04-14,PRD-S01,199.99,3,205.19,559.97
2024-04-14,PRD-S02,31.19,23,32.99,697.09
2024-04-14,PRD-S03,142.49,8,132.99,1125.68
2024-04-14,PRD-S04,45.99,11,45.59,505.89
2024-04-15,PRD-E01,167.99,3,152.24,503.97
2024-04-15,PRD-E02,199.99,6,210.59,1179.94
2024-04-15,PRD-E03,249.99,3,239.0,749.97
2024-04-15,PRD-E04,55.19,11,57.74,604.33
2024-04-15,PRD-A01,70.19,4,66.96,280.76
2024-04-15,PRD-A02,119.99,6,120.74,707.94
2024-04-15,PRD-A03,46.79,6,43.19,271.38
2024-04-15,PRD-A04,102.59,6,88.2,605.28
2024-04-15,PRD-H01,47.49,10,57.74,453.54
2024-04-15,PRD-H02,147.19,5,149.99,728.59
2024-04-15,PRD-H03,299.99,0,299.24,0.0
2024-04-15,PRD-H04,135.19,2,131.24,270.38
2024-04-15,PRD-B01,36.1,19,42.0,660.61
2024-04-15,PRD-B02,54.0,10,58.0,518.4
2024-04-15,PRD-B03,36.79,9,39.89,327.43
2024-04-15,PRD-B04,97.19,4,89.24,369.32
2024-04-15,PRD-S01,199.99,4,205.19,759.96
2024-04-15,PRD-S02,31.19,11,35.63,343.09
2024-04-15,PRD-S03,142.49,5,151.19,641.2
2024-04-15,PRD-S04,45.99,7,45.59,321.93
2024-04-16,PRD-E01,167.99,6,152.24,1007.94
2024-04-16,PRD-E02,199.99,19,210.59,3599.81
2024-04-16,PRD-E03,249.99,5,239.0,1249.95
2024-04-16,PRD-E04,55.19,9,57.74,493.95
2024-04-16,PRD-A01,70.19,8,66.96,561.52
2024-04-16,PRD-A02,119.99,8,120.74,935.92
2024-04-16,PRD-A03,46.79,3,43.19,140.37
2024-04-16,PRD-A04,102.59,7,88.2,687.35
2024-04-16,PRD-H01,47.49,7,57.74,330.06
2024-04-16,PRD-H02,147.19,10,149.99,1449.82
2024-04-16,PRD-H03,299.99,5,299.24,1499.95
2024-04-16,PRD-H04,135.19,6,131.24,811.14
2024-04-16,PRD-B01,36.1,8,42.0,270.74
2024-04-16,PRD-B02,54.0,3,58.0,162.0
2024-04-16,PRD-B03,36.79,11,39.89,404.69
2024-04-16,PRD-B04,97.19,5,89.24,485.95
2024-04-16,PRD-S01,199.99,7,205.19,1389.93
2024-04-16,PRD-S02,31.19,21,35.63,653.43
2024-04-16,PRD-S03,142.49,6,151.19,840.69
2024-04-16,PRD-S04,45.99,5,45.59,229.95
2024-04-17,PRD-E01,167.99,2,152.24,335.98
2024-04-17,PRD-E02,199.99,4,210.59,739.96
2024-04-17,PRD-E03,249.99,1,239.0,249.99
2024-04-17,PRD-E04,55.19,7,57.74,383.57
2024-04-17,PRD-A01,70.19,10,66.96,701.9
2024-04-17,PRD-A02,119.99,7,120.74,803.93
2024-04-17,PRD-A03,46.79,7,43.19,320.51
2024-04-17,PRD-A04,102.59,2,88.2,205.18
2024-04-17,PRD-H01,47.49,12,57.74,550.88
2024-04-17,PRD-H02,147.19,6,149.99,875.78
2024-04-17,PRD-H03,299.99,0,299.24,0.0
2024-04-17,PRD-H04,135.19,2,131.24,270.38
2024-04-17,PRD-B01,36.1,14,42.0,496.38
2024-04-17,PRD-B02,54.0,7,58.0,372.6
2024-04-17,PRD-B03,36.79,4,39.89,147.16
2024-04-17,PRD-B04,97.19,1,89.24,97.19
2024-04-17,PRD-S01,199.99,5,205.19,979.95
2024-04-17,PRD-S02,31.19,18,35.63,553.62
2024-04-17,PRD-S03,142.49,1,151.19,142.49
2024-04-17,PRD-S04,45.99,8,45.59,361.02
2024-04-18,PRD-E01,167.99,7,152.24,1175.93
2024-04-18,PRD-E02,199.99,3,210.59,579.97
2024-04-18,PRD-E03,249.99,3,239.0,749.97
2024-04-18,PRD-E04,55.19,23,57.74,1266.61
2024-04-18,PRD-A01,70.19,2,66.96,140.38
2024-04-18,PRD-A02,119.99,13,120.74,1559.87
2024-04-18,PRD-A03,46.79,8,43.19,355.6
2024-04-18,PRD-A04,102.59,6,88.2,605.28
2024-04-18,PRD-H01,47.49,5,57.74,237.45
2024-04-18,PRD-H02,147.19,4,149.99,588.76
2024-04-18,PRD-H03,299.99,0,299.24,0.0
2024-04-18,PRD-H04,135.19,1,131.24,135.19
2024-04-18,PRD-B01,36.1,12,42.0,429.59
2024-04-18,PRD-B02,54.0,17,58.0,907.2
2024-04-18,PRD-B03,36.79,3,39.89,108.53
2024-04-18,PRD-B04,97.19,1,89.24,97.19
2024-04-18,PRD-S01,199.99,5,205.19,959.95
2024-04-18,PRD-S02,31.19,11,35.63,343.09
2024-04-18,PRD-S03,142.49,3,151.19,413.22
2024-04-18,PRD-S04,45.99,1,45.59,45.99
2024-04-19,PRD-E01,167.99,8,152.24,1343.92
2024-04-19,PRD-E02,199.99,4,210.59,719.96
2024-04-19,PRD-E03,249.99,2,239.0,499.98
2024-04-19,PRD-E04,55.19,3,57.74,165.57
2024-04-19,PRD-A01,70.19,1,66.96,70.19
2024-04-19,PRD-A02,119.99,17,120.74,2027.83
2024-04-19,PRD-A03,46.79,7,43.19,327.53
2024-04-19,PRD-A04,102.59,4,88.2,400.1
2024-04-19,PRD-H01,47.49,9,57.74,420.29
2024-04-19,PRD-H02,147.19,6,149.99,816.9
2024-04-19,PRD-H03,299.99,1,299.24,284.99
2024-04-19,PRD-H04,135.19,8,131.24,1068.0
2024-04-19,PRD-B01,36.1,4,42.0,144.4
2024-04-19,PRD-B02,54.0,5,58.0,261.9
2024-04-19,PRD-B03,36.79,12,39.89,437.8
2024-04-19,PRD-B04,97.19,5,89.24,485.95
2024-04-19,PRD-S01,199.99,3,205.19,579.97
2024-04-19,PRD-S02,31.19,8,35.63,240.16
2024-04-19,PRD-S03,142.49,6,151.19,819.32
2024-04-19,PRD-S04,45.99,3,45.59,137.97
2024-04-20,PRD-E01,167.99,8,152.24,1343.92
2024-04-20,PRD-E02,199.99,5,210.59,999.95
2024-04-20,PRD-E03,249.99,4,239.0,999.96
2024-04-20,PRD-E04,55.19,9,57.74,496.71
2024-04-20,PRD-A01,70.19,6,66.96,410.61
2024-04-20,PRD-A02,119.99,11,120.74,1283.89
2024-04-20,PRD-A03,46.79,8,43.19,367.3
2024-04-20,PRD-A04,102.59,17,88.2,1744.03
2024-04-20,PRD-H01,47.49,2,57.74,94.98
2024-04-20,PRD-H02,147.19,9,149.99,1295.27
2024-04-20,PRD-H03,299.99,3,299.24,869.97
2024-04-20,PRD-H04,135.19,3,131.24,378.53
2024-04-20,PRD-B01,36.1,19,42.0,685.9
2024-04-20,PRD-B02,54.0,6,58.0,324.0
2024-04-20,PRD-B03,36.79,17,39.89,614.39
2024-04-20,PRD-B04,97.19,5,89.24,466.51
2024-04-20,PRD-S01,199.99,5,205.19,999.95
2024-04-20,PRD-S02,31.19,26,35.63,790.66
2024-04-20,PRD-S03,142.49,4,151.19,562.84
2024-04-20,PRD-S04,45.99,9,45.59,402.41
2024-04-21,PRD-E01,167.99,4,152.24,671.96
2024-04-21,PRD-E02,199.99,7,210.59,1399.93
2024-04-21,PRD-E03,249.99,5,239.0,1249.95
2024-04-21,PRD-E04,55.19,16,57.74,877.52
2024-04-21,PRD-A01,70.19,12,66.96,789.63
2024-04-21,PRD-A02,119.99,11,120.74,1289.89
2024-04-21,PRD-A03,46.79,11,43.19,510.01
2024-04-21,PRD-A04,102.59,9,88.2,887.4
2024-04-21,PRD-H01,47.49,6,57.74,284.94
2024-04-21,PRD-H02,147.19,5,149.99,735.95
2024-04-21,PRD-H03,299.99,4,299.24,1199.96
2024-04-21,PRD-H04,135.19,3,131.24,405.57
2024-04-21,PRD-B01,36.1,22,42.0,792.4
2024-04-21,PRD-B02,54.0,9,58.0,477.9
2024-04-21,PRD-B03,36.79,8,39.89,294.32
2024-04-21,PRD-B04,97.19,4,89.24,383.9
2024-04-21,PRD-S01,199.99,4,205.19,799.96
2024-04-21,PRD-S02,31.19,18,35.63,558.3
2024-04-21,PRD-S03,142.49,5,151.19,691.08
2024-04-21,PRD-S04,45.99,9,45.59,411.61
2024-04-22,PRD-E01,149.99,3,152.24,449.97
2024-04-22,PRD-E02,189.99,4,210.59,683.96
2024-04-22,PRD-E03,249.99,8,239.0,1999.92
2024-04-22,PRD-E04,64.79,4,57.74,259.16
2024-04-22,PRD-A01,64.99,2,66.96,129.98
2024-04-22,PRD-A02,119.99,1,120.74,119.99
2024-04-22,PRD-A03,48.59,7,43.19,332.84
2024-04-22,PRD-A04,94.99,10,88.2,949.9
2024-04-22,PRD-H01,45.99,4,57.74,183.96
2024-04-22,PRD-H02,140.79,13,149.99,1745.79
2024-04-22,PRD-H03,284.99,0,299.24,0.0
2024-04-22,PRD-H04,129.99,5,131.24,630.45
2024-04-22,PRD-B01,41.04,3,42.0,123.12
2024-04-22,PRD-B02,47.52,18,58.0,850.61
2024-04-22,PRD-B03,37.99,9,39.89,340.01
2024-04-22,PRD-B04,100.79,5,89.24,483.79
2024-04-22,PRD-S01,207.99,9,205.19,1861.51
2024-04-22,PRD-S02,32.39,10,35.63,323.9
2024-04-22,PRD-S03,131.99,14,151.19,1847.86
2024-04-22,PRD-S04,43.99,7,45.59,296.93
2024-04-23,PRD-E01,149.99,5,152.24,742.45
2024-04-23,PRD-E02,189.99,12,210.59,2270.38
2024-04-23,PRD-E03,249.99,5,239.0,1249.95
2024-04-23,PRD-E04,64.79,0,57.74,0.0
2024-04-23,PRD-A01,64.99,4,66.96,250.21
2024-04-23,PRD-A02,119.99,18,120.74,2153.82
2024-04-23,PRD-A03,48.59,5,43.19,242.95
2024-04-23,PRD-A04,94.99,9,88.2,850.16
2024-04-23,PRD-H01,45.99,3,57.74,137.97
2024-04-23,PRD-H02,140.79,7,149.99,985.53
2024-04-23,PRD-H03,284.99,2,299.24,541.48
2024-04-23,PRD-H04,129.99,9,131.24,1169.91
2024-04-23,PRD-B01,41.04,14,42.0,572.51
2024-04-23,PRD-B02,47.52,14,58.0,660.53
2024-04-23,PRD-B03,37.99,4,39.89,151.96
2024-04-23,PRD-B04,100.79,13,89.24,1310.27
2024-04-23,PRD-S01,207.99,2,205.19,415.98
2024-04-23,PRD-S02,32.39,4,35.63,124.7
2024-04-23,PRD-S03,131.99,12,151.19,1550.88
2024-04-23,PRD-S04,43.99,7,45.59,305.73
2024-04-24,PRD-E01,149.99,8,152.24,1154.92
2024-04-24,PRD-E02,189.99,5,210.59,911.95
2024-04-24,PRD-E03,249.99,1,239.0,249.99
2024-04-24,PRD-E04,64.79,17,57.74,1098.19
2024-04-24,PRD-A01,64.99,5,66.96,324.95
2024-04-24,PRD-A02,119.99,7,120.74,833.93
2024-04-24,PRD-A03,48.59,2,43.19,97.18
2024-04-24,PRD-A04,94.99,7,88.2,650.68
2024-04-24,PRD-H01,45.99,7,57.74,321.93
2024-04-24,PRD-H02,140.79,15,149.99,2041.45
2024-04-24,PRD-H03,284.99,5,299.24,1382.2
2024-04-24,PRD-H04,129.99,5,131.24,649.95
2024-04-24,PRD-B01,41.04,17,42.0,666.93
2024-04-24,PRD-B02,47.52,6,58.0,285.12
2024-04-24,PRD-B03,37.99,12,39.89,455.88
2024-04-24,PRD-B04,100.79,2,89.24,201.58
2024-04-24,PRD-S01,207.99,4,205.19,779.96
2024-04-24,PRD-S02,32.39,11,35.63,353.05
2024-04-24,PRD-S03,131.99,3,151.19,395.97
2024-04-24,PRD-S04,43.99,11,45.59,472.89
2024-04-25,PRD-E01,149.99,5,152.24,749.95
2024-04-25,PRD-E02,189.99,4,210.59,721.96
2024-04-25,PRD-E03,249.99,3,239.0,724.97
2024-04-25,PRD-E04,64.79,14,57.74,868.18
2024-04-25,PRD-A01,64.99,8,66.96,516.67
2024-04-25,PRD-A02,119.99,10,120.74,1193.9
2024-04-25,PRD-A03,48.59,4,43.19,194.36
2024-04-25,PRD-A04,94.99,27,88.2,2564.73
2024-04-25,PRD-H01,45.99,8,57.74,363.32
2024-04-25,PRD-H02,140.79,15,149.99,2062.57
2024-04-25,PRD-H03,284.99,0,299.24,0.0
2024-04-25,PRD-H04,129.99,3,131.24,389.97
2024-04-25,PRD-B01,41.04,12,42.0,482.22
2024-04-25,PRD-B02,47.52,21,58.0,978.88
2024-04-25,PRD-B03,37.99,19,39.89,718.01
2024-04-25,PRD-B04,100.79,1,89.24,100.79
2024-04-25,PRD-S01,207.99,1,205.19,207.99
2024-04-25,PRD-S02,32.39,14,35.63,434.02
2024-04-25,PRD-S03,131.99,4,151.19,527.96
2024-04-25,PRD-S04,43.99,5,45.59,219.95
2024-04-26,PRD-E01,149.99,10,152.24,1499.9
2024-04-26,PRD-E02,189.99,0,210.59,0.0
2024-04-26,PRD-E03,249.99,2,239.0,499.98
2024-04-26,PRD-E04,64.79,11,57.74,706.21
2024-04-26,PRD-A01,64.99,18,66.96,1153.57
2024-04-26,PRD-A02,119.99,11,120.74,1307.89
2024-04-26,PRD-A03,48.59,12,43.19,583.08
2024-04-26,PRD-A04,94.99,7,88.2,664.93
2024-04-26,PRD-H01,45.99,7,57.74,321.93
2024-04-26,PRD-H02,140.79,2,149.99,281.58
2024-04-26,PRD-H03,284.99,3,299.24,854.97
2024-04-26,PRD-H04,129.99,0,131.24,0.0
2024-04-26,PRD-B01,41.04,8,42.0,324.22
2024-04-26,PRD-B02,47.52,14,58.0,646.28
2024-04-26,PRD-B03,37.99,6,39.89,227.94
2024-04-26,PRD-B04,100.79,1,89.24,100.79
2024-04-26,PRD-S01,207.99,3,205.19,623.97
2024-04-26,PRD-S02,32.39,1,35.63,32.39
2024-04-26,PRD-S03,131.99,1,151.19,131.99
2024-04-26,PRD-S04,43.99,9,45.59,391.51
2024-04-27,PRD-E01,149.99,6,152.24,869.94
2024-04-27,PRD-E02,189.99,19,210.59,3571.81
2024-04-27,PRD-E03,249.99,3,239.0,749.97
2024-04-27,PRD-E04,64.79,7,57.74,453.53
2024-04-27,PRD-A01,64.99,1,66.96,64.99
2024-04-27,PRD-A02,119.99,11,120.74,1307.89
2024-04-27,PRD-A03,48.59,7,43.19,340.13
2024-04-27,PRD-A04,94.99,7,88.2,645.93
2024-04-27,PRD-H01,45.99,2,57.74,91.98
2024-04-27,PRD-H02,140.79,0,149.99,0.0
2024-04-27,PRD-H03,284.99,5,299.24,1410.7
2024-04-27,PRD-H04,129.99,7,131.24,903.43
2024-04-27,PRD-B01,41.04,10,42.0,410.4
2024-04-27,PRD-B02,47.52,13,58.0,608.25
2024-04-27,PRD-B03,37.99,19,39.89,659.11
2024-04-27,PRD-B04,100.79,3,89.24,302.37
2024-04-27,PRD-S01,207.99,2,205.19,405.58
2024-04-27,PRD-S02,32.39,18,35.63,571.68
2024-04-27,PRD-S03,131.99,13,151.19,1702.67
2024-04-27,PRD-S04,43.99,14,45.59,589.46
2024-04-28,PRD-E01,149.99,5,152.24,712.45
2024-04-28,PRD-E02,189.99,2,210.59,379.98
2024-04-28,PRD-E03,249.99,3,239.0,749.97
2024-04-28,PRD-E04,64.79,16,57.74,1026.92
2024-04-28,PRD-A01,64.99,11,66.96,714.89
2024-04-28,PRD-A02,119.99,14,120.74,1655.86
2024-04-28,PRD-A03,48.59,5,43.19,242.95
2024-04-28,PRD-A04,94.99,7,88.2,655.43
2024-04-28,PRD-H01,45.99,5,57.74,225.35
2024-04-28,PRD-H02,140.79,8,149.99,1126.32
2024-04-28,PRD-H03,284.99,11,299.24,3134.89
2024-04-28,PRD-H04,129.99,9,131.24,1143.91
2024-04-28,PRD-B01,41.04,20,42.0,816.7
2024-04-28,PRD-B02,47.52,8,58.0,377.78
2024-04-28,PRD-B03,37.99,18,39.89,683.82
2024-04-28,PRD-B04,100.79,4,89.24,403.16
2024-04-28,PRD-S01,207.99,3,205.19,623.97
2024-04-28,PRD-S02,32.39,4,35.63,129.56
2024-04-28,PRD-S03,131.99,6,151.19,791.94
2024-04-28,PRD-S04,43.99,20,45.59,875.4
2024-04-29,PRD-E01,149.99,7,152.24,1049.93
2024-04-29,PRD-E02,189.99,7,210.59,1329.93
2024-04-29,PRD-E03,249.99,0,239.0,0.0
2024-04-29,PRD-E04,64.79,2,57.74,129.58
2024-04-29,PRD-A01,64.99,4,66.96,259.96
2024-04-29,PRD-A02,119.99,12,120.74,1427.88
2024-04-29,PRD-A03,48.59,7,43.19,332.84
2024-04-29,PRD-A04,94.99,5,88.2,474.95
2024-04-29,PRD-H01,45.99,6,57.74,273.64
2024-04-29,PRD-H02,140.79,9,149.99,1260.07
2024-04-29,PRD-H03,284.99,2,299.24,569.98
2024-04-29,PRD-H04,129.99,0,131.24,0.0
2024-04-29,PRD-B01,41.04,15,42.0,615.6
2024-04-29,PRD-B02,47.52,8,58.0,380.16
2024-04-29,PRD-B03,37.99,7,39.89,254.53
2024-04-29,PRD-B04,100.79,4,89.24,403.16
2024-04-29,PRD-S01,207.99,3,205.19,623.97
2024-04-29,PRD-S02,32.39,18,35.63,583.02
2024-04-29,PRD-S03,131.99,1,151.19,131.99
2024-04-29,PRD-S04,43.99,12,45.59,521.28
2024-04-30,PRD-E01,149.99,3,152.24,449.97
2024-04-30,PRD-E02,189.99,0,210.59,0.0
2024-04-30,PRD-E03,249.99,6,239.0,1449.94
2024-04-30,PRD-E04,64.79,3,57.74,191.13
2024-04-30,PRD-A01,64.99,2,66.96,123.48
2024-04-30,PRD-A02,119.99,6,120.74,713.94
2024-04-30,PRD-A03,48.59,11,43.19,532.06
2024-04-30,PRD-A04,94.99,7,88.2,660.18
2024-04-30,PRD-H01,45.99,10,57.74,427.7
2024-04-30,PRD-H02,140.79,6,149.99,830.66
2024-04-30,PRD-H03,284.99,5,299.24,1424.95
2024-04-30,PRD-H04,129.99,2,131.24,240.48
2024-04-30,PRD-B01,41.04,8,42.0,328.32
2024-04-30,PRD-B02,47.52,16,58.0,755.56
2024-04-30,PRD-B03,37.99,6,39.89,212.74
2024-04-30,PRD-B04,100.79,1,89.24,100.79
2024-04-30,PRD-S01,207.99,2,205.19,415.98
2024-04-30,PRD-S02,32.39,5,35.63,161.95
2024-04-30,PRD-S03,131.99,1,151.19,131.99
2024-04-30,PRD-S04,43.99,12,45.59,527.88
2024-05-01,PRD-E01,149.99,7,152.24,1049.93
2024-05-01,PRD-E02,189.99,1,210.59,189.99
2024-05-01,PRD-E03,249.99,5,239.0,1249.95
2024-05-01,PRD-E04,64.79,12,57.74,774.24
2024-05-01,PRD-A01,64.99,1,66.96,64.99
2024-05-01,PRD-A02,119.99,6,120.74,713.94
2024-05-01,PRD-A03,48.59,7,43.19,335.27
2024-05-01,PRD-A04,94.99,2,88.2,175.73
2024-05-01,PRD-H01,45.99,4,57.74,183.96
2024-05-01,PRD-H02,140.79,4,149.99,563.16
2024-05-01,PRD-H03,284.99,0,299.24,0.0
2024-05-01,PRD-H04,129.99,4,131.24,519.96
2024-05-01,PRD-B01,41.04,5,42.0,203.15
2024-05-01,PRD-B02,47.52,12,58.0,565.49
2024-05-01,PRD-B03,37.99,11,39.89,404.59
2024-05-01,PRD-B04,100.79,12,89.24,1209.48
2024-05-01,PRD-S01,207.99,3,205.19,623.97
2024-05-01,PRD-S02,32.39,3,35.63,97.17
2024-05-01,PRD-S03,131.99,6,151.19,778.74
2024-05-01,PRD-S04,43.99,11,45.59,470.69
2024-05-02,PRD-E01,149.99,7,152.24,937.43
2024-05-02,PRD-E02,189.99,7,210.59,1282.43
2024-05-02,PRD-E03,249.99,2,239.0,499.98
2024-05-02,PRD-E04,64.79,11,57.74,699.73
2024-05-02,PRD-A01,64.99,3,66.96,194.97
2024-05-02,PRD-A02,119.99,6,120.74,719.94
2024-05-02,PRD-A03,48.59,12,43.19,578.22
2024-05-02,PRD-A04,94.99,6,88.2,565.19
2024-05-02,PRD-H01,45.99,6,57.74,275.94
2024-05-02,PRD-H02,140.79,2,149.99,253.42
2024-05-02,PRD-H03,284.99,2,299.24,569.98
2024-05-02,PRD-H04,129.99,3,131.24,389.97
2024-05-02,PRD-B01,41.04,6,42.0,244.19
2024-05-02,PRD-B02,47.52,18,58.0,848.23
2024-05-02,PRD-B03,37.99,8,39.89,300.12
2024-05-02,PRD-B04,100.79,4,89.24,403.16
2024-05-02,PRD-S01,207.99,1,205.19,176.79
2024-05-02,PRD-S02,32.39,8,35.63,255.88
2024-05-02,PRD-S03,131.99,6,151.19,772.14
2024-05-02,PRD-S04,43.99,6,45.59,259.54
2024-05-03,PRD-E01,149.99,22,152.24,3119.78
2024-05-03,PRD-E02,189.99,7,210.59,1329.93
2024-05-03,PRD-E03,249.99,1,239.0,249.99
2024-05-03,PRD-E04,64.79,4,57.74,252.68
2024-05-03,PRD-A01,64.99,3,66.96,191.72
2024-05-03,PRD-A02,119.99,5,120.74,587.95
2024-05-03,PRD-A03,48.59,9,43.19,427.59
2024-05-03,PRD-A04,94.99,3,88.2,284.97
2024-05-03,PRD-H01,45.99,5,57.74,225.35
2024-05-03,PRD-H02,140.79,3,149.99,394.21
2024-05-03,PRD-H03,284.99,3,299.24,854.97
2024-05-03,PRD-H04,129.99,5,131.24,636.95
2024-05-03,PRD-B01,41.04,4,42.0,164.16
2024-05-03,PRD-B02,47.52,7,58.0,327.89
2024-05-03,PRD-B03,37.99,13,39.89,476.77
2024-05-03,PRD-B04,100.79,2,89.24,201.58
2024-05-03,PRD-S01,207.99,5,205.19,1019.15
2024-05-03,PRD-S02,32.39,13,35.63,421.07
2024-05-03,PRD-S03,131.99,9,151.19,1174.71
2024-05-03,PRD-S04,43.99,17,45.59,734.63
2024-05-04,PRD-E01,149.99,8,152.24,1184.92
2024-05-04,PRD-E02,189.99,10,210.59,1899.9
2024-05-04,PRD-E03,249.99,4,239.0,999.96
2024-05-04,PRD-E04,64.79,15,57.74,968.61
2024-05-04,PRD-A01,64.99,0,66.96,0.0
2024-05-04,PRD-A02,119.99,12,120.74,1415.88
2024-05-04,PRD-A03,48.59,9,43.19,432.45
2024-05-04,PRD-A04,94.99,10,88.2,935.65
2024-05-04,PRD-H01,45.99,5,57.74,229.95
2024-05-04,PRD-H02,140.79,4,149.99,563.16
2024-05-04,PRD-H03,284.99,4,299.24,1139.96
2024-05-04,PRD-H04,129.99,11,131.24,1429.89
2024-05-04,PRD-B01,41.04,12,42.0,492.48
2024-05-04,PRD-B02,47.52,12,58.0,541.74
2024-05-04,PRD-B03,37.99,6,39.89,220.34
2024-05-04,PRD-B04,100.79,4,89.24,403.16
2024-05-04,PRD-S01,207.99,3,205.19,623.97
2024-05-04,PRD-S02,32.39,12,35.63,383.82
2024-05-04,PRD-S03,131.99,1,151.19,118.79
2024-05-04,PRD-S04,43.99,21,45.59,910.59
2024-05-05,PRD-E01,149.99,6,152.24,877.44
2024-05-05,PRD-E02,189.99,11,210.59,2080.39
2024-05-05,PRD-E03,249.99,6,239.0,1499.94
2024-05-05,PRD-E04,64.79,11,57.74,712.69
2024-05-05,PRD-A01,64.99,5,66.96,324.95
2024-05-05,PRD-A02,119.99,8,120.74,947.92
2024-05-05,PRD-A03,48.59,15,43.19,728.85
2024-05-05,PRD-A04,94.99,6,88.2,569.94
2024-05-05,PRD-H01,45.99,12,57.74,551.88
2024-05-05,PRD-H02,140.79,6,149.99,823.62
2024-05-05,PRD-H03,284.99,1,299.24,284.99
2024-05-05,PRD-H04,129.99,4,131.24,519.96
2024-05-05,PRD-B01,41.04,10,42.0,410.4
2024-05-05,PRD-B02,47.52,16,58.0,753.19
2024-05-05,PRD-B03,37.99,13,39.89,493.87
2024-05-05,PRD-B04,100.79,6,89.24,604.74
2024-05-05,PRD-S01,207.99,6,205.19,1185.54
2024-05-05,PRD-S02,32.39,22,35.63,709.34
2024-05-05,PRD-S03,131.99,11,151.19,1425.49
2024-05-05,PRD-S04,43.99,8,45.59,343.12
2024-05-06,PRD-E01,142.49,8,152.24,1139.92
2024-05-06,PRD-E02,199.99,3,194.99,579.97
2024-05-06,PRD-E03,249.99,3,239.0,712.47
2024-05-06,PRD-E04,62.39,9,52.24,561.51
2024-05-06,PRD-A01,70.19,5,65.1,350.95
2024-05-06,PRD-A02,113.99,12,120.74,1350.78
2024-05-06,PRD-A03,42.74,8,43.19,335.51
2024-05-06,PRD-A04,83.59,14,105.84,1170.26
2024-05-06,PRD-H01,47.49,1,59.39,47.49
2024-05-06,PRD-H02,166.39,10,149.99,1622.3
2024-05-06,PRD-H03,263.99,8,270.74,2098.72
2024-05-06,PRD-H04,140.39,3,124.99,393.09
2024-05-06,PRD-B01,36.1,17,42.0,597.45
2024-05-06,PRD-B02,58.32,7,52.2,396.58
2024-05-06,PRD-B03,41.59,5,37.99,207.95
2024-05-06,PRD-B04,82.79,5,84.99,413.95
2024-05-06,PRD-S01,175.99,9,170.99,1583.91
2024-05-06,PRD-S02,32.39,27,31.34,872.91
2024-05-06,PRD-S03,137.99,8,139.99,1076.32
2024-05-06,PRD-S04,49.99,25,47.99,1237.25
2024-05-07,PRD-E01,142.49,8,152.24,1139.92
2024-05-07,PRD-E02,199.99,29,194.99,5799.71
2024-05-07,PRD-E03,249.99,2,239.0,499.98
2024-05-07,PRD-E04,62.39,10,52.24,623.9
2024-05-07,PRD-A01,70.19,2,65.1,140.38
2024-05-07,PRD-A02,113.99,6,120.74,683.94
2024-05-07,PRD-A03,42.74,2,43.19,85.48
2024-05-07,PRD-A04,83.59,8,105.84,668.72
2024-05-07,PRD-H01,47.49,6,59.39,270.69
2024-05-07,PRD-H02,166.39,5,149.99,823.63
2024-05-07,PRD-H03,263.99,3,270.74,791.97
2024-05-07,PRD-H04,140.39,12,124.99,1614.48
2024-05-07,PRD-B01,36.1,11,42.0,389.88
2024-05-07,PRD-B02,58.32,5,52.2,291.6
2024-05-07,PRD-B03,41.59,4,37.99,164.28
2024-05-07,PRD-B04,82.79,3,84.99,231.81
2024-05-07,PRD-S01,175.99,7,170.99,1231.93
2024-05-07,PRD-S02,32.39,6,31.34,194.34
2024-05-07,PRD-S03,137.99,5,139.99,676.15
2024-05-07,PRD-S04,49.99,7,47.99,349.93
2024-05-08,PRD-E01,142.49,9,152.24,1253.93
2024-05-08,PRD-E02,199.99,3,194.99,599.97
2024-05-08,PRD-E03,249.99,0,239.0,0.0
2024-05-08,PRD-E04,62.39,10,52.24,611.42
2024-05-08,PRD-A01,70.19,3,65.1,196.53
2024-05-08,PRD-A02,113.99,11,120.74,1231.09
2024-05-08,PRD-A03,42.74,12,43.19,512.88
2024-05-08,PRD-A04,83.59,1,105.84,83.59
2024-05-08,PRD-H01,47.49,8,59.39,379.92
2024-05-08,PRD-H02,166.39,7,149.99,1148.09
2024-05-08,PRD-H03,263.99,3,270.74,778.77
2024-05-08,PRD-H04,140.39,4,124.99,547.52
2024-05-08,PRD-B01,36.1,10,42.0,361.0
2024-05-08,PRD-B02,58.32,14,52.2,810.65
2024-05-08,PRD-B03,41.59,4,37.99,166.36
2024-05-08,PRD-B04,82.79,3,84.99,248.37
2024-05-08,PRD-S01,175.99,8,170.99,1399.12
2024-05-08,PRD-S02,32.39,4,31.34,126.32
2024-05-08,PRD-S03,137.99,6,139.99,827.94
2024-05-08,PRD-S04,49.99,12,47.99,582.38
2024-05-09,PRD-E01,142.49,3,152.24,427.47
2024-05-09,PRD-E02,199.99,2,194.99,399.98
2024-05-09,PRD-E03,249.99,2,239.0,499.98
2024-05-09,PRD-E04,62.39,3,52.24,187.17
2024-05-09,PRD-A01,70.19,4,65.1,266.72
2024-05-09,PRD-A02,113.99,4,120.74,450.26
2024-05-09,PRD-A03,42.74,6,43.19,256.44
2024-05-09,PRD-A04,83.59,7,105.84,576.77
2024-05-09,PRD-H01,47.49,34,59.39,1600.42
2024-05-09,PRD-H02,166.39,5,149.99,798.67
2024-05-09,PRD-H03,263.99,2,270.74,527.98
2024-05-09,PRD-H04,140.39,3,124.99,421.17
2024-05-09,PRD-B01,36.1,11,42.0,397.1
2024-05-09,PRD-B02,58.32,6,52.2,347.0
2024-05-09,PRD-B03,41.59,7,37.99,286.97
2024-05-09,PRD-B04,82.79,3,84.99,248.37
2024-05-09,PRD-S01,175.99,2,170.99,351.98
2024-05-09,PRD-S02,32.39,11,31.34,353.05
2024-05-09,PRD-S03,137.99,2,139.99,275.98
2024-05-09,PRD-S04,49.99,6,47.99,294.94
2024-05-10,PRD-E01,142.49,4,152.24,520.1
2024-05-10,PRD-E02,199.99,6,194.99,1169.94
2024-05-10,PRD-E03,249.99,13,239.0,3249.87
2024-05-10,PRD-E04,62.39,5,52.24,311.95
2024-05-10,PRD-A01,70.19,8,65.1,558.01
2024-05-10,PRD-A02,113.99,6,120.74,683.94
2024-05-10,PRD-A03,42.74,3,43.19,128.22
2024-05-10,PRD-A04,83.59,4,105.84,309.28
2024-05-10,PRD-H01,47.49,9,59.39,406.05
2024-05-10,PRD-H02,166.39,1,149.99,166.39
2024-05-10,PRD-H03,263.99,5,270.74,1319.95
2024-05-10,PRD-H04,140.39,3,124.99,421.17
2024-05-10,PRD-B01,36.1,19,42.0,685.9
2024-05-10,PRD-B02,58.32,14,52.2,766.9
2024-05-10,PRD-B03,41.59,7,37.99,274.49
2024-05-10,PRD-B04,82.79,0,84.99,0.0
2024-05-10,PRD-S01,175.99,3,170.99,439.97
2024-05-10,PRD-S02,32.39,7,31.34,223.49
2024-05-10,PRD-S03,137.99,4,139.99,517.46
2024-05-10,PRD-S04,49.99,9,47.99,449.91
2024-05-11,PRD-E01,142.49,8,152.24,1139.92
2024-05-11,PRD-E02,199.99,9,194.99,1799.91
2024-05-11,PRD-E03,249.99,1,239.0,249.99
2024-05-11,PRD-E04,62.39,13,52.24,798.59
2024-05-11,PRD-A01,70.19,5,65.1,322.87
2024-05-11,PRD-A02,113.99,11,120.74,1248.19
2024-05-11,PRD-A03,42.74,8,43.19,337.64
2024-05-11,PRD-A04,83.59,13,105.84,1078.31
2024-05-11,PRD-H01,47.49,7,59.39,313.43
2024-05-11,PRD-H02,166.39,6,149.99,965.06
2024-05-11,PRD-H03,263.99,7,270.74,1755.53
2024-05-11,PRD-H04,140.39,5,124.99,694.93
2024-05-11,PRD-B01,36.1,6,42.0,207.6
2024-05-11,PRD-B02,58.32,7,52.2,405.32
2024-05-11,PRD-B03,41.59,20,37.99,831.8
2024-05-11,PRD-B04,82.79,5,84.99,413.95
2024-05-11,PRD-S01,175.99,6,170.99,994.34
2024-05-11,PRD-S02,32.39,5,31.34,158.71
2024-05-11,PRD-S03,137.99,6,139.99,827.94
2024-05-11,PRD-S04,49.99,12,47.99,594.88
2024-05-12,PRD-E01,142.49,4,152.24,548.59
2024-05-12,PRD-E02,199.99,4,194.99,739.96
2024-05-12,PRD-E03,249.99,1,239.0,224.99
2024-05-12,PRD-E04,62.39,7,52.24,436.73
2024-05-12,PRD-A01,70.19,3,65.1,210.57
2024-05-12,PRD-A02,113.99,15,120.74,1635.75
2024-05-12,PRD-A03,42.74,16,43.19,636.86
2024-05-12,PRD-A04,83.59,4,105.84,334.36
2024-05-12,PRD-H01,47.49,10,59.39,474.9
2024-05-12,PRD-H02,166.39,4,149.99,648.92
2024-05-12,PRD-H03,263.99,4,270.74,1055.96
2024-05-12,PRD-H04,140.39,2,124.99,280.78
2024-05-12,PRD-B01,36.1,12,42.0,433.2
2024-05-12,PRD-B02,58.32,12,52.2,688.18
2024-05-12,PRD-B03,41.59,9,37.99,372.23
2024-05-12,PRD-B04,82.79,1,84.99,82.79
2024-05-12,PRD-S01,175.99,2,170.99,351.98
2024-05-12,PRD-S02,32.39,16,31.34,500.42
2024-05-12,PRD-S03,137.99,4,139.99,551.96
2024-05-12,PRD-S04,49.99,23,47.99,1149.77
2024-05-13,PRD-E01,142.49,2,152.24,284.98
2024-05-13,PRD-E02,199.99,3,194.99,599.97
2024-05-13,PRD-E03,249.99,3,239.0,674.97
2024-05-13,PRD-E04,62.39,15,52.24,904.65
2024-05-13,PRD-A01,70.19,5,65.1,350.95
2024-05-13,PRD-A02,113.99,5,120.74,564.25
2024-05-13,PRD-A03,42.74,2,43.19,76.93
2024-05-13,PRD-A04,83.59,7,105.84,580.95
2024-05-13,PRD-H01,47.49,2,59.39,94.98
2024-05-13,PRD-H02,166.39,3,149.99,499.17
2024-05-13,PRD-H03,263.99,6,270.74,1504.74
2024-05-13,PRD-H04,140.39,10,124.99,1382.84
2024-05-13,PRD-B01,36.1,13,42.0,469.3
2024-05-13,PRD-B02,58.32,7,52.2,376.17
2024-05-13,PRD-B03,41.59,8,37.99,332.72
2024-05-13,PRD-B04,82.79,4,84.99,331.16
2024-05-13,PRD-S01,175.99,9,170.99,1513.51
2024-05-13,PRD-S02,32.39,16,31.34,503.66
2024-05-13,PRD-S03,137.99,5,139.99,689.95
2024-05-13,PRD-S04,49.99,5,47.99,242.45
2024-05-14,PRD-E01,142.49,8,152.24,1082.92
2024-05-14,PRD-E02,199.99,3,194.99,599.97
2024-05-14,PRD-E03,249.99,13,239.0,3249.87
2024-05-14,PRD-E04,62.39,12,52.24,723.72
2024-05-14,PRD-A01,70.19,2,65.1,140.38
2024-05-14,PRD-A02,113.99,17,120.74,1926.43
2024-05-14,PRD-A03,42.74,12,43.19,512.88
2024-05-14,PRD-A04,83.59,5,105.84,409.59
2024-05-14,PRD-H01,47.49,6,59.39,282.57
2024-05-14,PRD-H02,166.39,2,149.99,332.78
2024-05-14,PRD-H03,263.99,3,270.74,778.77
2024-05-14,PRD-H04,140.39,0,124.99,0.0
2024-05-14,PRD-B01,36.1,6,42.0,216.6
2024-05-14,PRD-B02,58.32,5,52.2,274.11
2024-05-14,PRD-B03,41.59,8,37.99,332.72
2024-05-14,PRD-B04,82.79,7,84.99,579.53
2024-05-14,PRD-S01,175.99,6,170.99,1055.94
2024-05-14,PRD-S02,32.39,9,31.34,291.51
2024-05-14,PRD-S03,137.99,9,139.99,1241.91
2024-05-14,PRD-S04,49.99,3,47.99,144.97
2024-05-15,PRD-E01,142.49,5,152.24,683.95
2024-05-15,PRD-E02,199.99,2,194.99,399.98
2024-05-15,PRD-E03,249.99,11,239.0,2749.89
2024-05-15,PRD-E04,62.39,6,52.24,374.34
2024-05-15,PRD-A01,70.19,5,65.1,343.93
2024-05-15,PRD-A02,113.99,17,120.74,1937.83
2024-05-15,PRD-A03,42.74,2,43.19,85.48
2024-05-15,PRD-A04,83.59,5,105.84,409.59
2024-05-15,PRD-H01,47.49,8,59.39,375.17
2024-05-15,PRD-H02,166.39,7,149.99,1123.13
2024-05-15,PRD-H03,263.99,2,270.74,488.38
2024-05-15,PRD-H04,140.39,10,124.99,1403.9
2024-05-15,PRD-B01,36.1,20,42.0,707.56
2024-05-15,PRD-B02,58.32,2,52.2,116.64
2024-05-15,PRD-B03,41.59,2,37.99,83.18
2024-05-15,PRD-B04,82.79,16,84.99,1299.8
2024-05-15,PRD-S01,175.99,5,170.99,879.95
2024-05-15,PRD-S02,32.39,6,31.34,187.86
2024-05-15,PRD-S03,137.99,8,139.99,1028.02
2024-05-15,PRD-S04,49.99,7,47.99,342.43
2024-05-16,PRD-E01,142.49,6,152.24,826.45
2024-05-16,PRD-E02,199.99,0,194.99,0.0
2024-05-16,PRD-E03,249.99,0,239.0,0.0
2024-05-16,PRD-E04,62.39,5,52.24,311.95
2024-05-16,PRD-A01,70.19,5,65.1,319.36
2024-05-16,PRD-A02,113.99,10,120.74,1128.5
2024-05-16,PRD-A03,42.74,1,43.19,38.47
2024-05-16,PRD-A04,83.59,9,105.84,752.31
2024-05-16,PRD-H01,47.49,6,59.39,280.19
2024-05-16,PRD-H02,166.39,4,149.99,665.56
2024-05-16,PRD-H03,263.99,2,270.74,501.58
2024-05-16,PRD-H04,140.39,6,124.99,842.34
2024-05-16,PRD-B01,36.1,8,42.0,288.8
2024-05-16,PRD-B02,58.32,12,52.2,694.0
2024-05-16,PRD-B03,41.59,7,37.99,289.05
2024-05-16,PRD-B04,82.79,3,84.99,240.09
2024-05-16,PRD-S01,175.99,7,170.99,1205.53
2024-05-16,PRD-S02,32.39,10,31.34,320.66
2024-05-16,PRD-S03,137.99,6,139.99,821.04
2024-05-16,PRD-S04,49.99,10,47.99,494.9
2024-05-17,PRD-E01,142.49,5,152.24,712.45
2024-05-17,PRD-E02,199.99,5,194.99,999.95
2024-05-17,PRD-E03,249.99,3,239.0,749.97
2024-05-17,PRD-E04,62.39,4,52.24,243.32
2024-05-17,PRD-A01,70.19,8,65.1,561.52
2024-05-17,PRD-A02,113.99,17,120.74,1909.33
2024-05-17,PRD-A03,42.74,14,43.19,564.2
2024-05-17,PRD-A04,83.59,8,105.84,668.72
2024-05-17,PRD-H01,47.49,3,59.39,140.1
2024-05-17,PRD-H02,166.39,3,149.99,499.17
2024-05-17,PRD-H03,263.99,5,270.74,1293.55
2024-05-17,PRD-H04,140.39,1,124.99,126.35
2024-05-17,PRD-B01,36.1,14,42.0,485.55
2024-05-17,PRD-B02,58.32,7,52.2,393.66
2024-05-17,PRD-B03,41.59,14,37.99,580.18
2024-05-17,PRD-B04,82.79,5,84.99,413.95
2024-05-17,PRD-S01,175.99,6,170.99,1055.94
2024-05-17,PRD-S02,32.39,6,31.34,192.72
2024-05-17,PRD-S03,137.99,8,139.99,1083.22
2024-05-17,PRD-S04,49.99,6,47.99,294.94
2024-05-18,PRD-E01,142.49,27,152.24,3804.49
2024-05-18,PRD-E02,199.99,3,194.99,599.97
2024-05-18,PRD-E03,249.99,10,239.0,2449.9
2024-05-18,PRD-E04,62.39,12,52.24,711.24
2024-05-18,PRD-A01,70.19,4,65.1,280.76
2024-05-18,PRD-A02,113.99,9,120.74,1008.81
2024-05-18,PRD-A03,42.74,8,43.19,322.68
2024-05-18,PRD-A04,83.59,6,105.84,501.54
2024-05-18,PRD-H01,47.49,7,59.39,318.19
2024-05-18,PRD-H02,166.39,2,149.99,332.78
2024-05-18,PRD-H03,263.99,4,270.74,937.16
2024-05-18,PRD-H04,140.39,5,124.99,659.83
2024-05-18,PRD-B01,36.1,12,42.0,418.76
2024-05-18,PRD-B02,58.32,18,52.2,997.26
2024-05-18,PRD-B03,41.59,12,37.99,499.08
2024-05-18,PRD-B04,82.79,7,84.99,579.53
2024-05-18,PRD-S01,175.99,3,170.99,510.37
2024-05-18,PRD-S02,32.39,6,31.34,191.1
2024-05-18,PRD-S03,137.99,5,139.99,689.95
2024-05-18,PRD-S04,49.99,18,47.99,894.82
2024-05-19,PRD-E01,142.49,23,152.24,3063.54
2024-05-19,PRD-E02,199.99,3,194.99,579.97
2024-05-19,PRD-E03,249.99,3,239.0,724.97
2024-05-19,PRD-E04,62.39,12,52.24,745.56
2024-05-19,PRD-A01,70.19,0,65.1,0.0
2024-05-19,PRD-A02,113.99,11,120.74,1242.49
2024-05-19,PRD-A03,42.74,3,43.19,121.81
2024-05-19,PRD-A04,83.59,17,105.84,1404.31
2024-05-19,PRD-H01,47.49,8,59.39,379.92
2024-05-19,PRD-H02,166.39,6,149.99,956.74
2024-05-19,PRD-H03,263.99,4,270.74,1055.96
2024-05-19,PRD-H04,140.39,15,124.99,2098.83
2024-05-19,PRD-B01,36.1,14,42.0,505.4
2024-05-19,PRD-B02,58.32,17,52.2,965.19
2024-05-19,PRD-B03,41.59,14,37.99,582.26
2024-05-19,PRD-B04,82.79,15,84.99,1225.29
2024-05-19,PRD-S01,175.99,0,170.99,0.0
2024-05-19,PRD-S02,32.39,10,31.34,322.28
2024-05-19,PRD-S03,137.99,8,139.99,1103.92
2024-05-19,PRD-S04,49.99,8,47.99,397.42
2024-05-20,PRD-E01,149.99,3,152.24,434.97
2024-05-20,PRD-E02,215.99,4,194.99,863.96
2024-05-20,PRD-E03,249.99,0,239.0,0.0
2024-05-20,PRD-E04,56.99,6,52.24,341.94
2024-05-20,PRD-A01,72.79,3,65.1,218.37
2024-05-20,PRD-A02,113.99,5,120.74,569.95
2024-05-20,PRD-A03,46.79,7,43.19,294.77
2024-05-20,PRD-A04,87.39,5,105.84,432.58
2024-05-20,PRD-H01,49.99,12,59.39,599.88
2024-05-20,PRD-H02,147.19,5,149.99,735.95
2024-05-20,PRD-H03,275.99,3,270.74,827.97
2024-05-20,PRD-H04,140.39,3,124.99,421.17
2024-05-20,PRD-B01,34.96,6,42.0,204.52
2024-05-20,PRD-B02,58.32,15,52.2,842.73
2024-05-20,PRD-B03,44.79,5,37.99,223.95
2024-05-20,PRD-B04,100.79,2,84.99,201.58
2024-05-20,PRD-S01,207.99,4,170.99,831.96
2024-05-20,PRD-S02,32.39,9,31.34,288.27
2024-05-20,PRD-S03,142.49,0,139.99,0.0
2024-05-20,PRD-S04,53.99,0,47.99,0.0
2024-05-21,PRD-E01,149.99,7,152.24,1027.43
2024-05-21,PRD-E02,215.99,1,194.99,215.99
2024-05-21,PRD-E03,249.99,4,239.0,999.96
2024-05-21,PRD-E04,56.99,11,52.24,621.19
2024-05-21,PRD-A01,72.79,1,65.1,69.15
2024-05-21,PRD-A02,113.99,10,120.74,1122.8
2024-05-21,PRD-A03,46.79,4,43.19,187.16
2024-05-21,PRD-A04,87.39,8,105.84,690.38
2024-05-21,PRD-H01,49.99,5,59.39,249.95
2024-05-21,PRD-H02,147.19,8,149.99,1148.08
2024-05-21,PRD-H03,275.99,14,270.74,3822.46
2024-05-21,PRD-H04,140.39,3,124.99,421.17
2024-05-21,PRD-B01,34.96,17,42.0,576.83
2024-05-21,PRD-B02,58.32,6,52.2,344.09
2024-05-21,PRD-B03,44.79,5,37.99,214.99
2024-05-21,PRD-B04,100.79,3,84.99,302.37
2024-05-21,PRD-S01,207.99,1,170.99,207.99
2024-05-21,PRD-S02,32.39,14,31.34,450.22
2024-05-21,PRD-S03,142.49,9,139.99,1275.29
2024-05-21,PRD-S04,53.99,8,47.99,423.82
2024-05-22,PRD-E01,149.99,12,152.24,1619.88
2024-05-22,PRD-E02,215.99,13,194.99,2764.67
2024-05-22,PRD-E03,249.99,3,239.0,737.47
2024-05-22,PRD-E04,56.99,10,52.24,558.5
2024-05-22,PRD-A01,72.79,9,65.1,655.11
2024-05-22,PRD-A02,113.99,14,120.74,1555.96
2024-05-22,PRD-A03,46.79,8,43.19,369.64
2024-05-22,PRD-A04,87.39,7,105.84,594.25
2024-05-22,PRD-H01,49.99,3,59.39,149.97
2024-05-22,PRD-H02,147.19,5,149.99,713.87
2024-05-22,PRD-H03,275.99,4,270.74,1090.16
2024-05-22,PRD-H04,140.39,3,124.99,421.17
2024-05-22,PRD-B01,34.96,4,42.0,139.84
2024-05-22,PRD-B02,58.32,3,52.2,174.96
2024-05-22,PRD-B03,44.79,7,37.99,306.81
2024-05-22,PRD-B04,100.79,3,84.99,302.37
2024-05-22,PRD-S01,207.99,4,170.99,821.56
2024-05-22,PRD-S02,32.39,12,31.34,385.44
2024-05-22,PRD-S03,142.49,3,139.99,427.47
2024-05-22,PRD-S04,53.99,3,47.99,161.97
2024-05-23,PRD-E01,149.99,8,152.24,1139.92
2024-05-23,PRD-E02,215.99,0,194.99,0.0
2024-05-23,PRD-E03,249.99,5,239.0,1237.45
2024-05-23,PRD-E04,56.99,5,52.24,279.25
2024-05-23,PRD-A01,72.79,0,65.1,0.0
2024-05-23,PRD-A02,113.99,10,120.74,1094.3
2024-05-23,PRD-A03,46.79,9,43.19,414.09
2024-05-23,PRD-A04,87.39,1,105.84,87.39
2024-05-23,PRD-H01,49.99,10,59.39,479.9
2024-05-23,PRD-H02,147.19,6,149.99,883.14
2024-05-23,PRD-H03,275.99,4,270.74,938.36
2024-05-23,PRD-H04,140.39,8,124.99,1102.06
2024-05-23,PRD-B01,34.96,7,42.0,244.72
2024-05-23,PRD-B02,58.32,10,52.2,562.77
2024-05-23,PRD-B03,44.79,8,37.99,353.84
2024-05-23,PRD-B04,100.79,5,84.99,503.95
2024-05-23,PRD-S01,207.99,2,170.99,415.98
2024-05-23,PRD-S02,32.39,4,31.34,129.56
2024-05-23,PRD-S03,142.49,8,139.99,1132.8
2024-05-23,PRD-S04,53.99,9,47.99,485.91
2024-05-24,PRD-E01,149.99,12,152.24,1784.88
2024-05-24,PRD-E02,215.99,3,194.99,647.97
2024-05-24,PRD-E03,249.99,9,239.0,2249.91
2024-05-24,PRD-E04,56.99,4,52.24,227.96
2024-05-24,PRD-A01,72.79,2,65.1,141.94
2024-05-24,PRD-A02,113.99,6,120.74,666.84
2024-05-24,PRD-A03,46.79,4,43.19,187.16
2024-05-24,PRD-A04,87.39,12,105.84,1022.46
2024-05-24,PRD-H01,49.99,4,59.39,189.96
2024-05-24,PRD-H02,147.19,4,149.99,588.76
2024-05-24,PRD-H03,275.99,3,270.74,786.57
2024-05-24,PRD-H04,140.39,5,124.99,687.91
2024-05-24,PRD-B01,34.96,22,42.0,760.38
2024-05-24,PRD-B02,58.32,3,52.2,174.96
2024-05-24,PRD-B03,44.79,3,37.99,134.37
2024-05-24,PRD-B04,100.79,1,84.99,100.79
2024-05-24,PRD-S01,207.99,4,170.99,800.76
2024-05-24,PRD-S02,32.39,9,31.34,288.27
2024-05-24,PRD-S03,142.49,4,139.99,569.96
2024-05-24,PRD-S04,53.99,14,47.99,742.36
2024-05-25,PRD-E01,149.99,7,152.24,1034.93
2024-05-25,PRD-E02,215.99,1,194.99,215.99
2024-05-25,PRD-E03,249.99,3,239.0,749.97
2024-05-25,PRD-E04,56.99,11,52.24,595.54
2024-05-25,PRD-A01,72.79,5,65.1,353.03
2024-05-25,PRD-A02,113.99,19,120.74,2103.11
2024-05-25,PRD-A03,46.79,6,43.19,280.74
2024-05-25,PRD-A04,87.39,14,105.84,1223.46
2024-05-25,PRD-H01,49.99,17,59.39,849.83
2024-05-25,PRD-H02,147.19,12,149.99,1766.28
2024-05-25,PRD-H03,275.99,3,270.74,800.37
2024-05-25,PRD-H04,140.39,2,124.99,273.76
2024-05-25,PRD-B01,34.96,11,42.0,382.81
2024-05-25,PRD-B02,58.32,16,52.2,924.37
2024-05-25,PRD-B03,44.79,6,37.99,268.74
2024-05-25,PRD-B04,100.79,6,84.99,604.74
2024-05-25,PRD-S01,207.99,5,170.99,977.55
2024-05-25,PRD-S02,32.39,19,31.34,608.93
2024-05-25,PRD-S03,142.49,9,139.99,1268.16
2024-05-25,PRD-S04,53.99,17,47.99,901.63
2024-05-26,PRD-E01,149.99,7,152.24,1019.93
2024-05-26,PRD-E02,215.99,3,194.99,604.77
2024-05-26,PRD-E03,249.99,3,239.0,749.97
2024-05-26,PRD-E04,56.99,19,52.24,1074.26
2024-05-26,PRD-A01,72.79,2,65.1,145.58
2024-05-26,PRD-A02,113.99,1,120.74,113.99
2024-05-26,PRD-A03,46.79,6,43.19,278.4
2024-05-26,PRD-A04,87.39,11,105.84,943.81
2024-05-26,PRD-H01,49.99,8,59.39,399.92
2024-05-26,PRD-H02,147.19,1,149.99,147.19
2024-05-26,PRD-H03,275.99,3,270.74,827.97
2024-05-26,PRD-H04,140.39,4,124.99,561.56
2024-05-26,PRD-B01,34.96,18,42.0,624.03
2024-05-26,PRD-B02,58.32,2,52.2,102.06
2024-05-26,PRD-B03,44.79,2,37.99,89.58
2024-05-26,PRD-B04,100.79,4,84.99,372.92
2024-05-26,PRD-S01,207.99,14,170.99,2870.26
2024-05-26,PRD-S02,32.39,2,31.34,64.78
2024-05-26,PRD-S03,142.49,9,139.99,1253.92
2024-05-26,PRD-S04,53.99,9,47.99,485.91
2024-05-27,PRD-E01,149.99,4,144.99,599.96
2024-05-27,PRD-E02,215.99,8,175.49,1717.12
2024-05-27,PRD-E03,249.99,5,258.12,1249.95
2024-05-27,PRD-E04,56.99,4,49.49,222.26
2024-05-27,PRD-A01,72.79,3,66.96,218.37
2024-05-27,PRD-A02,113.99,8,109.24,911.92
2024-05-27,PRD-A03,46.79,9,47.99,416.43
2024-05-27,PRD-A04,87.39,5,93.1,428.21
2024-05-27,PRD-H01,49.99,3,57.74,149.97
2024-05-27,PRD-H02,147.19,8,161.99,1148.08
2024-05-27,PRD-H03,275.99,0,270.74,0.0
2024-05-27,PRD-H04,140.39,1,134.99,140.39
2024-05-27,PRD-B01,34.96,18,39.9,617.05
2024-05-27,PRD-B02,58.32,11,58.0,603.6
2024-05-27,PRD-B03,44.79,4,36.09,167.96
2024-05-27,PRD-B04,100.79,2,89.24,201.58
2024-05-27,PRD-S01,207.99,10,189.99,2048.7
2024-05-27,PRD-S02,32.39,7,31.34,226.73
2024-05-27,PRD-S03,142.49,6,139.99,819.32
2024-05-27,PRD-S04,53.99,10,43.19,531.8
2024-05-28,PRD-E01,149.99,5,144.99,727.45
2024-05-28,PRD-E02,215.99,3,175.49,647.97
2024-05-28,PRD-E03,249.99,4,258.12,999.96
2024-05-28,PRD-E04,56.99,7,49.49,364.73
2024-05-28,PRD-A01,72.79,7,66.96,487.69
2024-05-28,PRD-A02,113.99,12,109.24,1356.48
2024-05-28,PRD-A03,46.79,3,47.99,140.37
2024-05-28,PRD-A04,87.39,4,93.1,340.82
2024-05-28,PRD-H01,49.99,3,57.74,149.97
2024-05-28,PRD-H02,147.19,4,161.99,551.96
2024-05-28,PRD-H03,275.99,2,270.74,524.38
2024-05-28,PRD-H04,140.39,6,134.99,842.34
2024-05-28,PRD-B01,34.96,7,39.9,242.97
2024-05-28,PRD-B02,58.32,5,58.0,291.6
2024-05-28,PRD-B03,44.79,13,36.09,577.79
2024-05-28,PRD-B04,100.79,3,89.24,302.37
2024-05-28,PRD-S01,207.99,2,189.99,395.18
2024-05-28,PRD-S02,32.39,9,31.34,285.03
2024-05-28,PRD-S03,142.49,7,139.99,990.31
2024-05-28,PRD-S04,53.99,7,43.19,372.53
2024-05-29,PRD-E01,149.99,5,144.99,749.95
2024-05-29,PRD-E02,215.99,3,175.49,615.57
2024-05-29,PRD-E03,249.99,10,258.12,2499.9
2024-05-29,PRD-E04,56.99,11,49.49,612.64
2024-05-29,PRD-A01,72.79,7,66.96,498.61
2024-05-29,PRD-A02,113.99,4,109.24,455.96
2024-05-29,PRD-A03,46.79,4,47.99,180.14
2024-05-29,PRD-A04,87.39,9,93.1,786.51
2024-05-29,PRD-H01,49.99,7,57.74,344.93
2024-05-29,PRD-H02,147.19,4,161.99,551.96
2024-05-29,PRD-H03,275.99,8,270.74,2207.92
2024-05-29,PRD-H04,140.39,10,134.99,1403.9
2024-05-29,PRD-B01,34.96,18,39.9,620.53
2024-05-29,PRD-B02,58.32,11,58.0,641.52
2024-05-29,PRD-B03,44.79,0,36.09,0.0
2024-05-29,PRD-B04,100.79,8,89.24,806.32
2024-05-29,PRD-S01,207.99,1,189.99,207.99
2024-05-29,PRD-S02,32.39,6,31.34,192.72
2024-05-29,PRD-S03,142.49,3,139.99,413.22
2024-05-29,PRD-S04,53.99,15,43.19,799.05
2024-05-30,PRD-E01,149.99,5,144.99,719.95
2024-05-30,PRD-E02,215.99,1,175.49,215.99
2024-05-30,PRD-E03,249.99,4,258.12,974.96
2024-05-30,PRD-E04,56.99,11,49.49,598.39
2024-05-30,PRD-A01,72.79,5,66.96,360.31
2024-05-30,PRD-A02,113.99,5,109.24,547.15
2024-05-30,PRD-A03,46.79,5,47.99,233.95
2024-05-30,PRD-A04,87.39,1,93.1,87.39
2024-05-30,PRD-H01,49.99,3,57.74,147.47
2024-05-30,PRD-H02,147.19,6,161.99,838.98
2024-05-30,PRD-H03,275.99,3,270.74,786.57
2024-05-30,PRD-H04,140.39,7,134.99,982.73
2024-05-30,PRD-B01,34.96,17,39.9,594.32
2024-05-30,PRD-B02,58.32,11,58.0,641.52
2024-05-30,PRD-B03,44.79,7,36.09,313.53
2024-05-30,PRD-B04,100.79,3,89.24,302.37
2024-05-30,PRD-S01,207.99,0,189.99,0.0
2024-05-30,PRD-S02,32.39,10,31.34,317.42
2024-05-30,PRD-S03,142.49,6,139.99,854.94
2024-05-30,PRD-S04,53.99,5,43.19,264.55
2024-05-31,PRD-E01,149.99,3,144.99,434.97
2024-05-31,PRD-E02,215.99,3,175.49,647.97
2024-05-31,PRD-E03,249.99,7,258.12,1749.93
2024-05-31,PRD-E04,56.99,5,49.49,282.1
2024-05-31,PRD-A01,72.79,3,66.96,218.37
2024-05-31,PRD-A02,113.99,7,109.24,797.93
2024-05-31,PRD-A03,46.79,6,47.99,273.72
2024-05-31,PRD-A04,87.39,10,93.1,860.79
2024-05-31,PRD-H01,49.99,4,57.74,199.96
2024-05-31,PRD-H02,147.19,8,161.99,1177.52
2024-05-31,PRD-H03,275.99,6,270.74,1614.54
2024-05-31,PRD-H04,140.39,6,134.99,821.28
2024-05-31,PRD-B01,34.96,13,39.9,447.48
2024-05-31,PRD-B02,58.32,7,58.0,396.56
2024-05-31,PRD-B03,44.79,8,36.09,356.08
2024-05-31,PRD-B04,100.79,7,89.24,700.49
2024-05-31,PRD-S01,207.99,4,189.99,831.96
2024-05-31,PRD-S02,32.39,2,31.34,64.78
2024-05-31,PRD-S03,142.49,3,139.99,427.47
2024-05-31,PRD-S04,53.99,5,43.19,259.15
2024-06-01,PRD-E01,149.99,11,144.99,1559.89
2024-06-01,PRD-E02,215.99,5,175.49,1058.35
2024-06-01,PRD-E03,249.99,4,258.12,949.96
2024-06-01,PRD-E04,56.99,10,49.49,555.65
2024-06-01,PRD-A01,72.79,4,66.96,291.16
2024-06-01,PRD-A02,113.99,17,109.24,1801.03
2024-06-01,PRD-A03,46.79,3,47.99,140.37
2024-06-01,PRD-A04,87.39,0,93.1,0.0
2024-06-01,PRD-H01,49.99,7,57.74,349.93
2024-06-01,PRD-H02,147.19,12,161.99,1736.84
2024-06-01,PRD-H03,275.99,3,270.74,827.97
2024-06-01,PRD-H04,140.39,2,134.99,259.72
2024-06-01,PRD-B01,34.96,13,39.9,450.98
2024-06-01,PRD-B02,58.32,5,58.0,282.85
2024-06-01,PRD-B03,44.79,5,36.09,221.71
2024-06-01,PRD-B04,100.79,1,89.24,100.79
2024-06-01,PRD-S01,207.99,10,189.99,2079.9
2024-06-01,PRD-S02,32.39,6,31.34,189.48
2024-06-01,PRD-S03,142.49,6,139.99,854.94
2024-06-01,PRD-S04,53.99,11,43.19,588.49
2024-06-02,PRD-E01,149.99,16,144.99,2392.34
2024-06-02,PRD-E02,215.99,2,175.49,399.58
2024-06-02,PRD-E03,249.99,5,258.12,1249.95
2024-06-02,PRD-E04,56.99,20,49.49,1114.15
2024-06-02,PRD-A01,72.79,5,66.96,356.67
2024-06-02,PRD-A02,113.99,5,109.24,541.45
2024-06-02,PRD-A03,46.79,8,47.99,374.32
2024-06-02,PRD-A04,87.39,4,93.1,349.56
2024-06-02,PRD-H01,49.99,11,57.74,547.39
2024-06-02,PRD-H02,147.19,10,161.99,1442.46
2024-06-02,PRD-H03,275.99,3,270.74,827.97
2024-06-02,PRD-H04,140.39,8,134.99,1123.12
2024-06-02,PRD-B01,34.96,29,39.9,1006.85
2024-06-02,PRD-B02,58.32,11,58.0,594.88
2024-06-02,PRD-B03,44.79,7,36.09,304.57
2024-06-02,PRD-B04,100.79,2,89.24,201.58
2024-06-02,PRD-S01,207.99,3,189.99,623.97
2024-06-02,PRD-S02,32.39,15,31.34,476.13
2024-06-02,PRD-S03,142.49,12,139.99,1610.15
2024-06-02,PRD-S04,53.99,16,43.19,847.64
2024-06-03,PRD-E01,142.49,2,144.99,284.98
2024-06-03,PRD-E02,199.99,11,175.49,2079.89
2024-06-03,PRD-E03,249.99,7,258.12,1724.93
2024-06-03,PRD-E04,59.99,12,49.49,716.88
2024-06-03,PRD-A01,70.19,8,66.96,561.52
2024-06-03,PRD-A02,134.39,6,109.24,786.18
2024-06-03,PRD-A03,42.74,10,47.99,423.13
2024-06-03,PRD-A04,102.59,2,93.1,205.18
2024-06-03,PRD-H01,53.99,3,57.74,161.97
2024-06-03,PRD-H02,172.79,8,161.99,1382.32
2024-06-03,PRD-H03,335.99,1,270.74,335.99
2024-06-03,PRD-H04,129.99,6,134.99,773.44
2024-06-03,PRD-B01,38.0,10,39.9,366.7
2024-06-03,PRD-B02,49.68,5,58.0,248.4
2024-06-03,PRD-B03,35.19,7,36.09,241.05
2024-06-03,PRD-B04,97.19,9,89.24,874.71
2024-06-03,PRD-S01,183.99,1,189.99,183.99
2024-06-03,PRD-S02,27.59,7,31.34,187.61
2024-06-03,PRD-S03,137.99,6,139.99,800.34
2024-06-03,PRD-S04,43.99,6,43.19,255.14
2024-06-04,PRD-E01,142.49,7,144.99,976.06
2024-06-04,PRD-E02,199.99,3,175.49,599.97
2024-06-04,PRD-E03,249.99,4,258.12,974.96
2024-06-04,PRD-E04,59.99,24,49.49,1394.76
2024-06-04,PRD-A01,70.19,11,66.96,772.09
2024-06-04,PRD-A02,134.39,6,109.24,766.02
2024-06-04,PRD-A03,42.74,4,47.99,170.96
2024-06-04,PRD-A04,102.59,2,93.1,205.18
2024-06-04,PRD-H01,53.99,5,57.74,269.95
2024-06-04,PRD-H02,172.79,7,161.99,1192.25
2024-06-04,PRD-H03,335.99,7,270.74,2318.33
2024-06-04,PRD-H04,129.99,5,134.99,649.95
2024-06-04,PRD-B01,38.0,13,39.9,486.4
2024-06-04,PRD-B02,49.68,4,58.0,186.3
2024-06-04,PRD-B03,35.19,3,36.09,103.81
2024-06-04,PRD-B04,97.19,4,89.24,388.76
2024-06-04,PRD-S01,183.99,4,189.99,735.96
2024-06-04,PRD-S02,27.59,10,31.34,275.9
2024-06-04,PRD-S03,137.99,6,139.99,800.34
2024-06-04,PRD-S04,43.99,22,43.19,965.58
2024-06-05,PRD-E01,142.49,14,144.99,1994.86
2024-06-05,PRD-E02,199.99,2,175.49,399.98
2024-06-05,PRD-E03,249.99,0,258.12,0.0
2024-06-05,PRD-E04,59.99,12,49.49,692.88
2024-06-05,PRD-A01,70.19,3,66.96,210.57
2024-06-05,PRD-A02,134.39,9,109.24,1108.71
2024-06-05,PRD-A03,42.74,6,47.99,235.07
2024-06-05,PRD-A04,102.59,2,93.1,194.92
2024-06-05,PRD-H01,53.99,5,57.74,269.95
2024-06-05,PRD-H02,172.79,7,161.99,1192.25
2024-06-05,PRD-H03,335.99,3,270.74,1007.97
2024-06-05,PRD-H04,129.99,5,134.99,630.45
2024-06-05,PRD-B01,38.0,11,39.9,418.0
2024-06-05,PRD-B02,49.68,6,58.0,298.08
2024-06-05,PRD-B03,35.19,7,36.09,246.33
2024-06-05,PRD-B04,97.19,4,89.24,369.32
2024-06-05,PRD-S01,183.99,7,189.99,1260.33
2024-06-05,PRD-S02,27.59,8,31.34,219.34
2024-06-05,PRD-S03,137.99,7,139.99,959.03
2024-06-05,PRD-S04,43.99,9,43.19,391.51
2024-06-06,PRD-E01,142.49,8,144.99,1139.92
2024-06-06,PRD-E02,199.99,11,175.49,2179.89
2024-06-06,PRD-E03,249.99,7,258.12,1724.93
2024-06-06,PRD-E04,59.99,4,49.49,227.96
2024-06-06,PRD-A01,70.19,2,66.96,136.87
2024-06-06,PRD-A02,134.39,6,109.24,799.62
2024-06-06,PRD-A03,42.74,3,47.99,128.22
2024-06-06,PRD-A04,102.59,8,93.1,810.46
2024-06-06,PRD-H01,53.99,11,57.74,593.89
2024-06-06,PRD-H02,172.79,4,161.99,691.16
2024-06-06,PRD-H03,335.99,0,270.74,0.0
2024-06-06,PRD-H04,129.99,4,134.99,519.96
2024-06-06,PRD-B01,38.0,12,39.9,456.0
2024-06-06,PRD-B02,49.68,10,58.0,489.35
2024-06-06,PRD-B03,35.19,7,36.09,239.29
2024-06-06,PRD-B04,97.19,10,89.24,957.32
2024-06-06,PRD-S01,183.99,1,189.99,183.99
2024-06-06,PRD-S02,27.59,5,31.34,135.19
2024-06-06,PRD-S03,137.99,7,139.99,945.23
2024-06-06,PRD-S04,43.99,4,43.19,169.36
2024-06-07,PRD-E01,142.49,10,144.99,1410.66
2024-06-07,PRD-E02,199.99,1,175.49,199.99
2024-06-07,PRD-E03,249.99,6,258.12,1499.94
2024-06-07,PRD-E04,59.99,9,49.49,524.91
2024-06-07,PRD-A01,70.19,7,66.96,480.8
2024-06-07,PRD-A02,134.39,5,109.24,671.95
2024-06-07,PRD-A03,42.74,11,47.99,461.6
2024-06-07,PRD-A04,102.59,2,93.1,205.18
2024-06-07,PRD-H01,53.99,7,57.74,364.43
2024-06-07,PRD-H02,172.79,4,161.99,691.16
2024-06-07,PRD-H03,335.99,0,270.74,0.0
2024-06-07,PRD-H04,129.99,5,134.99,636.95
2024-06-07,PRD-B01,38.0,25,39.9,948.1
2024-06-07,PRD-B02,49.68,8,58.0,382.54
2024-06-07,PRD-B03,35.19,15,36.09,526.09
2024-06-07,PRD-B04,97.19,3,89.24,291.57
2024-06-07,PRD-S01,183.99,6,189.99,1076.34
2024-06-07,PRD-S02,27.59,24,31.34,655.26
2024-06-07,PRD-S03,137.99,8,139.99,1090.12
2024-06-07,PRD-S04,43.99,10,43.19,431.1
2024-06-08,PRD-E01,142.49,5,144.99,712.45
2024-06-08,PRD-E02,199.99,4,175.49,799.96
2024-06-08,PRD-E03,249.99,8,258.12,1999.92
2024-06-08,PRD-E04,59.99,7,49.49,413.93
2024-06-08,PRD-A01,70.19,2,66.96,136.87
2024-06-08,PRD-A02,134.39,1,109.24,114.23
2024-06-08,PRD-A03,42.74,6,47.99,256.44
2024-06-08,PRD-A04,102.59,3,93.1,307.77
2024-06-08,PRD-H01,53.99,11,57.74,583.09
2024-06-08,PRD-H02,172.79,8,161.99,1382.32
2024-06-08,PRD-H03,335.99,7,270.74,2150.33
2024-06-08,PRD-H04,129.99,3,134.99,389.97
2024-06-08,PRD-B01,38.0,15,39.9,570.0
2024-06-08,PRD-B02,49.68,1,58.0,44.71
2024-06-08,PRD-B03,35.19,8,36.09,281.52
2024-06-08,PRD-B04,97.19,8,89.24,728.92
2024-06-08,PRD-S01,183.99,5,189.99,846.35
2024-06-08,PRD-S02,27.59,13,31.34,357.29
2024-06-08,PRD-S03,137.99,2,139.99,275.98
2024-06-08,PRD-S04,43.99,16,43.19,664.24
2024-06-09,PRD-E01,142.49,12,144.99,1645.77
2024-06-09,PRD-E02,199.99,3,175.49,599.97
2024-06-09,PRD-E03,249.99,8,258.12,1974.92
2024-06-09,PRD-E04,59.99,14,49.49,824.86
2024-06-09,PRD-A01,70.19,9,66.96,631.71
2024-06-09,PRD-A02,134.39,4,109.24,530.84
2024-06-09,PRD-A03,42.74,10,47.99,427.4
2024-06-09,PRD-A04,102.59,7,93.1,713.0
2024-06-09,PRD-H01,53.99,6,57.74,305.04
2024-06-09,PRD-H02,172.79,7,161.99,1209.53
2024-06-09,PRD-H03,335.99,0,270.74,0.0
2024-06-09,PRD-H04,129.99,2,134.99,259.98
2024-06-09,PRD-B01,38.0,17,39.9,642.2
2024-06-09,PRD-B02,49.68,7,58.0,342.79
2024-06-09,PRD-B03,35.19,14,36.09,485.62
2024-06-09,PRD-B04,97.19,2,89.24,194.38
2024-06-09,PRD-S01,183.99,1,189.99,183.99
2024-06-09,PRD-S02,27.59,12,31.34,322.8
2024-06-09,PRD-S03,137.99,12,139.99,1648.98
2024-06-09,PRD-S04,43.99,8,43.19,349.72
2024-06-10,PRD-E01,142.49,5,144.99,712.45
2024-06-10,PRD-E02,199.99,10,175.49,1969.9
2024-06-10,PRD-E03,249.99,7,258.12,1749.93
2024-06-10,PRD-E04,59.99,21,49.49,1247.79
2024-06-10,PRD-A01,70.19,8,66.96,561.52
2024-06-10,PRD-A02,134.39,7,109.24,886.97
2024-06-10,PRD-A03,42.74,15,47.99,636.83
2024-06-10,PRD-A04,102.59,1,93.1,102.59
2024-06-10,PRD-H01,53.99,2,57.74,105.28
2024-06-10,PRD-H02,172.79,0,161.99,0.0
2024-06-10,PRD-H03,335.99,3,270.74,1007.97
2024-06-10,PRD-H04,129.99,2,134.99,259.98
2024-06-10,PRD-B01,38.0,10,39.9,380.0
2024-06-10,PRD-B02,49.68,1,58.0,49.68
2024-06-10,PRD-B03,35.19,4,36.09,135.48
2024-06-10,PRD-B04,97.19,1,89.24,97.19
2024-06-10,PRD-S01,183.99,7,189.99,1260.33
2024-06-10,PRD-S02,27.59,10,31.34,262.1
2024-06-10,PRD-S03,137.99,8,139.99,1097.02
2024-06-10,PRD-S04,43.99,14,43.19,580.66
2024-06-11,PRD-E01,142.49,5,144.99,705.33
2024-06-11,PRD-E02,199.99,6,175.49,1199.94
2024-06-11,PRD-E03,249.99,2,258.12,499.98
2024-06-11,PRD-E04,59.99,7,49.49,419.93
2024-06-11,PRD-A01,70.19,10,66.96,701.9
2024-06-11,PRD-A02,134.39,5,109.24,651.79
2024-06-11,PRD-A03,42.74,12,47.99,508.6
2024-06-11,PRD-A04,102.59,0,93.1,0.0
2024-06-11,PRD-H01,53.99,7,57.74,377.93
2024-06-11,PRD-H02,172.79,5,161.99,863.95
2024-06-11,PRD-H03,335.99,1,270.74,335.99
2024-06-11,PRD-H04,129.99,10,134.99,1260.9
2024-06-11,PRD-B01,38.0,6,39.9,226.1
2024-06-11,PRD-B02,49.68,12,58.0,581.27
2024-06-11,PRD-B03,35.19,9,36.09,313.19
2024-06-11,PRD-B04,97.19,5,89.24,485.95
2024-06-11,PRD-S01,183.99,7,189.99,1287.93
2024-06-11,PRD-S02,27.59,12,31.34,329.7
2024-06-11,PRD-S03,137.99,17,139.99,2325.13
2024-06-11,PRD-S04,43.99,16,43.19,701.64
2024-06-12,PRD-E01,142.49,2,144.99,284.98
2024-06-12,PRD-E02,199.99,3,175.49,599.97
2024-06-12,PRD-E03,249.99,5,258.12,1162.45
2024-06-12,PRD-E04,59.99,10,49.49,599.9
2024-06-12,PRD-A01,70.19,4,66.96,280.76
2024-06-12,PRD-A02,134.39,14,109.24,1881.46
2024-06-12,PRD-A03,42.74,7,47.99,299.18
2024-06-12,PRD-A04,102.59,1,93.1,82.07
2024-06-12,PRD-H01,53.99,10,57.74,526.4
2024-06-12,PRD-H02,172.79,2,161.99,311.02
2024-06-12,PRD-H03,335.99,0,270.74,0.0
2024-06-12,PRD-H04,129.99,5,134.99,623.95
2024-06-12,PRD-B01,38.0,11,39.9,399.0
2024-06-12,PRD-B02,49.68,6,58.0,298.08
2024-06-12,PRD-B03,35.19,8,36.09,276.24
2024-06-12,PRD-B04,97.19,0,89.24,0.0
2024-06-12,PRD-S01,183.99,0,189.99,0.0
2024-06-12,PRD-S02,27.59,7,31.34,191.75
2024-06-12,PRD-S03,137.99,9,139.99,1241.91
2024-06-12,PRD-S04,43.99,9,43.19,387.11
2024-06-13,PRD-E01,142.49,17,144.99,2322.62
2024-06-13,PRD-E02,199.99,5,175.49,999.95
2024-06-13,PRD-E03,249.99,8,258.12,1962.42
2024-06-13,PRD-E04,59.99,13,49.49,776.87
2024-06-13,PRD-A01,70.19,8,66.96,554.5
2024-06-13,PRD-A02,134.39,5,109.24,624.91
2024-06-13,PRD-A03,42.74,12,47.99,512.88
2024-06-13,PRD-A04,102.59,3,93.1,307.77
2024-06-13,PRD-H01,53.99,3,57.74,161.97
2024-06-13,PRD-H02,172.79,6,161.99,1036.74
2024-06-13,PRD-H03,335.99,1,270.74,335.99
2024-06-13,PRD-H04,129.99,7,134.99,864.43
2024-06-13,PRD-B01,38.0,9,39.9,332.5
2024-06-13,PRD-B02,49.68,7,58.0,347.76
2024-06-13,PRD-B03,35.19,3,36.09,105.57
2024-06-13,PRD-B04,97.19,7,89.24,665.75
2024-06-13,PRD-S01,183.99,7,189.99,1251.13
2024-06-13,PRD-S02,27.59,19,31.34,517.31
2024-06-13,PRD-S03,137.99,12,139.99,1635.18
2024-06-13,PRD-S04,43.99,6,43.19,263.94
2024-06-14,PRD-E01,142.49,12,144.99,1652.88
2024-06-14,PRD-E02,199.99,0,175.49,0.0
2024-06-14,PRD-E03,249.99,9,258.12,2249.91
2024-06-14,PRD-E04,59.99,9,49.49,536.91
2024-06-14,PRD-A01,70.19,4,66.96,280.76
2024-06-14,PRD-A02,134.39,3,109.24,403.17
2024-06-14,PRD-A03,42.74,0,47.99,0.0
2024-06-14,PRD-A04,102.59,1,93.1,102.59
2024-06-14,PRD-H01,53.99,9,57.74,483.21
2024-06-14,PRD-H02,172.79,3,161.99,501.09
2024-06-14,PRD-H03,335.99,1,270.74,335.99
2024-06-14,PRD-H04,129.99,4,134.99,500.46
2024-06-14,PRD-B01,38.0,19,39.9,722.0
2024-06-14,PRD-B02,49.68,8,58.0,387.5
2024-06-14,PRD-B03,35.19,5,36.09,174.19
2024-06-14,PRD-B04,97.19,5,89.24,476.23
2024-06-14,PRD-S01,183.99,2,189.99,367.98
2024-06-14,PRD-S02,27.59,12,31.34,326.94
2024-06-14,PRD-S03,137.99,11,139.99,1504.09
2024-06-14,PRD-S04,43.99,15,43.19,644.45
2024-06-15,PRD-E01,142.49,7,144.99,990.31
2024-06-15,PRD-E02,199.99,1,175.49,159.99
2024-06-15,PRD-E03,249.99,12,258.12,2899.88
2024-06-15,PRD-E04,59.99,18,49.49,1061.82
2024-06-15,PRD-A01,70.19,7,66.96,459.74
2024-06-15,PRD-A02,134.39,9,109.24,1209.51
2024-06-15,PRD-A03,42.74,8,47.99,337.64
2024-06-15,PRD-A04,102.59,3,93.1,307.77
2024-06-15,PRD-H01,53.99,9,57.74,483.21
2024-06-15,PRD-H02,172.79,5,161.99,863.95
2024-06-15,PRD-H03,335.99,0,270.74,0.0
2024-06-15,PRD-H04,129.99,7,134.99,896.93
2024-06-15,PRD-B01,38.0,10,39.9,380.0
2024-06-15,PRD-B02,49.68,19,58.0,936.47
2024-06-15,PRD-B03,35.19,16,36.09,559.52
2024-06-15,PRD-B04,97.19,5,89.24,466.51
2024-06-15,PRD-S01,183.99,3,189.99,524.37
2024-06-15,PRD-S02,27.59,23,31.34,629.05
2024-06-15,PRD-S03,137.99,4,139.99,551.96
2024-06-15,PRD-S04,43.99,14,43.19,602.66
2024-06-16,PRD-E01,142.49,3,144.99,427.47
2024-06-16,PRD-E02,199.99,7,175.49,1389.93
2024-06-16,PRD-E03,249.99,7,258.12,1749.93
2024-06-16,PRD-E04,59.99,21,49.49,1241.79
2024-06-16,PRD-A01,70.19,10,66.96,687.86
2024-06-16,PRD-A02,134.39,6,109.24,806.34
2024-06-16,PRD-A03,42.74,15,47.99,641.1
2024-06-16,PRD-A04,102.59,3,93.1,292.38
2024-06-16,PRD-H01,53.99,12,57.74,604.68
2024-06-16,PRD-H02,172.79,6,161.99,1019.46
2024-06-16,PRD-H03,335.99,2,270.74,655.18
2024-06-16,PRD-H04,129.99,11,134.99,1390.89
2024-06-16,PRD-B01,38.0,19,39.9,720.1
2024-06-16,PRD-B02,49.68,8,58.0,392.47
2024-06-16,PRD-B03,35.19,9,36.09,316.71
2024-06-16,PRD-B04,97.19,4,89.24,388.76
2024-06-16,PRD-S01,183.99,10,189.99,1821.5
2024-06-16,PRD-S02,27.59,13,31.34,358.67
2024-06-16,PRD-S03,137.99,7,139.99,952.13
2024-06-16,PRD-S04,43.99,10,43.19,428.9
2024-06-17,PRD-E01,142.49,3,144.99,427.47
2024-06-17,PRD-E02,215.99,9,210.59,1868.31
2024-06-17,PRD-E03,237.49,7,250.95,1614.93
2024-06-17,PRD-E04,59.99,15,57.74,890.85
2024-06-17,PRD-A01,64.99,2,58.9,129.98
2024-06-17,PRD-A02,119.99,7,124.19,833.93
2024-06-17,PRD-A03,42.74,5,43.19,213.7
2024-06-17,PRD-A04,106.39,2,102.9,212.78
2024-06-17,PRD-H01,45.99,7,52.24,321.93
2024-06-17,PRD-H02,172.79,4,157.49,691.16
2024-06-17,PRD-H03,323.99,0,307.79,0.0
2024-06-17,PRD-H04,129.99,8,124.99,981.42
2024-06-17,PRD-B01,39.52,10,42.0,389.27
2024-06-17,PRD-B02,54.0,8,62.64,421.2
2024-06-17,PRD-B03,39.99,5,41.03,193.95
2024-06-17,PRD-B04,79.19,13,91.79,989.87
2024-06-17,PRD-S01,199.99,4,199.49,799.96
2024-06-17,PRD-S02,27.59,10,35.63,271.76
2024-06-17,PRD-S03,131.99,15,139.99,1973.25
2024-06-17,PRD-S04,53.99,7,43.19,377.93
2024-06-18,PRD-E01,142.49,6,144.99,854.94
2024-06-18,PRD-E02,215.99,3,210.59,647.97
2024-06-18,PRD-E03,237.49,4,250.95,949.96
2024-06-18,PRD-E04,59.99,12,57.74,719.88
2024-06-18,PRD-A01,64.99,9,58.9,584.91
2024-06-18,PRD-A02,119.99,5,124.19,575.95
2024-06-18,PRD-A03,42.74,2,43.19,85.48
2024-06-18,PRD-A04,106.39,5,102.9,521.31
2024-06-18,PRD-H01,45.99,4,52.24,181.66
2024-06-18,PRD-H02,172.79,7,157.49,1183.61
2024-06-18,PRD-H03,323.99,1,307.79,323.99
2024-06-18,PRD-H04,129.99,7,124.99,909.93
2024-06-18,PRD-B01,39.52,9,42.0,351.72
2024-06-18,PRD-B02,54.0,11,62.64,594.0
2024-06-18,PRD-B03,39.99,3,41.03,119.97
2024-06-18,PRD-B04,79.19,10,91.79,752.3
2024-06-18,PRD-S01,199.99,1,199.49,199.99
2024-06-18,PRD-S02,27.59,7,35.63,184.85
2024-06-18,PRD-S03,131.99,10,139.99,1306.7
2024-06-18,PRD-S04,53.99,9,43.19,480.51
2024-06-19,PRD-E01,142.49,2,144.99,284.98
2024-06-19,PRD-E02,215.99,9,210.59,1943.91
2024-06-19,PRD-E03,237.49,18,250.95,4132.34
2024-06-19,PRD-E04,59.99,7,57.74,413.93
2024-06-19,PRD-A01,64.99,1,58.9,64.99
2024-06-19,PRD-A02,119.99,14,124.19,1613.86
2024-06-19,PRD-A03,42.74,6,43.19,252.17
2024-06-19,PRD-A04,106.39,2,102.9,212.78
2024-06-19,PRD-H01,45.99,8,52.24,367.92
2024-06-19,PRD-H02,172.79,4,157.49,656.6
2024-06-19,PRD-H03,323.99,5,307.79,1619.95
2024-06-19,PRD-H04,129.99,2,124.99,246.98
2024-06-19,PRD-B01,39.52,12,42.0,466.34
2024-06-19,PRD-B02,54.0,18,62.64,939.6
2024-06-19,PRD-B03,39.99,13,41.03,507.87
2024-06-19,PRD-B04,79.19,3,91.79,237.57
2024-06-19,PRD-S01,199.99,6,199.49,1159.94
2024-06-19,PRD-S02,27.59,9,35.63,244.17
2024-06-19,PRD-S03,131.99,2,139.99,250.78
2024-06-19,PRD-S04,53.99,8,43.19,413.02
2024-06-20,PRD-E01,142.49,13,144.99,1823.87
2024-06-20,PRD-E02,215.99,6,210.59,1285.14
2024-06-20,PRD-E03,237.49,4,250.95,949.96
2024-06-20,PRD-E04,59.99,19,57.74,1139.81
2024-06-20,PRD-A01,64.99,2,58.9,123.48
2024-06-20,PRD-A02,119.99,7,124.19,839.93
2024-06-20,PRD-A03,42.74,8,43.19,341.92
2024-06-20,PRD-A04,106.39,8,102.9,851.12
2024-06-20,PRD-H01,45.99,11,52.24,505.89
2024-06-20,PRD-H02,172.79,4,157.49,691.16
2024-06-20,PRD-H03,323.99,3,307.79,955.77
2024-06-20,PRD-H04,129.99,7,124.99,870.93
2024-06-20,PRD-B01,39.52,5,42.0,195.62
2024-06-20,PRD-B02,54.0,1,62.64,54.0
2024-06-20,PRD-B03,39.99,6,41.03,235.94
2024-06-20,PRD-B04,79.19,8,91.79,633.52
2024-06-20,PRD-S01,199.99,4,199.49,799.96
2024-06-20,PRD-S02,27.59,9,35.63,245.55
2024-06-20,PRD-S03,131.99,4,139.99,508.16
2024-06-20,PRD-S04,53.99,6,43.19,315.84
2024-06-21,PRD-E01,142.49,4,144.99,541.46
2024-06-21,PRD-E02,215.99,3,210.59,647.97
2024-06-21,PRD-E03,237.49,15,250.95,3384.28
2024-06-21,PRD-E04,59.99,7,57.74,407.93
2024-06-21,PRD-A01,64.99,2,58.9,129.98
2024-06-21,PRD-A02,119.99,6,124.19,707.94
2024-06-21,PRD-A03,42.74,5,43.19,213.7
2024-06-21,PRD-A04,106.39,5,102.9,510.67
2024-06-21,PRD-H01,45.99,5,52.24,229.95
2024-06-21,PRD-H02,172.79,3,157.49,518.37
2024-06-21,PRD-H03,323.99,0,307.79,0.0
2024-06-21,PRD-H04,129.99,15,124.99,1936.85
2024-06-21,PRD-B01,39.52,19,42.0,741.0
2024-06-21,PRD-B02,54.0,7,62.64,378.0
2024-06-21,PRD-B03,39.99,4,41.03,159.96
2024-06-21,PRD-B04,79.19,7,91.79,542.45
2024-06-21,PRD-S01,199.99,2,199.49,399.98
2024-06-21,PRD-S02,27.59,13,35.63,358.67
2024-06-21,PRD-S03,131.99,14,139.99,1834.66
2024-06-21,PRD-S04,53.99,5,43.19,269.95
2024-06-22,PRD-E01,142.49,7,144.99,997.43
2024-06-22,PRD-E02,215.99,3,210.59,647.97
2024-06-22,PRD-E03,237.49,9,250.95,2137.41
2024-06-22,PRD-E04,59.99,16,57.74,953.84
2024-06-22,PRD-A01,64.99,4,58.9,259.96
2024-06-22,PRD-A02,119.99,4,124.19,449.96
2024-06-22,PRD-A03,42.74,3,43.19,128.22
2024-06-22,PRD-A04,106.39,3,102.9,319.17
2024-06-22,PRD-H01,45.99,5,52.24,229.95
2024-06-22,PRD-H02,172.79,10,157.49,1727.9
2024-06-22,PRD-H03,323.99,4,307.79,1279.76
2024-06-22,PRD-H04,129.99,4,124.99,513.46
2024-06-22,PRD-B01,39.52,20,42.0,784.46
2024-06-22,PRD-B02,54.0,5,62.64,259.2
2024-06-22,PRD-B03,39.99,4,41.03,159.96
2024-06-22,PRD-B04,79.19,2,91.79,150.46
2024-06-22,PRD-S01,199.99,2,199.49,399.98
2024-06-22,PRD-S02,27.59,13,35.63,358.67
2024-06-22,PRD-S03,131.99,12,139.99,1583.88
2024-06-22,PRD-S04,53.99,12,43.19,637.08
2024-06-23,PRD-E01,142.49,4,144.99,569.96
2024-06-23,PRD-E02,215.99,4,210.59,863.96
2024-06-23,PRD-E03,237.49,7,250.95,1614.93
2024-06-23,PRD-E04,59.99,7,57.74,419.93
2024-06-23,PRD-A01,64.99,3,58.9,194.97
2024-06-23,PRD-A02,119.99,4,124.19,479.96
2024-06-23,PRD-A03,42.74,6,43.19,250.02
2024-06-23,PRD-A04,106.39,3,102.9,319.17
2024-06-23,PRD-H01,45.99,8,52.24,358.72
2024-06-23,PRD-H02,172.79,1,157.49,164.15
2024-06-23,PRD-H03,323.99,0,307.79,0.0
2024-06-23,PRD-H04,129.99,12,124.99,1514.38
2024-06-23,PRD-B01,39.52,20,42.0,784.47
2024-06-23,PRD-B02,54.0,19,62.64,1026.0
2024-06-23,PRD-B03,39.99,5,41.03,191.95
2024-06-23,PRD-B04,79.19,8,91.79,601.84
2024-06-23,PRD-S01,199.99,9,199.49,1779.91
2024-06-23,PRD-S02,27.59,15,35.63,412.47
2024-06-23,PRD-S03,131.99,7,139.99,917.33
2024-06-23,PRD-S04,53.99,6,43.19,323.94
2024-06-24,PRD-E01,142.49,7,144.99,997.43
2024-06-24,PRD-E02,215.99,1,210.59,215.99
2024-06-24,PRD-E03,237.49,3,250.95,712.47
2024-06-24,PRD-E04,59.99,8,57.74,479.92
2024-06-24,PRD-A01,64.99,4,58.9,259.96
2024-06-24,PRD-A02,119.99,12,124.19,1433.88
2024-06-24,PRD-A03,42.74,4,43.19,170.96
2024-06-24,PRD-A04,106.39,0,102.9,0.0
2024-06-24,PRD-H01,45.99,4,52.24,183.96
2024-06-24,PRD-H02,172.79,4,157.49,673.88
2024-06-24,PRD-H03,323.99,4,307.79,1263.56
2024-06-24,PRD-H04,129.99,2,124.99,259.98
2024-06-24,PRD-B01,39.52,6,42.0,235.14
2024-06-24,PRD-B02,54.0,14,62.64,745.2
2024-06-24,PRD-B03,39.99,12,41.03,479.88
2024-06-24,PRD-B04,79.19,8,91.79,633.52
2024-06-24,PRD-S01,199.99,7,199.49,1359.93
2024-06-24,PRD-S02,27.59,5,35.63,137.95
2024-06-24,PRD-S03,131.99,6,139.99,791.94
2024-06-24,PRD-S04,53.99,21,43.19,1125.69
2024-06-25,PRD-E01,142.49,9,144.99,1253.91
2024-06-25,PRD-E02,215.99,3,210.59,647.97
2024-06-25,PRD-E03,237.49,5,250.95,1175.58
2024-06-25,PRD-E04,59.99,13,57.74,767.87
2024-06-25,PRD-A01,64.99,3,58.9,185.22
2024-06-25,PRD-A02,119.99,3,124.19,359.97
2024-06-25,PRD-A03,42.74,8,43.19,324.84
2024-06-25,PRD-A04,106.39,6,102.9,638.34
2024-06-25,PRD-H01,45.99,10,52.24,446.1
2024-06-25,PRD-H02,172.79,4,157.49,691.16
2024-06-25,PRD-H03,323.99,2,307.79,647.98
2024-06-25,PRD-H04,129.99,5,124.99,649.95
2024-06-25,PRD-B01,39.52,12,42.0,462.38
2024-06-25,PRD-B02,54.0,7,62.64,337.5
2024-06-25,PRD-B03,39.99,6,41.03,237.94
2024-06-25,PRD-B04,79.19,4,91.79,316.76
2024-06-25,PRD-S01,199.99,3,199.49,599.97
2024-06-25,PRD-S02,27.59,7,35.63,184.85
2024-06-25,PRD-S03,131.99,15,139.99,1953.45
2024-06-25,PRD-S04,53.99,6,43.19,315.84
2024-06-26,PRD-E01,142.49,4,144.99,562.84
2024-06-26,PRD-E02,215.99,10,210.59,2149.1
2024-06-26,PRD-E03,237.49,10,250.95,2327.4
2024-06-26,PRD-E04,59.99,10,57.74,572.9
2024-06-26,PRD-A01,64.99,3,58.9,194.97
2024-06-26,PRD-A02,119.99,12,124.19,1427.88
2024-06-26,PRD-A03,42.74,5,43.19,203.02
2024-06-26,PRD-A04,106.39,3,102.9,292.57
2024-06-26,PRD-H01,45.99,7,52.24,317.33
2024-06-26,PRD-H02,172.79,1,157.49,172.79
2024-06-26,PRD-H03,323.99,0,307.79,0.0
2024-06-26,PRD-H04,129.99,1,124.99,116.99
2024-06-26,PRD-B01,39.52,7,42.0,276.64
2024-06-26,PRD-B02,54.0,4,62.64,213.3
2024-06-26,PRD-B03,39.99,11,41.03,413.89
2024-06-26,PRD-B04,79.19,11,91.79,871.09
2024-06-26,PRD-S01,199.99,4,199.49,789.96
2024-06-26,PRD-S02,27.59,15,35.63,413.85
2024-06-26,PRD-S03,131.99,6,139.99,778.74
2024-06-26,PRD-S04,53.99,7,43.19,348.23
2024-06-27,PRD-E01,142.49,16,144.99,2279.84
2024-06-27,PRD-E02,215.99,8,210.59,1609.12
2024-06-27,PRD-E03,237.49,2,250.95,474.98
2024-06-27,PRD-E04,59.99,21,57.74,1253.79
2024-06-27,PRD-A01,64.99,4,58.9,240.46
2024-06-27,PRD-A02,119.99,5,124.19,599.95
2024-06-27,PRD-A03,42.74,3,43.19,123.95
2024-06-27,PRD-A04,106.39,2,102.9,212.78
2024-06-27,PRD-H01,45.99,5,52.24,229.95
2024-06-27,PRD-H02,172.79,2,157.49,345.58
2024-06-27,PRD-H03,323.99,4,307.79,1263.56
2024-06-27,PRD-H04,129.99,7,124.99,870.93
2024-06-27,PRD-B01,39.52,14,42.0,553.28
2024-06-27,PRD-B02,54.0,13,62.64,688.5
2024-06-27,PRD-B03,39.99,5,41.03,195.95
2024-06-27,PRD-B04,79.19,11,91.79,871.09
2024-06-27,PRD-S01,199.99,11,199.49,2189.89
2024-06-27,PRD-S02,27.59,29,35.63,789.07
2024-06-27,PRD-S03,131.99,12,139.99,1570.68
2024-06-27,PRD-S04,53.99,11,43.19,583.09
2024-06-28,PRD-E01,142.49,3,144.99,427.47
2024-06-28,PRD-E02,215.99,2,210.59,431.98
2024-06-28,PRD-E03,237.49,4,250.95,949.96
2024-06-28,PRD-E04,59.99,19,57.74,1088.81
2024-06-28,PRD-A01,64.99,4,58.9,259.96
2024-06-28,PRD-A02,119.99,3,124.19,353.97
2024-06-28,PRD-A03,42.74,6,43.19,252.17
2024-06-28,PRD-A04,106.39,5,102.9,505.35
2024-06-28,PRD-H01,45.99,6,52.24,275.94
2024-06-28,PRD-H02,172.79,3,157.49,518.37
2024-06-28,PRD-H03,323.99,0,307.79,0.0
2024-06-28,PRD-H04,129.99,4,124.99,519.96
2024-06-28,PRD-B01,39.52,27,42.0,1061.11
2024-06-28,PRD-B02,54.0,6,62.64,318.6
2024-06-28,PRD-B03,39.99,3,41.03,119.97
2024-06-28,PRD-B04,79.19,3,91.79,229.65
2024-06-28,PRD-S01,199.99,6,199.49,1199.94
2024-06-28,PRD-S02,27.59,9,35.63,248.31
2024-06-28,PRD-S03,131.99,2,139.99,263.98
2024-06-28,PRD-S04,53.99,7,43.19,375.23
2024-06-29,PRD-E01,142.49,2,144.99,284.98
2024-06-29,PRD-E02,215.99,3,210.59,626.37
2024-06-29,PRD-E03,237.49,9,250.95,2113.67
2024-06-29,PRD-E04,59.99,13,57.74,779.87
2024-06-29,PRD-A01,64.99,4,58.9,256.71
2024-06-29,PRD-A02,119.99,8,124.19,929.92
2024-06-29,PRD-A03,42.74,12,43.19,457.3
2024-06-29,PRD-A04,106.39,3,102.9,313.85
2024-06-29,PRD-H01,45.99,12,52.24,542.68
2024-06-29,PRD-H02,172.79,3,157.49,518.37
2024-06-29,PRD-H03,323.99,8,307.79,2559.52
2024-06-29,PRD-H04,129.99,16,124.99,2053.84
2024-06-29,PRD-B01,39.52,14,42.0,545.38
2024-06-29,PRD-B02,54.0,7,62.64,369.9
2024-06-29,PRD-B03,39.99,16,41.03,639.84
2024-06-29,PRD-B04,79.19,4,91.79,316.76
2024-06-29,PRD-S01,199.99,4,199.49,789.96
2024-06-29,PRD-S02,27.59,9,35.63,238.65
2024-06-29,PRD-S03,131.99,14,139.99,1795.06
2024-06-29,PRD-S04,53.99,17,43.19,912.43
2024-06-30,PRD-E01,142.49,9,144.99,1261.04
2024-06-30,PRD-E02,215.99,1,210.59,215.99
2024-06-30,PRD-E03,237.49,9,250.95,2137.41
2024-06-30,PRD-E04,59.99,14,57.74,821.86
2024-06-30,PRD-A01,64.99,10,58.9,636.9
2024-06-30,PRD-A02,119.99,12,124.19,1433.88
2024-06-30,PRD-A03,42.74,6,43.19,256.44
2024-06-30,PRD-A04,106.39,4,102.9,425.56
2024-06-30,PRD-H01,45.99,2,52.24,91.98
2024-06-30,PRD-H02,172.79,3,157.49,518.37
2024-06-30,PRD-H03,323.99,4,307.79,1295.96
2024-06-30,PRD-H04,129.99,3,124.99,389.97
2024-06-30,PRD-B01,39.52,6,42.0,233.17
2024-06-30,PRD-B02,54.0,12,62.64,645.3
2024-06-30,PRD-B03,39.99,12,41.03,479.88
2024-06-30,PRD-B04,79.19,2,91.79,150.46
2024-06-30,PRD-S01,199.99,3,199.49,579.97
2024-06-30,PRD-S02,27.59,14,35.63,379.36
2024-06-30,PRD-S03,131.99,11,139.99,1438.69
2024-06-30,PRD-S04,53.99,7,43.19,340.13
2024-07-01,PRD-E01,161.99,5,144.99,785.65
2024-07-01,PRD-E02,207.99,4,210.59,831.96
2024-07-01,PRD-E03,237.49,4,250.95,914.34
2024-07-01,PRD-E04,52.79,7,57.74,358.97
2024-07-01,PRD-A01,70.19,2,58.9,140.38
2024-07-01,PRD-A02,129.59,13,124.19,1678.19
2024-07-01,PRD-A03,46.79,5,43.19,231.61
2024-07-01,PRD-A04,87.39,9,102.9,786.51
2024-07-01,PRD-H01,51.99,5,52.24,259.95
2024-07-01,PRD-H02,166.39,2,157.49,332.78
2024-07-01,PRD-H03,335.99,1,307.79,335.99
2024-07-01,PRD-H04,135.19,4,124.99,540.76
2024-07-01,PRD-B01,36.1,5,42.0,178.7
2024-07-01,PRD-B02,51.3,13,62.64,630.97
2024-07-01,PRD-B03,39.99,9,41.03,349.91
2024-07-01,PRD-B04,93.59,2,91.79,187.18
2024-07-01,PRD-S01,207.99,5,199.49,977.55
2024-07-01,PRD-S02,27.59,12,35.63,331.08
2024-07-01,PRD-S03,149.99,4,139.99,599.96
2024-07-01,PRD-S04,43.99,10,43.19,439.9
2024-07-02,PRD-E01,161.99,2,144.99,275.38
2024-07-02,PRD-E02,207.99,2,210.59,415.98
2024-07-02,PRD-E03,237.49,20,250.95,4464.81
2024-07-02,PRD-E04,52.79,8,57.74,409.12
2024-07-02,PRD-A01,70.19,1,58.9,70.19
2024-07-02,PRD-A02,129.59,14,124.19,1794.82
2024-07-02,PRD-A03,46.79,1,43.19,46.79
2024-07-02,PRD-A04,87.39,4,102.9,349.56
2024-07-02,PRD-H01,51.99,16,52.24,805.84
2024-07-02,PRD-H02,166.39,2,157.49,332.78
2024-07-02,PRD-H03,335.99,1,307.79,335.99
2024-07-02,PRD-H04,135.19,0,124.99,0.0
2024-07-02,PRD-B01,36.1,33,42.0,1189.5
2024-07-02,PRD-B02,51.3,14,62.64,710.5
2024-07-02,PRD-B03,39.99,1,41.03,39.99
2024-07-02,PRD-B04,93.59,5,91.79,449.23
2024-07-02,PRD-S01,207.99,10,199.49,1996.7
2024-07-02,PRD-S02,27.59,10,35.63,275.9
2024-07-02,PRD-S03,149.99,5,139.99,749.95
2024-07-02,PRD-S04,43.99,7,43.19,307.93
2024-07-03,PRD-E01,161.99,3,144.99,477.87
2024-07-03,PRD-E02,207.99,9,210.59,1861.51
2024-07-03,PRD-E03,237.49,3,250.95,700.6
2024-07-03,PRD-E04,52.79,25,57.74,1298.63
2024-07-03,PRD-A01,70.19,2,58.9,140.38
2024-07-03,PRD-A02,129.59,6,124.19,771.06
2024-07-03,PRD-A03,46.79,12,43.19,547.44
2024-07-03,PRD-A04,87.39,11,102.9,926.33
2024-07-03,PRD-H01,51.99,5,52.24,259.95
2024-07-03,PRD-H02,166.39,1,157.49,166.39
2024-07-03,PRD-H03,335.99,0,307.79,0.0
2024-07-03,PRD-H04,135.19,5,124.99,669.19
2024-07-03,PRD-B01,36.1,6,42.0,211.18
2024-07-03,PRD-B02,51.3,10,62.64,513.0
2024-07-03,PRD-B03,39.99,10,41.03,399.9
2024-07-03,PRD-B04,93.59,14,91.79,1310.26
2024-07-03,PRD-S01,207.99,11,199.49,2267.09
2024-07-03,PRD-S02,27.59,10,35.63,270.38
2024-07-03,PRD-S03,149.99,2,139.99,299.98
2024-07-03,PRD-S04,43.99,21,43.19,917.19
2024-07-04,PRD-E01,161.99,5,144.99,809.95
2024-07-04,PRD-E02,207.99,6,210.59,1216.74
2024-07-04,PRD-E03,237.49,7,250.95,1650.56
2024-07-04,PRD-E04,52.79,17,57.74,873.67
2024-07-04,PRD-A01,70.19,3,58.9,200.04
2024-07-04,PRD-A02,129.59,7,124.19,907.13
2024-07-04,PRD-A03,46.79,6,43.19,278.4
2024-07-04,PRD-A04,87.39,2,102.9,174.78
2024-07-04,PRD-H01,51.99,12,52.24,623.88
2024-07-04,PRD-H02,166.39,2,157.49,324.46
2024-07-04,PRD-H03,335.99,2,307.79,671.98
2024-07-04,PRD-H04,135.19,2,124.99,256.86
2024-07-04,PRD-B01,36.1,10,42.0,344.76
2024-07-04,PRD-B02,51.3,5,62.64,251.37
2024-07-04,PRD-B03,39.99,2,41.03,79.98
2024-07-04,PRD-B04,93.59,3,91.79,276.09
2024-07-04,PRD-S01,207.99,2,199.49,415.98
2024-07-04,PRD-S02,27.59,12,35.63,321.42
2024-07-04,PRD-S03,149.99,2,139.99,299.98
2024-07-04,PRD-S04,43.99,17,43.19,741.23
2024-07-05,PRD-E01,161.99,3,144.99,485.97
2024-07-05,PRD-E02,207.99,6,210.59,1247.94
2024-07-05,PRD-E03,237.49,5,250.95,1175.58
2024-07-05,PRD-E04,52.79,21,57.74,1079.55
2024-07-05,PRD-A01,70.19,7,58.9,491.33
2024-07-05,PRD-A02,129.59,4,124.19,479.48
2024-07-05,PRD-A03,46.79,5,43.19,229.27
2024-07-05,PRD-A04,87.39,2,102.9,174.78
2024-07-05,PRD-H01,51.99,7,52.24,353.53
2024-07-05,PRD-H02,166.39,2,157.49,332.78
2024-07-05,PRD-H03,335.99,1,307.79,335.99
2024-07-05,PRD-H04,135.19,0,124.99,0.0
2024-07-05,PRD-B01,36.1,15,42.0,541.5
2024-07-05,PRD-B02,51.3,6,62.64,294.97
2024-07-05,PRD-B03,39.99,12,41.03,445.88
2024-07-05,PRD-B04,93.59,9,91.79,837.63
2024-07-05,PRD-S01,207.99,0,199.49,0.0
2024-07-05,PRD-S02,27.59,15,35.63,411.09
2024-07-05,PRD-S03,149.99,10,139.99,1477.4
2024-07-05,PRD-S04,43.99,8,43.19,351.92
2024-07-06,PRD-E01,161.99,4,144.99,647.96
2024-07-06,PRD-E02,207.99,13,210.59,2620.67
2024-07-06,PRD-E03,237.49,6,250.95,1424.94
2024-07-06,PRD-E04,52.79,15,57.74,783.93
2024-07-06,PRD-A01,70.19,8,58.9,533.44
2024-07-06,PRD-A02,129.59,19,124.19,2429.81
2024-07-06,PRD-A03,46.79,15,43.19,701.85
2024-07-06,PRD-A04,87.39,8,102.9,694.75
2024-07-06,PRD-H01,51.99,4,52.24,207.96
2024-07-06,PRD-H02,166.39,6,157.49,965.06
2024-07-06,PRD-H03,335.99,8,307.79,2469.52
2024-07-06,PRD-H04,135.19,11,124.99,1480.33
2024-07-06,PRD-B01,36.1,4,42.0,142.6
2024-07-06,PRD-B02,51.3,16,62.64,820.8
2024-07-06,PRD-B03,39.99,6,41.03,235.94
2024-07-06,PRD-B04,93.59,3,91.79,280.77
2024-07-06,PRD-S01,207.99,8,199.49,1487.12
2024-07-06,PRD-S02,27.59,19,35.63,510.41
2024-07-06,PRD-S03,149.99,9,139.99,1349.91
2024-07-06,PRD-S04,43.99,11,43.19,477.29
2024-07-07,PRD-E01,161.99,6,144.99,971.94
2024-07-07,PRD-E02,207.99,3,210.59,623.97
2024-07-07,PRD-E03,237.49,4,250.95,949.96
2024-07-07,PRD-E04,52.79,13,57.74,673.07
2024-07-07,PRD-A01,70.19,5,58.9,347.44
2024-07-07,PRD-A02,129.59,8,124.19,926.56
2024-07-07,PRD-A03,46.79,3,43.19,128.67
2024-07-07,PRD-A04,87.39,6,102.9,524.34
2024-07-07,PRD-H01,51.99,9,52.24,467.91
2024-07-07,PRD-H02,166.39,2,157.49,332.78
2024-07-07,PRD-H03,335.99,3,307.79,991.17
2024-07-07,PRD-H04,135.19,3,124.99,405.57
2024-07-07,PRD-B01,36.1,5,42.0,175.09
2024-07-07,PRD-B02,51.3,7,62.64,353.97
2024-07-07,PRD-B03,39.99,7,41.03,261.93
2024-07-07,PRD-B04,93.59,8,91.79,683.2
2024-07-07,PRD-S01,207.99,4,199.49,831.96
2024-07-07,PRD-S02,27.59,11,35.63,299.35
2024-07-07,PRD-S03,149.99,5,139.99,727.45
2024-07-07,PRD-S04,43.99,15,43.19,659.85
2024-07-08,PRD-E01,161.99,15,152.24,2421.75
2024-07-08,PRD-E02,207.99,7,194.99,1455.93
2024-07-08,PRD-E03,237.49,11,250.95,2553.04
2024-07-08,PRD-E04,52.79,18,57.74,950.22
2024-07-08,PRD-A01,70.19,3,65.1,207.06
2024-07-08,PRD-A02,129.59,4,120.74,511.88
2024-07-08,PRD-A03,46.79,7,47.99,327.53
2024-07-08,PRD-A04,87.39,5,98.0,436.95
2024-07-08,PRD-H01,51.99,2,57.74,103.98
2024-07-08,PRD-H02,166.39,0,157.49,0.0
2024-07-08,PRD-H03,335.99,3,284.99,1007.97
2024-07-08,PRD-H04,135.19,3,131.24,405.57
2024-07-08,PRD-B01,36.1,4,45.36,140.79
2024-07-08,PRD-B02,51.3,10,55.1,484.78
2024-07-08,PRD-B03,39.99,5,34.19,167.95
2024-07-08,PRD-B04,93.59,3,80.74,280.77
2024-07-08,PRD-S01,207.99,0,180.49,0.0
2024-07-08,PRD-S02,27.59,14,29.69,386.26
2024-07-08,PRD-S03,149.99,4,139.99,577.46
2024-07-08,PRD-S04,43.99,12,45.59,512.48
2024-07-09,PRD-E01,161.99,3,152.24,445.47
2024-07-09,PRD-E02,207.99,4,194.99,831.96
2024-07-09,PRD-E03,237.49,6,250.95,1401.19
2024-07-09,PRD-E04,52.79,17,57.74,857.83
2024-07-09,PRD-A01,70.19,3,65.1,210.57
2024-07-09,PRD-A02,129.59,5,120.74,647.95
2024-07-09,PRD-A03,46.79,4,47.99,177.8
2024-07-09,PRD-A04,87.39,9,98.0,786.51
2024-07-09,PRD-H01,51.99,9,57.74,467.91
2024-07-09,PRD-H02,166.39,3,157.49,499.17
2024-07-09,PRD-H03,335.99,8,284.99,2687.92
2024-07-09,PRD-H04,135.19,2,131.24,270.38
2024-07-09,PRD-B01,36.1,8,45.36,288.8
2024-07-09,PRD-B02,51.3,20,55.1,1002.91
2024-07-09,PRD-B03,39.99,12,34.19,477.88
2024-07-09,PRD-B04,93.59,5,80.74,467.95
2024-07-09,PRD-S01,207.99,4,180.49,821.56
2024-07-09,PRD-S02,27.59,8,29.69,206.92
2024-07-09,PRD-S03,149.99,4,139.99,599.96
2024-07-09,PRD-S04,43.99,9,45.59,395.91
2024-07-10,PRD-E01,161.99,3,152.24,485.97
2024-07-10,PRD-E02,207.99,3,194.99,623.97
2024-07-10,PRD-E03,237.49,7,250.95,1662.43
2024-07-10,PRD-E04,52.79,12,57.74,625.56
2024-07-10,PRD-A01,70.19,15,65.1,1031.79
2024-07-10,PRD-A02,129.59,10,120.74,1295.9
2024-07-10,PRD-A03,46.79,13,47.99,587.21
2024-07-10,PRD-A04,87.39,1,98.0,87.39
2024-07-10,PRD-H01,51.99,10,57.74,504.3
2024-07-10,PRD-H02,166.39,2,157.49,299.5
2024-07-10,PRD-H03,335.99,1,284.99,335.99
2024-07-10,PRD-H04,135.19,6,131.24,797.62
2024-07-10,PRD-B01,36.1,3,45.36,108.3
2024-07-10,PRD-B02,51.3,7,55.1,353.97
2024-07-10,PRD-B03,39.99,3,34.19,119.97
2024-07-10,PRD-B04,93.59,2,80.74,187.18
2024-07-10,PRD-S01,207.99,5,180.49,1039.95
2024-07-10,PRD-S02,27.59,5,29.69,137.95
2024-07-10,PRD-S03,149.99,12,139.99,1672.38
2024-07-10,PRD-S04,43.99,12,45.59,501.48
2024-07-11,PRD-E01,161.99,9,152.24,1457.91
2024-07-11,PRD-E02,207.99,7,194.99,1435.13
2024-07-11,PRD-E03,237.49,1,250.95,237.49
2024-07-11,PRD-E04,52.79,26,57.74,1356.7
2024-07-11,PRD-A01,70.19,1,65.1,70.19
2024-07-11,PRD-A02,129.59,5,120.74,622.03
2024-07-11,PRD-A03,46.79,7,47.99,313.49
2024-07-11,PRD-A04,87.39,8,98.0,686.01
2024-07-11,PRD-H01,51.99,17,57.74,883.83
2024-07-11,PRD-H02,166.39,3,157.49,499.17
2024-07-11,PRD-H03,335.99,8,284.99,2419.12
2024-07-11,PRD-H04,135.19,0,131.24,0.0
2024-07-11,PRD-B01,36.1,8,45.36,288.8
2024-07-11,PRD-B02,51.3,6,55.1,297.54
2024-07-11,PRD-B03,39.99,10,34.19,389.9
2024-07-11,PRD-B04,93.59,1,80.74,93.59
2024-07-11,PRD-S01,207.99,7,180.49,1455.93
2024-07-11,PRD-S02,27.59,10,29.69,274.52
2024-07-11,PRD-S03,149.99,8,139.99,1199.92
2024-07-11,PRD-S04,43.99,5,45.59,215.55
2024-07-12,PRD-E01,161.99,1,152.24,161.99
2024-07-12,PRD-E02,207.99,6,194.99,1247.94
2024-07-12,PRD-E03,237.49,2,250.95,474.98
2024-07-12,PRD-E04,52.79,18,57.74,950.22
2024-07-12,PRD-A01,70.19,2,65.1,140.38
2024-07-12,PRD-A02,129.59,4,120.74,479.48
2024-07-12,PRD-A03,46.79,7,47.99,327.53
2024-07-12,PRD-A04,87.39,4,98.0,349.56
2024-07-12,PRD-H01,51.99,5,57.74,252.15
2024-07-12,PRD-H02,166.39,1,157.49,158.07
2024-07-12,PRD-H03,335.99,0,284.99,0.0
2024-07-12,PRD-H04,135.19,2,131.24,270.38
2024-07-12,PRD-B01,36.1,10,45.36,357.4
2024-07-12,PRD-B02,51.3,7,55.1,356.53
2024-07-12,PRD-B03,39.99,25,34.19,977.75
2024-07-12,PRD-B04,93.59,2,80.74,187.18
2024-07-12,PRD-S01,207.99,6,180.49,1206.34
2024-07-12,PRD-S02,27.59,7,29.69,190.37
2024-07-12,PRD-S03,149.99,4,139.99,562.46
2024-07-12,PRD-S04,43.99,12,45.59,521.28
2024-07-13,PRD-E01,161.99,10,152.24,1579.4
2024-07-13,PRD-E02,207.99,3,194.99,623.97
2024-07-13,PRD-E03,237.49,11,250.95,2576.78
2024-07-13,PRD-E04,52.79,21,57.74,1105.95
2024-07-13,PRD-A01,70.19,4,65.1,280.76
2024-07-13,PRD-A02,129.59,9,120.74,1101.51
2024-07-13,PRD-A03,46.79,3,47.99,140.37
2024-07-13,PRD-A04,87.39,2,98.0,148.56
2024-07-13,PRD-H01,51.99,3,57.74,155.97
2024-07-13,PRD-H02,166.39,3,157.49,499.17
2024-07-13,PRD-H03,335.99,0,284.99,0.0
2024-07-13,PRD-H04,135.19,2,131.24,270.38
2024-07-13,PRD-B01,36.1,11,45.36,397.1
2024-07-13,PRD-B02,51.3,7,55.1,359.1
2024-07-13,PRD-B03,39.99,14,34.19,559.86
2024-07-13,PRD-B04,93.59,4,80.74,369.68
2024-07-13,PRD-S01,207.99,3,180.49,623.97
2024-07-13,PRD-S02,27.59,14,29.69,386.26
2024-07-13,PRD-S03,149.99,5,139.99,749.95
2024-07-13,PRD-S04,43.99,18,45.59,778.62
2024-07-14,PRD-E01,161.99,4,152.24,647.96
2024-07-14,PRD-E02,207.99,3,194.99,623.97
2024-07-14,PRD-E03,237.49,8,250.95,1899.92
2024-07-14,PRD-E04,52.79,16,57.74,836.72
2024-07-14,PRD-A01,70.19,3,65.1,210.57
2024-07-14,PRD-A02,129.59,3,120.74,388.77
2024-07-14,PRD-A03,46.79,8,47.99,374.32
2024-07-14,PRD-A04,87.39,3,98.0,262.17
2024-07-14,PRD-H01,51.99,7,57.74,363.93
2024-07-14,PRD-H02,166.39,3,157.49,465.89
2024-07-14,PRD-H03,335.99,2,284.99,671.98
2024-07-14,PRD-H04,135.19,4,131.24,540.76
2024-07-14,PRD-B01,36.1,10,45.36,359.2
2024-07-14,PRD-B02,51.3,4,55.1,205.2
2024-07-14,PRD-B03,39.99,9,34.19,355.91
2024-07-14,PRD-B04,93.59,1,80.74,93.59
2024-07-14,PRD-S01,207.99,8,180.49,1539.12
2024-07-14,PRD-S02,27.59,6,29.69,161.4
2024-07-14,PRD-S03,149.99,4,139.99,584.96
2024-07-14,PRD-S04,43.99,16,45.59,695.04
2024-07-15,PRD-E01,137.99,9,152.24,1221.21
2024-07-15,PRD-E02,189.99,1,194.99,189.99
2024-07-15,PRD-E03,219.99,9,250.95,1979.91
2024-07-15,PRD-E04,62.39,12,57.74,745.56
2024-07-15,PRD-A01,61.74,7,65.1,432.18
2024-07-15,PRD-A02,129.59,5,120.74,647.95
2024-07-15,PRD-A03,46.79,3,47.99,135.69
2024-07-15,PRD-A04,102.59,5,98.0,512.95
2024-07-15,PRD-H01,43.99,14,57.74,580.66
2024-07-15,PRD-H02,147.19,6,157.49,883.14
2024-07-15,PRD-H03,275.99,8,284.99,2152.72
2024-07-15,PRD-H04,114.39,3,131.24,343.17
2024-07-15,PRD-B01,34.96,24,45.36,821.54
2024-07-15,PRD-B02,49.68,9,55.1,442.15
2024-07-15,PRD-B03,39.99,11,34.19,431.89
2024-07-15,PRD-B04,79.19,6,80.74,475.14
2024-07-15,PRD-S01,189.99,4,180.49,759.96
2024-07-15,PRD-S02,27.59,10,29.69,274.52
2024-07-15,PRD-S03,149.99,11,139.99,1649.89
2024-07-15,PRD-S04,53.99,6,45.59,321.24
2024-07-16,PRD-E01,137.99,0,152.24,0.0
2024-07-16,PRD-E02,189.99,3,194.99,569.97
2024-07-16,PRD-E03,219.99,19,250.95,4179.81
2024-07-16,PRD-E04,62.39,9,57.74,561.51
2024-07-16,PRD-A01,61.74,5,65.1,302.53
2024-07-16,PRD-A02,129.59,10,120.74,1263.5
2024-07-16,PRD-A03,46.79,5,47.99,231.61
2024-07-16,PRD-A04,102.59,0,98.0,0.0
2024-07-16,PRD-H01,43.99,11,57.74,477.29
2024-07-16,PRD-H02,147.19,5,157.49,691.79
2024-07-16,PRD-H03,275.99,1,284.99,275.99
2024-07-16,PRD-H04,114.39,5,131.24,554.79
2024-07-16,PRD-B01,34.96,11,45.36,379.31
2024-07-16,PRD-B02,49.68,12,55.1,596.16
2024-07-16,PRD-B03,39.99,5,34.19,195.95
2024-07-16,PRD-B04,79.19,2,80.74,146.5
2024-07-16,PRD-S01,189.99,7,180.49,1282.43
2024-07-16,PRD-S02,27.59,8,29.69,215.2
2024-07-16,PRD-S03,149.99,0,139.99,0.0
2024-07-16,PRD-S04,53.99,4,45.59,202.46
2024-07-17,PRD-E01,137.99,2,152.24,262.18
2024-07-17,PRD-E02,189.99,7,194.99,1329.93
2024-07-17,PRD-E03,219.99,6,250.95,1319.94
2024-07-17,PRD-E04,62.39,3,57.74,187.17
2024-07-17,PRD-A01,61.74,5,65.1,308.7
2024-07-17,PRD-A02,129.59,5,120.74,647.95
2024-07-17,PRD-A03,46.79,0,47.99,0.0
2024-07-17,PRD-A04,102.59,5,98.0,502.69
2024-07-17,PRD-H01,43.99,8,57.74,349.72
2024-07-17,PRD-H02,147.19,9,157.49,1324.71
2024-07-17,PRD-H03,275.99,1,284.99,275.99
2024-07-17,PRD-H04,114.39,4,131.24,440.4
2024-07-17,PRD-B01,34.96,14,45.36,473.71
2024-07-17,PRD-B02,49.68,13,55.1,640.87
2024-07-17,PRD-B03,39.99,2,34.19,77.98
2024-07-17,PRD-B04,79.19,0,80.74,0.0
2024-07-17,PRD-S01,189.99,3,180.49,569.97
2024-07-17,PRD-S02,27.59,3,29.69,82.77
2024-07-17,PRD-S03,149.99,5,139.99,749.95
2024-07-17,PRD-S04,53.99,7,45.59,375.23
2024-07-18,PRD-E01,137.99,10,152.24,1359.2
2024-07-18,PRD-E02,189.99,3,194.99,560.47
2024-07-18,PRD-E03,219.99,5,250.95,1077.95
2024-07-18,PRD-E04,62.39,10,57.74,623.9
2024-07-18,PRD-A01,61.74,4,65.1,246.96
2024-07-18,PRD-A02,129.59,15,120.74,1879.05
2024-07-18,PRD-A03,46.79,6,47.99,280.74
2024-07-18,PRD-A04,102.59,3,98.0,307.77
2024-07-18,PRD-H01,43.99,4,57.74,175.96
2024-07-18,PRD-H02,147.19,3,157.49,441.57
2024-07-18,PRD-H03,275.99,0,284.99,0.0
2024-07-18,PRD-H04,114.39,3,131.24,331.73
2024-07-18,PRD-B01,34.96,9,45.36,311.14
2024-07-18,PRD-B02,49.68,12,55.1,596.16
2024-07-18,PRD-B03,39.99,5,34.19,199.95
2024-07-18,PRD-B04,79.19,2,80.74,154.42
2024-07-18,PRD-S01,189.99,1,180.49,189.99
2024-07-18,PRD-S02,27.59,8,29.69,216.58
2024-07-18,PRD-S03,149.99,2,139.99,299.98
2024-07-18,PRD-S04,53.99,10,45.59,526.4
2024-07-19,PRD-E01,137.99,6,152.24,821.04
2024-07-19,PRD-E02,189.99,3,194.99,569.97
2024-07-19,PRD-E03,219.99,5,250.95,1099.95
2024-07-19,PRD-E04,62.39,10,57.74,592.7
2024-07-19,PRD-A01,61.74,8,65.1,478.47
2024-07-19,PRD-A02,129.59,3,120.74,336.93
2024-07-19,PRD-A03,46.79,6,47.99,257.34
2024-07-19,PRD-A04,102.59,11,98.0,1128.49
2024-07-19,PRD-H01,43.99,3,57.74,129.77
2024-07-19,PRD-H02,147.19,1,157.49,147.19
2024-07-19,PRD-H03,275.99,3,284.99,827.97
2024-07-19,PRD-H04,114.39,2,131.24,205.9
2024-07-19,PRD-B01,34.96,10,45.36,337.36
2024-07-19,PRD-B02,49.68,14,55.1,693.04
2024-07-19,PRD-B03,39.99,3,34.19,119.97
2024-07-19,PRD-B04,79.19,13,80.74,1013.63
2024-07-19,PRD-S01,189.99,6,180.49,1139.94
2024-07-19,PRD-S02,27.59,8,29.69,220.72
2024-07-19,PRD-S03,149.99,6,139.99,899.94
2024-07-19,PRD-S04,53.99,9,45.59,475.11
2024-07-20,PRD-E01,137.99,17,152.24,2345.83
2024-07-20,PRD-E02,189.99,2,194.99,379.98
2024-07-20,PRD-E03,219.99,7,250.95,1484.93
2024-07-20,PRD-E04,62.39,23,57.74,1428.73
2024-07-20,PRD-A01,61.74,2,65.1,123.48
2024-07-20,PRD-A02,129.59,13,120.74,1684.67
2024-07-20,PRD-A03,46.79,3,47.99,140.37
2024-07-20,PRD-A04,102.59,6,98.0,615.54
2024-07-20,PRD-H01,43.99,10,57.74,437.7
2024-07-20,PRD-H02,147.19,7,157.49,1030.33
2024-07-20,PRD-H03,275.99,2,284.99,538.18
2024-07-20,PRD-H04,114.39,6,131.24,686.34
2024-07-20,PRD-B01,34.96,14,45.36,487.69
2024-07-20,PRD-B02,49.68,7,55.1,340.31
2024-07-20,PRD-B03,39.99,15,34.19,557.85
2024-07-20,PRD-B04,79.19,6,80.74,471.18
2024-07-20,PRD-S01,189.99,4,180.49,759.96
2024-07-20,PRD-S02,27.59,12,29.69,317.28
2024-07-20,PRD-S03,149.99,6,139.99,899.94
2024-07-20,PRD-S04,53.99,15,45.59,788.25
2024-07-21,PRD-E01,137.99,6,152.24,800.34
2024-07-21,PRD-E02,189.99,8,194.99,1519.92
2024-07-21,PRD-E03,219.99,9,250.95,1979.91
2024-07-21,PRD-E04,62.39,8,57.74,499.12
2024-07-21,PRD-A01,61.74,8,65.1,469.22
2024-07-21,PRD-A02,129.59,3,120.74,388.77
2024-07-21,PRD-A03,46.79,3,47.99,140.37
2024-07-21,PRD-A04,102.59,2,98.0,205.18
2024-07-21,PRD-H01,43.99,3,57.74,127.57
2024-07-21,PRD-H02,147.19,4,157.49,574.04
2024-07-21,PRD-H03,275.99,4,284.99,1103.96
2024-07-21,PRD-H04,114.39,6,131.24,686.34
2024-07-21,PRD-B01,34.96,8,45.36,265.68
2024-07-21,PRD-B02,49.68,7,55.1,342.79
2024-07-21,PRD-B03,39.99,8,34.19,319.92
2024-07-21,PRD-B04,79.19,3,80.74,233.61
2024-07-21,PRD-S01,189.99,6,180.49,1111.44
2024-07-21,PRD-S02,27.59,10,29.69,260.72
2024-07-21,PRD-S03,149.99,9,139.99,1349.91
2024-07-21,PRD-S04,53.99,18,45.59,950.22
2024-07-22,PRD-E01,137.99,4,152.24,551.96
2024-07-22,PRD-E02,189.99,3,194.99,569.97
2024-07-22,PRD-E03,219.99,7,250.95,1495.93
2024-07-22,PRD-E04,62.39,17,57.74,1038.79
2024-07-22,PRD-A01,61.74,15,65.1,926.1
2024-07-22,PRD-A02,129.59,10,120.74,1295.9
2024-07-22,PRD-A03,46.79,1,47.99,46.79
2024-07-22,PRD-A04,102.59,7,98.0,718.13
2024-07-22,PRD-H01,43.99,11,57.74,475.09
2024-07-22,PRD-H02,147.19,3,157.49,441.57
2024-07-22,PRD-H03,275.99,0,284.99,0.0
2024-07-22,PRD-H04,114.39,8,131.24,880.8
2024-07-22,PRD-B01,34.96,14,45.36,475.44
2024-07-22,PRD-B02,49.68,13,55.1,625.96
2024-07-22,PRD-B03,39.99,10,34.19,395.9
2024-07-22,PRD-B04,79.19,2,80.74,158.38
2024-07-22,PRD-S01,189.99,9,180.49,1709.91
2024-07-22,PRD-S02,27.59,14,29.69,383.5
2024-07-22,PRD-S03,149.99,3,139.99,449.97
2024-07-22,PRD-S04,53.99,10,45.59,534.5
2024-07-23,PRD-E01,137.99,9,152.24,1166.01
2024-07-23,PRD-E02,189.99,10,194.99,1890.4
2024-07-23,PRD-E03,219.99,4,250.95,879.96
2024-07-23,PRD-E04,62.39,8,57.74,492.88
2024-07-23,PRD-A01,61.74,3,65.1,185.22
2024-07-23,PRD-A02,129.59,7,120.74,907.13
2024-07-23,PRD-A03,46.79,21,47.99,919.41
2024-07-23,PRD-A04,102.59,10,98.0,1025.9
2024-07-23,PRD-H01,43.99,10,57.74,437.7
2024-07-23,PRD-H02,147.19,2,157.49,294.38
2024-07-23,PRD-H03,275.99,1,284.99,275.99
2024-07-23,PRD-H04,114.39,13,131.24,1487.07
2024-07-23,PRD-B01,34.96,16,45.36,559.36
2024-07-23,PRD-B02,49.68,7,55.1,342.79
2024-07-23,PRD-B03,39.99,9,34.19,351.91
2024-07-23,PRD-B04,79.19,1,80.74,79.19
2024-07-23,PRD-S01,189.99,4,180.49,759.96
2024-07-23,PRD-S02,27.59,10,29.69,262.1
2024-07-23,PRD-S03,149.99,6,139.99,884.94
2024-07-23,PRD-S04,53.99,7,45.59,377.93
2024-07-24,PRD-E01,137.99,6,152.24,807.24
2024-07-24,PRD-E02,189.99,4,194.99,759.96
2024-07-24,PRD-E03,219.99,10,250.95,2111.9
2024-07-24,PRD-E04,62.39,6,57.74,361.86
2024-07-24,PRD-A01,61.74,1,65.1,61.74
2024-07-24,PRD-A02,129.59,4,120.74,518.36
2024-07-24,PRD-A03,46.79,2,47.99,86.56
2024-07-24,PRD-A04,102.59,1,98.0,102.59
2024-07-24,PRD-H01,43.99,3,57.74,131.97
2024-07-24,PRD-H02,147.19,2,157.49,294.38
2024-07-24,PRD-H03,275.99,0,284.99,0.0
2024-07-24,PRD-H04,114.39,2,131.24,228.78
2024-07-24,PRD-B01,34.96,30,45.36,1038.3
2024-07-24,PRD-B02,49.68,13,55.1,640.88
2024-07-24,PRD-B03,39.99,4,34.19,159.96
2024-07-24,PRD-B04,79.19,10,80.74,791.9
2024-07-24,PRD-S01,189.99,4,180.49,759.96
2024-07-24,PRD-S02,27.59,7,29.69,190.37
2024-07-24,PRD-S03,149.99,19,139.99,2834.81
2024-07-24,PRD-S04,53.99,4,45.59,213.26
2024-07-25,PRD-E01,137.99,6,152.24,827.94
2024-07-25,PRD-E02,189.99,5,194.99,930.95
2024-07-25,PRD-E03,219.99,8,250.95,1737.92
2024-07-25,PRD-E04,62.39,12,57.74,726.84
2024-07-25,PRD-A01,61.74,10,65.1,617.4
2024-07-25,PRD-A02,129.59,6,120.74,751.62
2024-07-25,PRD-A03,46.79,7,47.99,327.53
2024-07-25,PRD-A04,102.59,1,98.0,102.59
2024-07-25,PRD-H01,43.99,10,57.74,422.3
2024-07-25,PRD-H02,147.19,4,157.49,588.76
2024-07-25,PRD-H03,275.99,2,284.99,551.98
2024-07-25,PRD-H04,114.39,5,131.24,537.63
2024-07-25,PRD-B01,34.96,8,45.36,274.43
2024-07-25,PRD-B02,49.68,15,55.1,745.2
2024-07-25,PRD-B03,39.99,4,34.19,159.96
2024-07-25,PRD-B04,79.19,14,80.74,1100.74
2024-07-25,PRD-S01,189.99,1,180.49,189.99
2024-07-25,PRD-S02,27.59,4,29.69,108.98
2024-07-25,PRD-S03,149.99,1,139.99,142.49
2024-07-25,PRD-S04,53.99,13,45.59,682.97
2024-07-26,PRD-E01,137.99,5,152.24,634.75
2024-07-26,PRD-E02,189.99,3,194.99,550.97
2024-07-26,PRD-E03,219.99,10,250.95,2199.9
2024-07-26,PRD-E04,62.39,12,57.74,748.68
2024-07-26,PRD-A01,61.74,2,65.1,123.48
2024-07-26,PRD-A02,129.59,10,120.74,1295.9
2024-07-26,PRD-A03,46.79,6,47.99,280.74
2024-07-26,PRD-A04,102.59,1,98.0,97.46
2024-07-26,PRD-H01,43.99,7,57.74,307.93
2024-07-26,PRD-H02,147.19,8,157.49,1155.44
2024-07-26,PRD-H03,275.99,6,284.99,1655.94
2024-07-26,PRD-H04,114.39,4,131.24,457.56
2024-07-26,PRD-B01,34.96,23,45.36,793.59
2024-07-26,PRD-B02,49.68,8,55.1,392.47
2024-07-26,PRD-B03,39.99,6,34.19,239.94
2024-07-26,PRD-B04,79.19,2,80.74,142.54
2024-07-26,PRD-S01,189.99,2,180.49,379.98
2024-07-26,PRD-S02,27.59,7,29.69,193.13
2024-07-26,PRD-S03,149.99,8,139.99,1162.42
2024-07-26,PRD-S04,53.99,12,45.59,647.88
2024-07-27,PRD-E01,137.99,8,152.24,1103.92
2024-07-27,PRD-E02,189.99,9,194.99,1576.91
2024-07-27,PRD-E03,219.99,12,250.95,2639.88
2024-07-27,PRD-E04,62.39,20,57.74,1185.4
2024-07-27,PRD-A01,61.74,4,65.1,246.96
2024-07-27,PRD-A02,129.59,6,120.74,777.54
2024-07-27,PRD-A03,46.79,5,47.99,203.53
2024-07-27,PRD-A04,102.59,8,98.0,789.94
2024-07-27,PRD-H01,43.99,9,57.74,380.51
2024-07-27,PRD-H02,147.19,4,157.49,588.76
2024-07-27,PRD-H03,275.99,7,284.99,1931.93
2024-07-27,PRD-H04,114.39,13,131.24,1458.47
2024-07-27,PRD-B01,34.96,13,45.36,449.23
2024-07-27,PRD-B02,49.68,7,55.1,345.28
2024-07-27,PRD-B03,39.99,15,34.19,569.85
2024-07-27,PRD-B04,79.19,5,80.74,395.95
2024-07-27,PRD-S01,189.99,8,180.49,1519.92
2024-07-27,PRD-S02,27.59,17,29.69,462.13
2024-07-27,PRD-S03,149.99,4,139.99,584.96
2024-07-27,PRD-S04,53.99,15,45.59,809.85
2024-07-28,PRD-E01,137.99,8,152.24,1090.12
2024-07-28,PRD-E02,189.99,6,194.99,1101.94
2024-07-28,PRD-E03,219.99,3,250.95,659.97
2024-07-28,PRD-E04,62.39,8,57.74,483.52
2024-07-28,PRD-A01,61.74,4,65.1,228.44
2024-07-28,PRD-A02,129.59,11,120.74,1425.49
2024-07-28,PRD-A03,46.79,9,47.99,397.71
2024-07-28,PRD-A04,102.59,4,98.0,400.1
2024-07-28,PRD-H01,43.99,6,57.74,263.94
2024-07-28,PRD-H02,147.19,7,157.49,1030.33
2024-07-28,PRD-H03,275.99,0,284.99,0.0
2024-07-28,PRD-H04,114.39,1,131.24,114.39
2024-07-28,PRD-B01,34.96,14,45.36,478.96
2024-07-28,PRD-B02,49.68,9,55.1,442.15
2024-07-28,PRD-B03,39.99,8,34.19,287.92
2024-07-28,PRD-B04,79.19,7,80.74,542.45
2024-07-28,PRD-S01,189.99,1,180.49,189.99
2024-07-28,PRD-S02,27.59,6,29.69,165.54
2024-07-28,PRD-S03,149.99,9,139.99,1342.41
2024-07-28,PRD-S04,53.99,12,45.59,647.88
2024-07-29,PRD-E01,137.99,7,130.49,945.23
2024-07-29,PRD-E02,189.99,10,194.99,1899.9
2024-07-29,PRD-E03,237.49,5,215.1,1187.45
2024-07-29,PRD-E04,55.19,12,52.24,656.76
2024-07-29,PRD-A01,61.74,7,65.1,398.22
2024-07-29,PRD-A02,113.99,5,114.99,547.15
2024-07-29,PRD-A03,44.99,6,50.39,260.94
2024-07-29,PRD-A04,94.99,2,88.2,189.98
2024-07-29,PRD-H01,47.49,11,54.99,512.9
2024-07-29,PRD-H02,172.79,1,161.99,172.79
2024-07-29,PRD-H03,299.99,5,307.79,1484.95
2024-07-29,PRD-H04,135.19,2,131.24,270.38
2024-07-29,PRD-B01,39.52,3,44.1,116.58
2024-07-29,PRD-B02,54.0,4,52.2,216.0
2024-07-29,PRD-B03,43.19,1,34.19,43.19
2024-07-29,PRD-B04,85.49,2,91.79,170.98
2024-07-29,PRD-S01,223.99,2,205.19,447.98
2024-07-29,PRD-S02,29.99,17,35.63,497.83
2024-07-29,PRD-S03,149.99,6,132.99,839.94
2024-07-29,PRD-S04,53.99,10,45.59,534.5
2024-07-30,PRD-E01,137.99,8,130.49,1103.92
2024-07-30,PRD-E02,189.99,2,194.99,360.98
2024-07-30,PRD-E03,237.49,8,215.1,1899.92
2024-07-30,PRD-E04,55.19,15,52.24,811.29
2024-07-30,PRD-A01,61.74,0,65.1,0.0
2024-07-30,PRD-A02,113.99,7,114.99,758.03
2024-07-30,PRD-A03,44.99,7,50.39,314.93
2024-07-30,PRD-A04,94.99,2,88.2,189.98
2024-07-30,PRD-H01,47.49,3,54.99,142.47
2024-07-30,PRD-H02,172.79,10,161.99,1727.9
2024-07-30,PRD-H03,299.99,1,307.79,299.99
2024-07-30,PRD-H04,135.19,0,131.24,0.0
2024-07-30,PRD-B01,39.52,7,44.1,266.76
2024-07-30,PRD-B02,54.0,7,52.2,378.0
2024-07-30,PRD-B03,43.19,5,34.19,215.95
2024-07-30,PRD-B04,85.49,6,91.79,512.94
2024-07-30,PRD-S01,223.99,2,205.19,403.18
2024-07-30,PRD-S02,29.99,8,35.63,235.42
2024-07-30,PRD-S03,149.99,2,132.99,299.98
2024-07-30,PRD-S04,53.99,8,45.59,418.42
2024-07-31,PRD-E01,137.99,2,130.49,275.98
2024-07-31,PRD-E02,189.99,7,194.99,1329.93
2024-07-31,PRD-E03,237.49,4,215.1,914.34
2024-07-31,PRD-E04,55.19,18,52.24,982.38
2024-07-31,PRD-A01,61.74,6,65.1,370.44
2024-07-31,PRD-A02,113.99,4,114.99,455.96
2024-07-31,PRD-A03,44.99,10,50.39,416.15
2024-07-31,PRD-A04,94.99,6,88.2,555.69
2024-07-31,PRD-H01,47.49,4,54.99,185.21
2024-07-31,PRD-H02,172.79,8,161.99,1347.76
2024-07-31,PRD-H03,299.99,5,307.79,1364.95
2024-07-31,PRD-H04,135.19,2,131.24,270.38
2024-07-31,PRD-B01,39.52,12,44.1,458.44
2024-07-31,PRD-B02,54.0,14,52.2,731.7
2024-07-31,PRD-B03,43.19,4,34.19,172.76
2024-07-31,PRD-B04,85.49,2,91.79,166.71
2024-07-31,PRD-S01,223.99,4,205.19,895.96
2024-07-31,PRD-S02,29.99,6,35.63,179.94
2024-07-31,PRD-S03,149.99,4,132.99,569.96
2024-07-31,PRD-S04,53.99,11,45.59,588.49
2024-08-01,PRD-E01,137.99,11,130.49,1476.49
2024-08-01,PRD-E02,189.99,5,194.99,902.45
2024-08-01,PRD-E03,237.49,6,215.1,1424.94
2024-08-01,PRD-E04,55.19,10,52.24,549.14
2024-08-01,PRD-A01,61.74,1,65.1,61.74
2024-08-01,PRD-A02,113.99,6,114.99,683.94
2024-08-01,PRD-A03,44.99,6,50.39,269.94
2024-08-01,PRD-A04,94.99,3,88.2,270.72
2024-08-01,PRD-H01,47.49,9,54.99,425.04
2024-08-01,PRD-H02,172.79,12,161.99,2073.48
2024-08-01,PRD-H03,299.99,1,307.79,299.99
2024-08-01,PRD-H04,135.19,6,131.24,811.14
2024-08-01,PRD-B01,39.52,10,44.1,395.2
2024-08-01,PRD-B02,54.0,11,52.2,594.0
2024-08-01,PRD-B03,43.19,8,34.19,345.52
2024-08-01,PRD-B04,85.49,2,91.79,170.98
2024-08-01,PRD-S01,223.99,3,205.19,671.97
2024-08-01,PRD-S02,29.99,8,35.63,239.92
2024-08-01,PRD-S03,149.99,3,132.99,427.47
2024-08-01,PRD-S04,53.99,10,45.59,537.2
2024-08-02,PRD-E01,137.99,1,130.49,137.99
2024-08-02,PRD-E02,189.99,4,194.99,759.96
2024-08-02,PRD-E03,237.49,5,215.1,1163.7
2024-08-02,PRD-E04,55.19,15,52.24,800.25
2024-08-02,PRD-A01,61.74,3,65.1,185.22
2024-08-02,PRD-A02,113.99,7,114.99,792.23
2024-08-02,PRD-A03,44.99,6,50.39,269.94
2024-08-02,PRD-A04,94.99,4,88.2,370.46
2024-08-02,PRD-H01,47.49,7,54.99,318.19
2024-08-02,PRD-H02,172.79,2,161.99,345.58
2024-08-02,PRD-H03,299.99,3,307.79,884.97
2024-08-02,PRD-H04,135.19,8,131.24,1081.52
2024-08-02,PRD-B01,39.52,12,44.1,468.31
2024-08-02,PRD-B02,54.0,10,52.2,534.6
2024-08-02,PRD-B03,43.19,2,34.19,86.38
2024-08-02,PRD-B04,85.49,5,91.79,427.45
2024-08-02,PRD-S01,223.99,2,205.19,447.98
2024-08-02,PRD-S02,29.99,8,35.63,233.92
2024-08-02,PRD-S03,149.99,4,132.99,599.96
2024-08-02,PRD-S04,53.99,15,45.59,777.45
2024-08-03,PRD-E01,137.99,2,130.49,255.28
2024-08-03,PRD-E02,189.99,5,194.99,940.45
2024-08-03,PRD-E03,237.49,8,215.1,1828.7
2024-08-03,PRD-E04,55.19,18,52.24,993.42
2024-08-03,PRD-A01,61.74,5,65.1,284.0
2024-08-03,PRD-A02,113.99,5,114.99,547.15
2024-08-03,PRD-A03,44.99,6,50.39,265.44
2024-08-03,PRD-A04,94.99,5,88.2,465.45
2024-08-03,PRD-H01,47.49,13,54.99,615.0
2024-08-03,PRD-H02,172.79,5,161.99,863.95
2024-08-03,PRD-H03,299.99,2,307.79,554.98
2024-08-03,PRD-H04,135.19,1,131.24,135.19
2024-08-03,PRD-B01,39.52,21,44.1,808.19
2024-08-03,PRD-B02,54.0,13,52.2,696.6
2024-08-03,PRD-B03,43.19,3,34.19,129.57
2024-08-03,PRD-B04,85.49,21,91.79,1778.19
2024-08-03,PRD-S01,223.99,1,205.19,223.99
2024-08-03,PRD-S02,29.99,5,35.63,149.95
2024-08-03,PRD-S03,149.99,6,132.99,862.44
2024-08-03,PRD-S04,53.99,8,45.59,431.92
2024-08-04,PRD-E01,137.99,9,130.49,1228.11
2024-08-04,PRD-E02,189.99,10,194.99,1861.9
2024-08-04,PRD-E03,237.49,4,215.1,938.09
2024-08-04,PRD-E04,55.19,9,52.24,496.71
2024-08-04,PRD-A01,61.74,4,65.1,246.96
2024-08-04,PRD-A02,113.99,10,114.99,1128.5
2024-08-04,PRD-A03,44.99,10,50.39,443.15
2024-08-04,PRD-A04,94.99,2,88.2,189.98
2024-08-04,PRD-H01,47.49,11,54.99,512.89
2024-08-04,PRD-H02,172.79,7,161.99,1209.53
2024-08-04,PRD-H03,299.99,1,307.79,269.99
2024-08-04,PRD-H04,135.19,17,131.24,2298.23
2024-08-04,PRD-B01,39.52,11,44.1,430.76
2024-08-04,PRD-B02,54.0,6,52.2,310.5
2024-08-04,PRD-B03,43.19,15,34.19,641.37
2024-08-04,PRD-B04,85.49,4,91.79,341.96
2024-08-04,PRD-S01,223.99,2,205.19,436.78
2024-08-04,PRD-S02,29.99,17,35.63,506.83
2024-08-04,PRD-S03,149.99,17,132.99,2534.83
2024-08-04,PRD-S04,53.99,15,45.59,804.45
2024-08-05,PRD-E01,137.99,7,130.49,959.03
2024-08-05,PRD-E02,189.99,5,194.99,949.95
2024-08-05,PRD-E03,237.49,3,215.1,712.47
2024-08-05,PRD-E04,55.19,20,52.24,1092.76
2024-08-05,PRD-A01,61.74,4,65.1,222.27
2024-08-05,PRD-A02,113.99,14,114.99,1595.86
2024-08-05,PRD-A03,44.99,10,50.39,447.65
2024-08-05,PRD-A04,94.99,2,88.2,189.98
2024-08-05,PRD-H01,47.49,7,54.99,332.43
2024-08-05,PRD-H02,172.79,5,161.99,846.67
2024-08-05,PRD-H03,299.99,2,307.79,599.98
2024-08-05,PRD-H04,135.19,3,131.24,385.29
2024-08-05,PRD-B01,39.52,9,44.1,353.7
2024-08-05,PRD-B02,54.0,7,52.2,378.0
2024-08-05,PRD-B03,43.19,10,34.19,431.9
2024-08-05,PRD-B04,85.49,6,91.79,495.84
2024-08-05,PRD-S01,223.99,4,205.19,895.96
2024-08-05,PRD-S02,29.99,10,35.63,289.4
2024-08-05,PRD-S03,149.99,1,132.99,149.99
2024-08-05,PRD-S04,53.99,3,45.59,161.97
2024-08-06,PRD-E01,137.99,6,130.49,814.14
2024-08-06,PRD-E02,189.99,11,194.99,2070.89
2024-08-06,PRD-E03,237.49,0,215.1,0.0
2024-08-06,PRD-E04,55.19,14,52.24,761.62
2024-08-06,PRD-A01,61.74,6,65.1,367.35
2024-08-06,PRD-A02,113.99,5,114.99,569.95
2024-08-06,PRD-A03,44.99,5,50.39,224.95
2024-08-06,PRD-A04,94.99,3,88.2,284.97
2024-08-06,PRD-H01,47.49,6,54.99,284.94
2024-08-06,PRD-H02,172.79,8,161.99,1382.32
2024-08-06,PRD-H03,299.99,4,307.79,1184.96
2024-08-06,PRD-H04,135.19,6,131.24,784.1
2024-08-06,PRD-B01,39.52,5,44.1,197.6
2024-08-06,PRD-B02,54.0,4,52.2,207.9
2024-08-06,PRD-B03,43.19,4,34.19,168.44
2024-08-06,PRD-B04,85.49,6,91.79,512.94
2024-08-06,PRD-S01,223.99,3,205.19,649.57
2024-08-06,PRD-S02,29.99,13,35.63,389.87
2024-08-06,PRD-S03,149.99,11,132.99,1649.89
2024-08-06,PRD-S04,53.99,18,45.59,904.32
2024-08-07,PRD-E01,137.99,9,130.49,1241.91
2024-08-07,PRD-E02,189.99,3,194.99,569.97
2024-08-07,PRD-E03,237.49,7,215.1,1638.68
2024-08-07,PRD-E04,55.19,8,52.24,441.52
2024-08-07,PRD-A01,61.74,6,65.1,364.26
2024-08-07,PRD-A02,113.99,11,114.99,1219.69
2024-08-07,PRD-A03,44.99,8,50.39,350.92
2024-08-07,PRD-A04,94.99,7,88.2,664.93
2024-08-07,PRD-H01,47.49,2,54.99,92.61
2024-08-07,PRD-H02,172.79,1,161.99,172.79
2024-08-07,PRD-H03,299.99,0,307.79,0.0
2024-08-07,PRD-H04,135.19,7,131.24,865.21
2024-08-07,PRD-B01,39.52,22,44.1,827.96
2024-08-07,PRD-B02,54.0,14,52.2,742.5
2024-08-07,PRD-B03,43.19,3,34.19,129.57
2024-08-07,PRD-B04,85.49,10,91.79,846.36
2024-08-07,PRD-S01,223.99,3,205.19,627.17
2024-08-07,PRD-S02,29.99,18,35.63,539.82
2024-08-07,PRD-S03,149.99,10,132.99,1492.4
2024-08-07,PRD-S04,53.99,7,45.59,377.93
2024-08-08,PRD-E01,137.99,5,130.49,648.55
2024-08-08,PRD-E02,189.99,6,194.99,1139.94
2024-08-08,PRD-E03,237.49,6,215.1,1389.32
2024-08-08,PRD-E04,55.19,7,52.24,383.57
2024-08-08,PRD-A01,61.74,10,65.1,605.06
2024-08-08,PRD-A02,113.99,6,114.99,649.74
2024-08-08,PRD-A03,44.99,9,50.39,402.66
2024-08-08,PRD-A04,94.99,3,88.2,284.97
2024-08-08,PRD-H01,47.49,1,54.99,37.99
2024-08-08,PRD-H02,172.79,2,161.99,345.58
2024-08-08,PRD-H03,299.99,3,307.79,899.97
2024-08-08,PRD-H04,135.19,3,131.24,405.57
2024-08-08,PRD-B01,39.52,6,44.1,233.17
2024-08-08,PRD-B02,54.0,11,52.2,588.6
2024-08-08,PRD-B03,43.19,3,34.19,120.93
2024-08-08,PRD-B04,85.49,6,91.79,478.74
2024-08-08,PRD-S01,223.99,2,205.19,425.58
2024-08-08,PRD-S02,29.99,22,35.63,652.28
2024-08-08,PRD-S03,149.99,1,132.99,149.99
2024-08-08,PRD-S04,53.99,13,45.59,685.67
2024-08-09,PRD-E01,137.99,6,130.49,827.94
2024-08-09,PRD-E02,189.99,6,194.99,1006.94
2024-08-09,PRD-E03,237.49,9,215.1,2125.54
2024-08-09,PRD-E04,55.19,10,52.24,551.9
2024-08-09,PRD-A01,61.74,7,65.1,429.09
2024-08-09,PRD-A02,113.99,13,114.99,1447.67
2024-08-09,PRD-A03,44.99,27,50.39,1212.48
2024-08-09,PRD-A04,94.99,4,88.2,365.71
2024-08-09,PRD-H01,47.49,8,54.99,377.55
2024-08-09,PRD-H02,172.79,4,161.99,691.16
2024-08-09,PRD-H03,299.99,2,307.79,569.98
2024-08-09,PRD-H04,135.19,15,131.24,2007.57
2024-08-09,PRD-B01,39.52,5,44.1,197.6
2024-08-09,PRD-B02,54.0,15,52.2,810.0
2024-08-09,PRD-B03,43.19,15,34.19,647.85
2024-08-09,PRD-B04,85.49,7,91.79,598.43
2024-08-09,PRD-S01,223.99,5,205.19,1119.95
2024-08-09,PRD-S02,29.99,30,35.63,896.7
2024-08-09,PRD-S03,149.99,2,132.99,299.98
2024-08-09,PRD-S04,53.99,8,45.59,431.92
2024-08-10,PRD-E01,137.99,14,130.49,1931.86
2024-08-10,PRD-E02,189.99,9,194.99,1709.91
2024-08-10,PRD-E03,237.49,5,215.1,1151.84
2024-08-10,PRD-E04,55.19,20,52.24,1103.8
2024-08-10,PRD-A01,61.74,5,65.1,305.61
2024-08-10,PRD-A02,113.99,13,114.99,1464.77
2024-08-10,PRD-A03,44.99,11,50.39,494.89
2024-08-10,PRD-A04,94.99,7,88.2,641.18
2024-08-10,PRD-H01,47.49,3,54.99,142.47
2024-08-10,PRD-H02,172.79,3,161.99,518.37
2024-08-10,PRD-H03,299.99,2,307.79,599.98
2024-08-10,PRD-H04,135.19,8,131.24,1040.96
2024-08-10,PRD-B01,39.52,15,44.1,592.8
2024-08-10,PRD-B02,54.0,15,52.2,810.0
2024-08-10,PRD-B03,43.19,9,34.19,380.07
2024-08-10,PRD-B04,85.49,6,91.79,508.67
2024-08-10,PRD-S01,223.99,6,205.19,1343.94
2024-08-10,PRD-S02,29.99,10,35.63,295.4
2024-08-10,PRD-S03,149.99,5,132.99,734.95
2024-08-10,PRD-S04,53.99,10,45.59,539.9
2024-08-11,PRD-E01,137.99,10,130.49,1379.9
2024-08-11,PRD-E02,189.99,7,194.99,1310.93
2024-08-11,PRD-E03,237.49,7,215.1,1614.95
2024-08-11,PRD-E04,55.19,28,52.24,1539.8
2024-08-11,PRD-A01,61.74,16,65.1,956.94
2024-08-11,PRD-A02,113.99,4,114.99,455.96
2024-08-11,PRD-A03,44.99,6,50.39,260.94
2024-08-11,PRD-A04,94.99,6,88.2,569.94
2024-08-11,PRD-H01,47.49,14,54.99,657.74
2024-08-11,PRD-H02,172.79,1,161.99,172.79
2024-08-11,PRD-H03,299.99,3,307.79,899.97
2024-08-11,PRD-H04,135.19,4,131.24,540.76
2024-08-11,PRD-B01,39.52,17,44.1,667.89
2024-08-11,PRD-B02,54.0,24,52.2,1290.6
2024-08-11,PRD-B03,43.19,5,34.19,213.79
2024-08-11,PRD-B04,85.49,3,91.79,239.37
2024-08-11,PRD-S01,223.99,4,205.19,895.96
2024-08-11,PRD-S02,29.99,22,35.63,656.78
2024-08-11,PRD-S03,149.99,8,132.99,1199.92
2024-08-11,PRD-S04,53.99,12,45.59,620.88
2024-08-12,PRD-E01,131.99,9,130.49,1187.91
2024-08-12,PRD-E02,207.99,4,194.99,748.76
2024-08-12,PRD-E03,219.99,5,215.1,1099.95
2024-08-12,PRD-E04,59.99,5,52.24,299.95
2024-08-12,PRD-A01,64.99,8,65.1,503.67
2024-08-12,PRD-A02,119.99,7,114.99,839.93
2024-08-12,PRD-A03,46.79,7,50.39,327.53
2024-08-12,PRD-A04,87.39,3,88.2,262.17
2024-08-12,PRD-H01,53.99,2,54.99,102.58
2024-08-12,PRD-H02,166.39,3,161.99,474.21
2024-08-12,PRD-H03,299.99,0,307.79,0.0
2024-08-12,PRD-H04,135.19,1,131.24,135.19
2024-08-12,PRD-B01,39.52,5,44.1,197.6
2024-08-12,PRD-B02,56.16,2,52.2,112.32
2024-08-12,PRD-B03,36.79,3,34.19,110.37
2024-08-12,PRD-B04,93.59,5,91.79,435.19
2024-08-12,PRD-S01,189.99,6,205.19,1130.44
2024-08-12,PRD-S02,28.49,11,35.63,287.74
2024-08-12,PRD-S03,155.99,6,132.99,935.94
2024-08-12,PRD-S04,51.99,10,45.59,517.3
2024-08-13,PRD-E01,131.99,7,130.49,917.33
2024-08-13,PRD-E02,207.99,3,194.99,623.97
2024-08-13,PRD-E03,219.99,2,215.1,439.98
2024-08-13,PRD-E04,59.99,4,52.24,236.96
2024-08-13,PRD-A01,64.99,2,65.1,129.98
2024-08-13,PRD-A02,119.99,6,114.99,719.94
2024-08-13,PRD-A03,46.79,3,50.39,140.37
2024-08-13,PRD-A04,87.39,9,88.2,764.66
2024-08-13,PRD-H01,53.99,2,54.99,107.98
2024-08-13,PRD-H02,166.39,1,161.99,158.07
2024-08-13,PRD-H03,299.99,0,307.79,0.0
2024-08-13,PRD-H04,135.19,17,131.24,2298.23
2024-08-13,PRD-B01,39.52,8,44.1,310.23
2024-08-13,PRD-B02,56.16,4,52.2,219.02
2024-08-13,PRD-B03,36.79,10,34.19,367.9
2024-08-13,PRD-B04,93.59,2,91.79,187.18
2024-08-13,PRD-S01,189.99,1,205.19,161.49
2024-08-13,PRD-S02,28.49,5,35.63,142.45
2024-08-13,PRD-S03,155.99,8,132.99,1216.72
2024-08-13,PRD-S04,51.99,8,45.59,415.92
2024-08-14,PRD-E01,131.99,11,130.49,1451.89
2024-08-14,PRD-E02,207.99,9,194.99,1788.71
2024-08-14,PRD-E03,219.99,8,215.1,1715.92
2024-08-14,PRD-E04,59.99,12,52.24,716.88
2024-08-14,PRD-A01,64.99,1,65.1,61.74
2024-08-14,PRD-A02,119.99,8,114.99,929.92
2024-08-14,PRD-A03,46.79,18,50.39,842.22
2024-08-14,PRD-A04,87.39,4,88.2,349.56
2024-08-14,PRD-H01,53.99,6,54.99,305.04
2024-08-14,PRD-H02,166.39,18,161.99,2803.66
2024-08-14,PRD-H03,299.99,2,307.79,569.98
2024-08-14,PRD-H04,135.19,5,131.24,675.95
2024-08-14,PRD-B01,39.52,15,44.1,588.85
2024-08-14,PRD-B02,56.16,2,52.2,112.32
2024-08-14,PRD-B03,36.79,7,34.19,257.53
2024-08-14,PRD-B04,93.59,11,91.79,1006.09
2024-08-14,PRD-S01,189.99,1,205.19,189.99
2024-08-14,PRD-S02,28.49,4,35.63,113.96
2024-08-14,PRD-S03,155.99,6,132.99,935.94
2024-08-14,PRD-S04,51.99,7,45.59,361.33
2024-08-15,PRD-E01,131.99,6,130.49,778.74
2024-08-15,PRD-E02,207.99,4,194.99,831.96
2024-08-15,PRD-E03,219.99,4,215.1,857.96
2024-08-15,PRD-E04,59.99,12,52.24,710.88
2024-08-15,PRD-A01,64.99,6,65.1,380.19
2024-08-15,PRD-A02,119.99,16,114.99,1919.84
2024-08-15,PRD-A03,46.79,2,50.39,93.58
2024-08-15,PRD-A04,87.39,6,88.2,519.97
2024-08-15,PRD-H01,53.99,5,54.99,269.95
2024-08-15,PRD-H02,166.39,7,161.99,1164.73
2024-08-15,PRD-H03,299.99,1,307.79,299.99
2024-08-15,PRD-H04,135.19,4,131.24,520.48
2024-08-15,PRD-B01,39.52,4,44.1,158.08
2024-08-15,PRD-B02,56.16,9,52.2,491.4
2024-08-15,PRD-B03,36.79,6,34.19,217.06
2024-08-15,PRD-B04,93.59,6,91.79,552.18
2024-08-15,PRD-S01,189.99,15,205.19,2849.85
2024-08-15,PRD-S02,28.49,12,35.63,340.46
2024-08-15,PRD-S03,155.99,3,132.99,460.17
2024-08-15,PRD-S04,51.99,5,45.59,252.15
2024-08-16,PRD-E01,131.99,3,130.49,376.17
2024-08-16,PRD-E02,207.99,4,194.99,831.96
2024-08-16,PRD-E03,219.99,3,215.1,659.97
2024-08-16,PRD-E04,59.99,8,52.24,470.92
2024-08-16,PRD-A01,64.99,7,65.1,454.93
2024-08-16,PRD-A02,119.99,5,114.99,581.95
2024-08-16,PRD-A03,46.79,12,50.39,561.48
2024-08-16,PRD-A04,87.39,5,88.2,436.95
2024-08-16,PRD-H01,53.99,3,54.99,151.17
2024-08-16,PRD-H02,166.39,5,161.99,831.95
2024-08-16,PRD-H03,299.99,2,307.79,584.98
2024-08-16,PRD-H04,135.19,7,131.24,946.33
2024-08-16,PRD-B01,39.52,12,44.1,472.26
2024-08-16,PRD-B02,56.16,5,52.2,269.57
2024-08-16,PRD-B03,36.79,12,34.19,441.48
2024-08-16,PRD-B04,93.59,2,91.79,187.18
2024-08-16,PRD-S01,189.99,0,205.19,0.0
2024-08-16,PRD-S02,28.49,13,35.63,351.87
2024-08-16,PRD-S03,155.99,3,132.99,467.97
2024-08-16,PRD-S04,51.99,5,45.59,259.95
2024-08-17,PRD-E01,131.99,4,130.49,527.96
2024-08-17,PRD-E02,207.99,8,194.99,1663.92
2024-08-17,PRD-E03,219.99,14,215.1,3079.86
2024-08-17,PRD-E04,59.99,15,52.24,896.85
2024-08-17,PRD-A01,64.99,8,65.1,503.67
2024-08-17,PRD-A02,119.99,9,114.99,1079.91
2024-08-17,PRD-A03,46.79,3,50.39,140.37
2024-08-17,PRD-A04,87.39,15,88.2,1306.48
2024-08-17,PRD-H01,53.99,2,54.99,107.98
2024-08-17,PRD-H02,166.39,2,161.99,332.78
2024-08-17,PRD-H03,299.99,4,307.79,1199.96
2024-08-17,PRD-H04,135.19,5,131.24,662.43
2024-08-17,PRD-B01,39.52,16,44.1,628.37
2024-08-17,PRD-B02,56.16,16,52.2,898.56
2024-08-17,PRD-B03,36.79,8,34.19,292.48
2024-08-17,PRD-B04,93.59,3,91.79,262.05
2024-08-17,PRD-S01,189.99,1,205.19,151.99
2024-08-17,PRD-S02,28.49,16,35.63,451.57
2024-08-17,PRD-S03,155.99,4,132.99,616.16
2024-08-17,PRD-S04,51.99,20,45.59,1026.8
2024-08-18,PRD-E01,131.99,14,130.49,1847.86
2024-08-18,PRD-E02,207.99,5,194.99,1039.95
2024-08-18,PRD-E03,219.99,8,215.1,1759.92
2024-08-18,PRD-E04,59.99,20,52.24,1166.8
2024-08-18,PRD-A01,64.99,4,65.1,259.96
2024-08-18,PRD-A02,119.99,8,114.99,935.92
2024-08-18,PRD-A03,46.79,7,50.39,320.51
2024-08-18,PRD-A04,87.39,4,88.2,349.56
2024-08-18,PRD-H01,53.99,18,54.99,971.82
2024-08-18,PRD-H02,166.39,4,161.99,665.56
2024-08-18,PRD-H03,299.99,6,307.79,1799.94
2024-08-18,PRD-H04,135.19,5,131.24,675.95
2024-08-18,PRD-B01,39.52,12,44.1,470.29
2024-08-18,PRD-B02,56.16,14,52.2,760.96
2024-08-18,PRD-B03,36.79,8,34.19,294.32
2024-08-18,PRD-B04,93.59,8,91.79,720.64
2024-08-18,PRD-S01,189.99,10,205.19,1899.9
2024-08-18,PRD-S02,28.49,12,35.63,341.88
2024-08-18,PRD-S03,155.99,8,132.99,1247.92
2024-08-18,PRD-S04,51.99,11,45.59,558.89
2024-08-19,PRD-E01,131.99,10,137.74,1313.3
2024-08-19,PRD-E02,207.99,5,204.74,1039.95
2024-08-19,PRD-E03,219.99,12,250.95,2529.88
2024-08-19,PRD-E04,59.99,12,54.99,701.88
2024-08-19,PRD-A01,64.99,2,55.8,123.48
2024-08-19,PRD-A02,119.99,7,114.99,839.93
2024-08-19,PRD-A03,46.79,10,47.99,467.9
2024-08-19,PRD-A04,87.39,9,105.84,773.4
2024-08-19,PRD-H01,53.99,5,54.99,269.95
2024-08-19,PRD-H02,166.39,3,161.99,499.17
2024-08-19,PRD-H03,299.99,1,284.99,299.99
2024-08-19,PRD-H04,135.19,5,131.24,675.95
2024-08-19,PRD-B01,39.52,9,45.36,343.83
2024-08-19,PRD-B02,56.16,10,62.64,550.37
2024-08-19,PRD-B03,36.79,5,39.89,183.95
2024-08-19,PRD-B04,93.59,3,91.79,280.77
2024-08-19,PRD-S01,189.99,1,199.49,189.99
2024-08-19,PRD-S02,28.49,18,32.99,504.27
2024-08-19,PRD-S03,155.99,2,125.99,296.38
2024-08-19,PRD-S04,51.99,9,47.99,465.31
2024-08-20,PRD-E01,131.99,8,137.74,1049.32
2024-08-20,PRD-E02,207.99,2,204.74,415.98
2024-08-20,PRD-E03,219.99,7,250.95,1517.93
2024-08-20,PRD-E04,59.99,15,54.99,899.85
2024-08-20,PRD-A01,64.99,0,55.8,0.0
2024-08-20,PRD-A02,119.99,4,114.99,479.96
2024-08-20,PRD-A03,46.79,11,47.99,514.69
2024-08-20,PRD-A04,87.39,4,105.84,349.56
2024-08-20,PRD-H01,53.99,5,54.99,269.95
2024-08-20,PRD-H02,166.39,9,161.99,1455.91
2024-08-20,PRD-H03,299.99,0,284.99,0.0
2024-08-20,PRD-H04,135.19,1,131.24,121.67
2024-08-20,PRD-B01,39.52,8,45.36,316.16
2024-08-20,PRD-B02,56.16,6,62.64,331.34
2024-08-20,PRD-B03,36.79,10,39.89,358.7
2024-08-20,PRD-B04,93.59,10,91.79,935.9
2024-08-20,PRD-S01,189.99,7,199.49,1320.43
2024-08-20,PRD-S02,28.49,6,32.99,169.52
2024-08-20,PRD-S03,155.99,6,125.99,935.94
2024-08-20,PRD-S04,51.99,15,47.99,779.85
2024-08-21,PRD-E01,131.99,7,137.74,917.33
2024-08-21,PRD-E02,207.99,1,204.74,207.99
2024-08-21,PRD-E03,219.99,13,250.95,2815.87
2024-08-21,PRD-E04,59.99,8,54.99,479.92
2024-08-21,PRD-A01,64.99,3,55.8,188.47
2024-08-21,PRD-A02,119.99,10,114.99,1169.9
2024-08-21,PRD-A03,46.79,2,47.99,93.58
2024-08-21,PRD-A04,87.39,3,105.84,257.8
2024-08-21,PRD-H01,53.99,12,54.99,642.48
2024-08-21,PRD-H02,166.39,5,161.99,831.95
2024-08-21,PRD-H03,299.99,0,284.99,0.0
2024-08-21,PRD-H04,135.19,7,131.24,932.81
2024-08-21,PRD-B01,39.52,5,45.36,197.6
2024-08-21,PRD-B02,56.16,8,62.64,449.28
2024-08-21,PRD-B03,36.79,21,39.89,713.71
2024-08-21,PRD-B04,93.59,2,91.79,187.18
2024-08-21,PRD-S01,189.99,4,199.49,759.96
2024-08-21,PRD-S02,28.49,8,32.99,227.92
2024-08-21,PRD-S03,155.99,7,125.99,1052.93
2024-08-21,PRD-S04,51.99,18,47.99,925.42
2024-08-22,PRD-E01,131.99,10,137.74,1313.3
2024-08-22,PRD-E02,207.99,2,204.74,415.98
2024-08-22,PRD-E03,219.99,4,250.95,857.96
2024-08-22,PRD-E04,59.99,10,54.99,599.9
2024-08-22,PRD-A01,64.99,3,55.8,188.47
2024-08-22,PRD-A02,119.99,3,114.99,359.97
2024-08-22,PRD-A03,46.79,14,47.99,636.34
2024-08-22,PRD-A04,87.39,6,105.84,524.34
2024-08-22,PRD-H01,53.99,6,54.99,307.74
2024-08-22,PRD-H02,166.39,5,161.99,798.67
2024-08-22,PRD-H03,299.99,0,284.99,0.0
2024-08-22,PRD-H04,135.19,3,131.24,405.57
2024-08-22,PRD-B01,39.52,12,45.36,474.24
2024-08-22,PRD-B02,56.16,6,62.64,336.96
2024-08-22,PRD-B03,36.79,9,39.89,327.43
2024-08-22,PRD-B04,93.59,4,91.79,374.36
2024-08-22,PRD-S01,189.99,7,199.49,1291.93
2024-08-22,PRD-S02,28.49,3,32.99,85.47
2024-08-22,PRD-S03,155.99,5,125.99,779.95
2024-08-22,PRD-S04,51.99,18,47.99,925.42
2024-08-23,PRD-E01,131.99,10,137.74,1280.3
2024-08-23,PRD-E02,207.99,6,204.74,1091.94
2024-08-23,PRD-E03,219.99,14,250.95,2936.86
2024-08-23,PRD-E04,59.99,19,54.99,1133.81
2024-08-23,PRD-A01,64.99,2,55.8,129.98
2024-08-23,PRD-A02,119.99,1,114.99,119.99
2024-08-23,PRD-A03,46.79,7,47.99,327.53
2024-08-23,PRD-A04,87.39,3,105.84,262.17
2024-08-23,PRD-H01,53.99,3,54.99,161.97
2024-08-23,PRD-H02,166.39,1,161.99,166.39
2024-08-23,PRD-H03,299.99,0,284.99,0.0
2024-08-23,PRD-H04,135.19,3,131.24,398.81
2024-08-23,PRD-B01,39.52,9,45.36,343.81
2024-08-23,PRD-B02,56.16,6,62.64,320.12
2024-08-23,PRD-B03,36.79,3,39.89,99.33
2024-08-23,PRD-B04,93.59,8,91.79,739.36
2024-08-23,PRD-S01,189.99,2,199.49,370.48
2024-08-23,PRD-S02,28.49,12,32.99,327.63
2024-08-23,PRD-S03,155.99,8,125.99,1232.32
2024-08-23,PRD-S04,51.99,4,47.99,205.36
2024-08-24,PRD-E01,131.99,9,137.74,1187.91
2024-08-24,PRD-E02,207.99,12,204.74,2142.28
2024-08-24,PRD-E03,219.99,5,250.95,1099.95
2024-08-24,PRD-E04,59.99,7,54.99,419.93
2024-08-24,PRD-A01,64.99,0,55.8,0.0
2024-08-24,PRD-A02,119.99,9,114.99,1061.91
2024-08-24,PRD-A03,46.79,9,47.99,414.09
2024-08-24,PRD-A04,87.39,6,105.84,511.23
2024-08-24,PRD-H01,53.99,18,54.99,971.82
2024-08-24,PRD-H02,166.39,5,161.99,815.31
2024-08-24,PRD-H03,299.99,2,284.99,584.98
2024-08-24,PRD-H04,135.19,6,131.24,811.14
2024-08-24,PRD-B01,39.52,9,45.36,349.74
2024-08-24,PRD-B02,56.16,8,62.64,449.28
2024-08-24,PRD-B03,36.79,11,39.89,395.49
2024-08-24,PRD-B04,93.59,5,91.79,467.95
2024-08-24,PRD-S01,189.99,2,199.49,351.48
2024-08-24,PRD-S02,28.49,18,32.99,512.82
2024-08-24,PRD-S03,155.99,5,125.99,779.95
2024-08-24,PRD-S04,51.99,13,47.99,673.27
2024-08-25,PRD-E01,131.99,5,137.74,646.75
2024-08-25,PRD-E02,207.99,17,204.74,3452.63
2024-08-25,PRD-E03,219.99,3,250.95,659.97
2024-08-25,PRD-E04,59.99,16,54.99,959.84
2024-08-25,PRD-A01,64.99,7,55.8,448.43
2024-08-25,PRD-A02,119.99,1,114.99,119.99
2024-08-25,PRD-A03,46.79,6,47.99,280.74
2024-08-25,PRD-A04,87.39,3,105.84,262.17
2024-08-25,PRD-H01,53.99,14,54.99,745.06
2024-08-25,PRD-H02,166.39,1,161.99,166.39
2024-08-25,PRD-H03,299.99,4,284.99,1154.96
2024-08-25,PRD-H04,135.19,7,131.24,946.33
2024-08-25,PRD-B01,39.52,16,45.36,626.39
2024-08-25,PRD-B02,56.16,12,62.64,628.96
2024-08-25,PRD-B03,36.79,14,39.89,515.06
2024-08-25,PRD-B04,93.59,2,91.79,187.18
2024-08-25,PRD-S01,189.99,5,199.49,845.45
2024-08-25,PRD-S02,28.49,22,32.99,619.68
2024-08-25,PRD-S03,155.99,2,125.99,296.38
2024-08-25,PRD-S04,51.99,12,47.99,618.68
2024-08-26,PRD-E01,155.99,4,137.74,600.56
2024-08-26,PRD-E02,189.99,1,204.74,189.99
2024-08-26,PRD-E03,237.49,6,250.95,1424.94
2024-08-26,PRD-E04,55.19,17,54.99,916.15
2024-08-26,PRD-A01,59.79,7,55.8,412.55
2024-08-26,PRD-A02,110.39,8,114.99,805.84
2024-08-26,PRD-A03,42.74,16,47.99,679.56
2024-08-26,PRD-A04,94.99,2,105.84,189.98
2024-08-26,PRD-H01,55.99,11,54.99,613.09
2024-08-26,PRD-H02,159.99,8,161.99,1231.92
2024-08-26,PRD-H03,275.99,5,284.99,1324.75
2024-08-26,PRD-H04,114.39,4,131.24,457.56
2024-08-26,PRD-B01,39.52,15,45.36,571.07
2024-08-26,PRD-B02,60.48,7,62.64,423.36
2024-08-26,PRD-B03,43.19,3,39.89,129.57
2024-08-26,PRD-B04,85.49,2,91.79,170.98
2024-08-26,PRD-S01,183.99,9,199.49,1637.51
2024-08-26,PRD-S02,27.59,6,32.99,162.78
2024-08-26,PRD-S03,137.99,13,125.99,1793.87
2024-08-26,PRD-S04,53.99,15,47.99,809.85
2024-08-27,PRD-E01,155.99,4,137.74,616.16
2024-08-27,PRD-E02,189.99,8,204.74,1519.92
2024-08-27,PRD-E03,237.49,6,250.95,1401.19
2024-08-27,PRD-E04,55.19,16,54.99,883.04
2024-08-27,PRD-A01,59.79,4,55.8,227.2
2024-08-27,PRD-A02,110.39,10,114.99,1092.86
2024-08-27,PRD-A03,42.74,6,47.99,254.3
2024-08-27,PRD-A04,94.99,7,105.84,636.43
2024-08-27,PRD-H01,55.99,16,54.99,879.04
2024-08-27,PRD-H02,159.99,5,161.99,759.95
2024-08-27,PRD-H03,275.99,2,284.99,551.98
2024-08-27,PRD-H04,114.39,1,131.24,114.39
2024-08-27,PRD-B01,39.52,4,45.36,158.08
2024-08-27,PRD-B02,60.48,14,62.64,831.6
2024-08-27,PRD-B03,43.19,6,39.89,254.82
2024-08-27,PRD-B04,85.49,6,91.79,512.94
2024-08-27,PRD-S01,183.99,3,199.49,533.57
2024-08-27,PRD-S02,27.59,4,32.99,107.6
2024-08-27,PRD-S03,137.99,6,125.99,772.74
2024-08-27,PRD-S04,53.99,6,47.99,310.44
2024-08-28,PRD-E01,155.99,3,137.74,467.97
2024-08-28,PRD-E02,189.99,4,204.74,750.46
2024-08-28,PRD-E03,237.49,4,250.95,878.71
2024-08-28,PRD-E04,55.19,8,54.99,441.52
2024-08-28,PRD-A01,59.79,8,55.8,442.44
2024-08-28,PRD-A02,110.39,12,114.99,1308.12
2024-08-28,PRD-A03,42.74,6,47.99,252.17
2024-08-28,PRD-A04,94.99,2,105.84,189.98
2024-08-28,PRD-H01,55.99,4,54.99,221.16
2024-08-28,PRD-H02,159.99,4,161.99,639.96
2024-08-28,PRD-H03,275.99,6,284.99,1573.14
2024-08-28,PRD-H04,114.39,5,131.24,560.51
2024-08-28,PRD-B01,39.52,21,45.36,814.12
2024-08-28,PRD-B02,60.48,2,62.64,120.96
2024-08-28,PRD-B03,43.19,5,39.89,192.19
2024-08-28,PRD-B04,85.49,3,91.79,256.47
2024-08-28,PRD-S01,183.99,6,199.49,1103.94
2024-08-28,PRD-S02,27.59,11,32.99,303.49
2024-08-28,PRD-S03,137.99,5,125.99,689.95
2024-08-28,PRD-S04,53.99,9,47.99,475.11
2024-08-29,PRD-E01,155.99,8,137.74,1247.92
2024-08-29,PRD-E02,189.99,8,204.74,1519.92
2024-08-29,PRD-E03,237.49,2,250.95,474.98
2024-08-29,PRD-E04,55.19,7,54.99,375.29
2024-08-29,PRD-A01,59.79,3,55.8,179.37
2024-08-29,PRD-A02,110.39,15,114.99,1655.85
2024-08-29,PRD-A03,42.74,8,47.99,337.64
2024-08-29,PRD-A04,94.99,3,105.84,284.97
2024-08-29,PRD-H01,55.99,4,54.99,212.76
2024-08-29,PRD-H02,159.99,5,161.99,671.95
2024-08-29,PRD-H03,275.99,2,284.99,538.18
2024-08-29,PRD-H04,114.39,6,131.24,674.9
2024-08-29,PRD-B01,39.52,27,45.36,1007.77
2024-08-29,PRD-B02,60.48,16,62.64,949.55
2024-08-29,PRD-B03,43.19,3,39.89,125.25
2024-08-29,PRD-B04,85.49,7,91.79,581.34
2024-08-29,PRD-S01,183.99,10,199.49,1619.1
2024-08-29,PRD-S02,27.59,13,32.99,346.25
2024-08-29,PRD-S03,137.99,7,125.99,959.03
2024-08-29,PRD-S04,53.99,19,47.99,1009.61
2024-08-30,PRD-E01,155.99,7,137.74,1091.93
2024-08-30,PRD-E02,189.99,6,204.74,1130.44
2024-08-30,PRD-E03,237.49,6,250.95,1424.94
2024-08-30,PRD-E04,55.19,18,54.99,982.38
2024-08-30,PRD-A01,59.79,3,55.8,167.41
2024-08-30,PRD-A02,110.39,4,114.99,419.48
2024-08-30,PRD-A03,42.74,5,47.99,211.56
2024-08-30,PRD-A04,94.99,1,105.84,94.99
2024-08-30,PRD-H01,55.99,9,54.99,498.31
2024-08-30,PRD-H02,159.99,5,161.99,799.95
2024-08-30,PRD-H03,275.99,3,284.99,827.97
2024-08-30,PRD-H04,114.39,2,131.24,217.34
2024-08-30,PRD-B01,39.52,6,45.36,231.19
2024-08-30,PRD-B02,60.48,10,62.64,598.75
2024-08-30,PRD-B03,43.19,12,39.89,518.28
2024-08-30,PRD-B04,85.49,7,91.79,598.43
2024-08-30,PRD-S01,183.99,8,199.49,1453.52
2024-08-30,PRD-S02,27.59,9,32.99,248.31
2024-08-30,PRD-S03,137.99,5,125.99,641.65
2024-08-30,PRD-S04,53.99,13,47.99,674.87
2024-08-31,PRD-E01,155.99,5,137.74,756.55
2024-08-31,PRD-E02,189.99,3,204.74,560.47
2024-08-31,PRD-E03,237.49,11,250.95,2588.64
2024-08-31,PRD-E04,55.19,10,54.99,549.14
2024-08-31,PRD-A01,59.79,8,55.8,454.4
2024-08-31,PRD-A02,110.39,16,114.99,1738.64
2024-08-31,PRD-A03,42.74,10,47.99,410.32
2024-08-31,PRD-A04,94.99,6,105.84,569.94
2024-08-31,PRD-H01,55.99,12,54.99,663.48
2024-08-31,PRD-H02,159.99,0,161.99,0.0
2024-08-31,PRD-H03,275.99,1,284.99,275.99
2024-08-31,PRD-H04,114.39,7,131.24,777.85
2024-08-31,PRD-B01,39.52,2,45.36,79.04
2024-08-31,PRD-B02,60.48,4,62.64,241.92
2024-08-31,PRD-B03,43.19,3,39.89,129.57
2024-08-31,PRD-B04,85.49,8,91.79,671.1
2024-08-31,PRD-S01,183.99,3,199.49,551.97
2024-08-31,PRD-S02,27.59,12,32.99,331.08
2024-08-31,PRD-S03,137.99,6,125.99,779.64
2024-08-31,PRD-S04,53.99,6,47.99,310.44
2024-09-01,PRD-E01,155.99,1,137.74,155.99
2024-09-01,PRD-E02,189.99,9,204.74,1690.91
2024-09-01,PRD-E03,237.49,1,250.95,237.49
2024-09-01,PRD-E04,55.19,12,54.99,659.52
2024-09-01,PRD-A01,59.79,12,55.8,705.52
2024-09-01,PRD-A02,110.39,8,114.99,877.6
2024-09-01,PRD-A03,42.74,7,47.99,294.91
2024-09-01,PRD-A04,94.99,6,105.84,569.94
2024-09-01,PRD-H01,55.99,7,54.99,391.93
2024-09-01,PRD-H02,159.99,13,161.99,1887.87
2024-09-01,PRD-H03,275.99,5,284.99,1366.15
2024-09-01,PRD-H04,114.39,2,131.24,228.78
2024-09-01,PRD-B01,39.52,13,45.36,513.76
2024-09-01,PRD-B02,60.48,10,62.64,601.78
2024-09-01,PRD-B03,43.19,12,39.89,518.28
2024-09-01,PRD-B04,85.49,17,91.79,1440.51
2024-09-01,PRD-S01,183.99,5,199.49,919.95
2024-09-01,PRD-S02,27.59,29,32.99,800.11
2024-09-01,PRD-S03,137.99,4,125.99,551.96
2024-09-01,PRD-S04,53.99,1,47.99,53.99
2024-09-02,PRD-E01,155.99,4,137.74,623.96
2024-09-02,PRD-E02,189.99,10,204.74,1871.4
2024-09-02,PRD-E03,237.49,3,250.95,641.22
2024-09-02,PRD-E04,55.19,7,54.99,386.33
2024-09-02,PRD-A01,59.79,11,55.8,657.69
2024-09-02,PRD-A02,110.39,1,114.99,104.87
2024-09-02,PRD-A03,42.74,6,47.99,256.44
2024-09-02,PRD-A04,94.99,18,105.84,1681.32
2024-09-02,PRD-H01,55.99,9,54.99,492.71
2024-09-02,PRD-H02,159.99,0,161.99,0.0
2024-09-02,PRD-H03,275.99,7,284.99,1931.93
2024-09-02,PRD-H04,114.39,5,131.24,543.35
2024-09-02,PRD-B01,39.52,12,45.36,474.24
2024-09-02,PRD-B02,60.48,6,62.64,362.88
2024-09-02,PRD-B03,43.19,9,39.89,388.71
2024-09-02,PRD-B04,85.49,3,91.79,252.2
2024-09-02,PRD-S01,183.99,3,199.49,542.77
2024-09-02,PRD-S02,27.59,6,32.99,153.12
2024-09-02,PRD-S03,137.99,4,125.99,524.36
2024-09-02,PRD-S04,53.99,5,47.99,259.15
2024-09-03,PRD-E01,155.99,3,137.74,467.97
2024-09-03,PRD-E02,189.99,15,204.74,2830.85
2024-09-03,PRD-E03,237.49,5,250.95,1163.71
2024-09-03,PRD-E04,55.19,16,54.99,872.0
2024-09-03,PRD-A01,59.79,13,55.8,771.29
2024-09-03,PRD-A02,110.39,5,114.99,546.43
2024-09-03,PRD-A03,42.74,21,47.99,895.4
2024-09-03,PRD-A04,94.99,5,105.84,446.45
2024-09-03,PRD-H01,55.99,6,54.99,333.14
2024-09-03,PRD-H02,159.99,8,161.99,1279.92
2024-09-03,PRD-H03,275.99,7,284.99,1904.33
2024-09-03,PRD-H04,114.39,2,131.24,223.06
2024-09-03,PRD-B01,39.52,14,45.36,551.3
2024-09-03,PRD-B02,60.48,6,62.64,356.83
2024-09-03,PRD-B03,43.19,6,39.89,250.5
2024-09-03,PRD-B04,85.49,16,91.79,1350.74
2024-09-03,PRD-S01,183.99,4,199.49,726.76
2024-09-03,PRD-S02,27.59,15,32.99,411.09
2024-09-03,PRD-S03,137.99,0,125.99,0.0
2024-09-03,PRD-S04,53.99,9,47.99,483.21
2024-09-04,PRD-E01,155.99,5,137.74,779.95
2024-09-04,PRD-E02,189.99,2,204.74,379.98
2024-09-04,PRD-E03,237.49,13,250.95,3051.75
2024-09-04,PRD-E04,55.19,9,54.99,496.71
2024-09-04,PRD-A01,59.79,5,55.8,295.96
2024-09-04,PRD-A02,110.39,11,114.99,1214.29
2024-09-04,PRD-A03,42.74,9,47.99,384.66
2024-09-04,PRD-A04,94.99,9,105.84,826.41
2024-09-04,PRD-H01,55.99,13,54.99,722.27
2024-09-04,PRD-H02,159.99,3,161.99,479.97
2024-09-04,PRD-H03,275.99,3,284.99,827.97
2024-09-04,PRD-H04,114.39,9,131.24,949.43
2024-09-04,PRD-B01,39.52,9,45.36,355.68
2024-09-04,PRD-B02,60.48,17,62.64,1022.11
2024-09-04,PRD-B03,43.19,9,39.89,388.71
2024-09-04,PRD-B04,85.49,13,91.79,1068.66
2024-09-04,PRD-S01,183.99,9,199.49,1655.91
2024-09-04,PRD-S02,27.59,12,32.99,331.08
2024-09-04,PRD-S03,137.99,1,125.99,137.99
2024-09-04,PRD-S04,53.99,2,47.99,107.98
2024-09-05,PRD-E01,155.99,4,137.74,623.96
2024-09-05,PRD-E02,189.99,7,204.74,1329.93
2024-09-05,PRD-E03,237.49,6,250.95,1413.07
2024-09-05,PRD-E04,55.19,12,54.99,662.28
2024-09-05,PRD-A01,59.79,7,55.8,394.61
2024-09-05,PRD-A02,110.39,6,114.99,640.26
2024-09-05,PRD-A03,42.74,24,47.99,972.35
2024-09-05,PRD-A04,94.99,8,105.84,759.92
2024-09-05,PRD-H01,55.99,7,54.99,341.53
2024-09-05,PRD-H02,159.99,4,161.99,623.96
2024-09-05,PRD-H03,275.99,2,284.99,551.98
2024-09-05,PRD-H04,114.39,12,131.24,1361.24
2024-09-05,PRD-B01,39.52,18,45.36,707.4
2024-09-05,PRD-B02,60.48,16,62.64,925.34
2024-09-05,PRD-B03,43.19,10,39.89,412.46
2024-09-05,PRD-B04,85.49,11,91.79,927.57
2024-09-05,PRD-S01,183.99,6,199.49,1103.94
2024-09-05,PRD-S02,27.59,11,32.99,303.49
2024-09-05,PRD-S03,137.99,4,125.99,551.96
2024-09-05,PRD-S04,53.99,6,47.99,313.14
2024-09-06,PRD-E01,155.99,11,137.74,1715.89
2024-09-06,PRD-E02,189.99,9,204.74,1709.91
2024-09-06,PRD-E03,237.49,3,250.95,688.73
2024-09-06,PRD-E04,55.19,5,54.99,267.67
2024-09-06,PRD-A01,59.79,5,55.8,298.95
2024-09-06,PRD-A02,110.39,4,114.99,441.56
2024-09-06,PRD-A03,42.74,9,47.99,384.66
2024-09-06,PRD-A04,94.99,6,105.84,569.94
2024-09-06,PRD-H01,55.99,4,54.99,223.96
2024-09-06,PRD-H02,159.99,4,161.99,639.96
2024-09-06,PRD-H03,275.99,4,284.99,1103.96
2024-09-06,PRD-H04,114.39,5,131.24,566.23
2024-09-06,PRD-B01,39.52,7,45.36,276.64
2024-09-06,PRD-B02,60.48,5,62.64,302.4
2024-09-06,PRD-B03,43.19,8,39.89,334.72
2024-09-06,PRD-B04,85.49,13,91.79,1098.56
2024-09-06,PRD-S01,183.99,7,199.49,1287.93
2024-09-06,PRD-S02,27.59,14,32.99,380.74
2024-09-06,PRD-S03,137.99,5,125.99,662.35
2024-09-06,PRD-S04,53.99,6,47.99,323.94
2024-09-07,PRD-E01,155.99,1,137.74,155.99
2024-09-07,PRD-E02,189.99,5,204.74,940.45
2024-09-07,PRD-E03,237.49,12,250.95,2849.88
2024-09-07,PRD-E04,55.19,11,54.99,593.29
2024-09-07,PRD-A01,59.79,7,55.8,418.53
2024-09-07,PRD-A02,110.39,4,114.99,441.56
2024-09-07,PRD-A03,42.74,21,47.99,888.99
2024-09-07,PRD-A04,94.99,4,105.84,379.96
2024-09-07,PRD-H01,55.99,9,54.99,475.91
2024-09-07,PRD-H02,159.99,16,161.99,2559.84
2024-09-07,PRD-H03,275.99,5,284.99,1379.95
2024-09-07,PRD-H04,114.39,10,131.24,1132.46
2024-09-07,PRD-B01,39.52,7,45.36,274.66
2024-09-07,PRD-B02,60.48,13,62.64,786.24
2024-09-07,PRD-B03,43.19,3,39.89,129.57
2024-09-07,PRD-B04,85.49,9,91.79,769.41
2024-09-07,PRD-S01,183.99,6,199.49,1067.14
2024-09-07,PRD-S02,27.59,25,32.99,682.85
2024-09-07,PRD-S03,137.99,4,125.99,551.96
2024-09-07,PRD-S04,53.99,16,47.99,858.44
2024-09-08,PRD-E01,155.99,4,137.74,623.96
2024-09-08,PRD-E02,189.99,7,204.74,1329.93
2024-09-08,PRD-E03,237.49,1,250.95,237.49
2024-09-08,PRD-E04,55.19,16,54.99,874.76
2024-09-08,PRD-A01,59.79,17,55.8,998.49
2024-09-08,PRD-A02,110.39,12,114.99,1319.16
2024-09-08,PRD-A03,42.74,14,47.99,594.09
2024-09-08,PRD-A04,94.99,7,105.84,660.18
2024-09-08,PRD-H01,55.99,7,54.99,383.53
2024-09-08,PRD-H02,159.99,2,161.99,311.98
2024-09-08,PRD-H03,275.99,2,284.99,551.98
2024-09-08,PRD-H04,114.39,6,131.24,686.34
2024-09-08,PRD-B01,39.52,21,45.36,818.06
2024-09-08,PRD-B02,60.48,12,62.64,725.76
2024-09-08,PRD-B03,43.19,5,39.89,215.95
2024-09-08,PRD-B04,85.49,6,91.79,500.12
2024-09-08,PRD-S01,183.99,8,199.49,1471.92
2024-09-08,PRD-S02,27.59,20,32.99,551.8
2024-09-08,PRD-S03,137.99,0,125.99,0.0
2024-09-08,PRD-S04,53.99,15,47.99,801.75
2024-09-09,PRD-E01,161.99,7,144.99,1133.93
2024-09-09,PRD-E02,207.99,4,210.59,738.36
2024-09-09,PRD-E03,269.99,0,239.0,0.0
2024-09-09,PRD-E04,52.79,10,57.74,525.26
2024-09-09,PRD-A01,67.59,4,58.9,263.6
2024-09-09,PRD-A02,113.99,4,109.24,455.96
2024-09-09,PRD-A03,42.74,9,43.19,378.25
2024-09-09,PRD-A04,98.79,4,98.0,370.46
2024-09-09,PRD-H01,55.99,12,57.74,655.08
2024-09-09,PRD-H02,151.99,5,161.99,744.75
2024-09-09,PRD-H03,284.99,6,284.99,1709.94
2024-09-09,PRD-H04,123.49,18,131.24,2210.48
2024-09-09,PRD-B01,36.1,9,42.0,312.26
2024-09-09,PRD-B02,49.68,8,58.0,377.57
2024-09-09,PRD-B03,41.59,8,41.03,330.64
2024-09-09,PRD-B04,100.79,4,84.99,388.04
2024-09-09,PRD-S01,183.99,6,180.49,1103.94
2024-09-09,PRD-S02,28.49,5,29.69,138.18
2024-09-09,PRD-S03,155.99,4,132.99,600.56
2024-09-09,PRD-S04,43.99,12,50.39,525.68
2024-09-10,PRD-E01,161.99,7,144.99,1133.93
2024-09-10,PRD-E02,207.99,7,210.59,1455.93
2024-09-10,PRD-E03,269.99,5,239.0,1349.95
2024-09-10,PRD-E04,52.79,11,57.74,575.41
2024-09-10,PRD-A01,67.59,4,58.9,266.98
2024-09-10,PRD-A02,113.99,4,109.24,450.26
2024-09-10,PRD-A03,42.74,9,43.19,380.39
2024-09-10,PRD-A04,98.79,3,98.0,296.37
2024-09-10,PRD-H01,55.99,12,57.74,671.88
2024-09-10,PRD-H02,151.99,11,161.99,1671.89
2024-09-10,PRD-H03,284.99,0,284.99,0.0
2024-09-10,PRD-H04,123.49,11,131.24,1358.39
2024-09-10,PRD-B01,36.1,5,42.0,176.89
2024-09-10,PRD-B02,49.68,13,58.0,643.36
2024-09-10,PRD-B03,41.59,7,41.03,284.89
2024-09-10,PRD-B04,100.79,4,84.99,377.96
2024-09-10,PRD-S01,183.99,1,180.49,183.99
2024-09-10,PRD-S02,28.49,12,29.69,326.21
2024-09-10,PRD-S03,155.99,1,132.99,140.39
2024-09-10,PRD-S04,43.99,2,50.39,81.38
2024-09-11,PRD-E01,161.99,1,144.99,161.99
2024-09-11,PRD-E02,207.99,3,210.59,603.17
2024-09-11,PRD-E03,269.99,6,239.0,1619.94
2024-09-11,PRD-E04,52.79,13,57.74,673.07
2024-09-11,PRD-A01,67.59,1,58.9,67.59
2024-09-11,PRD-A02,113.99,7,109.24,792.23
2024-09-11,PRD-A03,42.74,4,43.19,170.96
2024-09-11,PRD-A04,98.79,14,98.0,1239.8
2024-09-11,PRD-H01,55.99,8,57.74,439.52
2024-09-11,PRD-H02,151.99,6,161.99,873.94
2024-09-11,PRD-H03,284.99,7,284.99,1980.68
2024-09-11,PRD-H04,123.49,7,131.24,864.43
2024-09-11,PRD-B01,36.1,8,42.0,279.77
2024-09-11,PRD-B02,49.68,11,58.0,519.16
2024-09-11,PRD-B03,41.59,5,41.03,205.87
2024-09-11,PRD-B04,100.79,1,84.99,100.79
2024-09-11,PRD-S01,183.99,1,180.49,183.99
2024-09-11,PRD-S02,28.49,15,29.69,427.35
2024-09-11,PRD-S03,155.99,3,132.99,467.97
2024-09-11,PRD-S04,43.99,10,50.39,431.1
2024-09-12,PRD-E01,161.99,4,144.99,647.96
2024-09-12,PRD-E02,207.99,6,210.59,1227.14
2024-09-12,PRD-E03,269.99,1,239.0,269.99
2024-09-12,PRD-E04,52.79,14,57.74,731.14
2024-09-12,PRD-A01,67.59,13,58.9,875.29
2024-09-12,PRD-A02,113.99,8,109.24,911.92
2024-09-12,PRD-A03,42.74,24,43.19,997.98
2024-09-12,PRD-A04,98.79,1,98.0,98.79
2024-09-12,PRD-H01,55.99,5,57.74,268.75
2024-09-12,PRD-H02,151.99,4,161.99,607.96
2024-09-12,PRD-H03,284.99,2,284.99,527.23
2024-09-12,PRD-H04,123.49,9,131.24,1111.41
2024-09-12,PRD-B01,36.1,29,42.0,1046.9
2024-09-12,PRD-B02,49.68,9,58.0,437.18
2024-09-12,PRD-B03,41.59,6,41.03,249.54
2024-09-12,PRD-B04,100.79,1,84.99,100.79
2024-09-12,PRD-S01,183.99,5,180.49,919.95
2024-09-12,PRD-S02,28.49,11,29.69,313.39
2024-09-12,PRD-S03,155.99,4,132.99,623.96
2024-09-12,PRD-S04,43.99,3,50.39,131.97
2024-09-13,PRD-E01,161.99,2,144.99,323.98
2024-09-13,PRD-E02,207.99,4,210.59,821.56
2024-09-13,PRD-E03,269.99,1,239.0,269.99
2024-09-13,PRD-E04,52.79,22,57.74,1145.54
2024-09-13,PRD-A01,67.59,6,58.9,405.54
2024-09-13,PRD-A02,113.99,4,109.24,455.96
2024-09-13,PRD-A03,42.74,4,43.19,170.96
2024-09-13,PRD-A04,98.79,3,98.0,296.37
2024-09-13,PRD-H01,55.99,14,57.74,783.86
2024-09-13,PRD-H02,151.99,7,161.99,1048.73
2024-09-13,PRD-H03,284.99,3,284.99,797.97
2024-09-13,PRD-H04,123.49,8,131.24,981.75
2024-09-13,PRD-B01,36.1,14,42.0,492.77
2024-09-13,PRD-B02,49.68,13,58.0,625.96
2024-09-13,PRD-B03,41.59,3,41.03,124.77
2024-09-13,PRD-B04,100.79,1,84.99,100.79
2024-09-13,PRD-S01,183.99,4,180.49,735.96
2024-09-13,PRD-S02,28.49,3,29.69,85.47
2024-09-13,PRD-S03,155.99,6,132.99,935.94
2024-09-13,PRD-S04,43.99,10,50.39,437.7
2024-09-14,PRD-E01,161.99,10,144.99,1595.6
2024-09-14,PRD-E02,207.99,18,210.59,3639.82
2024-09-14,PRD-E03,269.99,3,239.0,809.97
2024-09-14,PRD-E04,52.79,10,57.74,506.78
2024-09-14,PRD-A01,67.59,11,58.9,723.21
2024-09-14,PRD-A02,113.99,5,109.24,569.95
2024-09-14,PRD-A03,42.74,6,43.19,252.17
2024-09-14,PRD-A04,98.79,5,98.0,493.95
2024-09-14,PRD-H01,55.99,7,57.74,391.93
2024-09-14,PRD-H02,151.99,8,161.99,1170.32
2024-09-14,PRD-H03,284.99,3,284.99,740.97
2024-09-14,PRD-H04,123.49,6,131.24,734.77
2024-09-14,PRD-B01,36.1,12,42.0,427.78
2024-09-14,PRD-B02,49.68,15,58.0,705.44
2024-09-14,PRD-B03,41.59,7,41.03,291.13
2024-09-14,PRD-B04,100.79,5,84.99,503.95
2024-09-14,PRD-S01,183.99,5,180.49,846.35
2024-09-14,PRD-S02,28.49,17,29.69,464.39
2024-09-14,PRD-S03,155.99,2,132.99,311.98
2024-09-14,PRD-S04,43.99,4,50.39,171.56
2024-09-15,PRD-E01,161.99,10,144.99,1619.9
2024-09-15,PRD-E02,207.99,2,210.59,384.78
2024-09-15,PRD-E03,269.99,4,239.0,1052.96
2024-09-15,PRD-E04,52.79,12,57.74,617.64
2024-09-15,PRD-A01,67.59,3,58.9,202.77
2024-09-15,PRD-A02,113.99,12,109.24,1367.88
2024-09-15,PRD-A03,42.74,15,43.19,632.55
2024-09-15,PRD-A04,98.79,4,98.0,380.34
2024-09-15,PRD-H01,55.99,10,57.74,551.5
2024-09-15,PRD-H02,151.99,3,161.99,455.97
2024-09-15,PRD-H03,284.99,0,284.99,0.0
2024-09-15,PRD-H04,123.49,10,131.24,1234.9
2024-09-15,PRD-B01,36.1,28,42.0,1007.2
2024-09-15,PRD-B02,49.68,8,58.0,385.02
2024-09-15,PRD-B03,41.59,5,41.03,205.87
2024-09-15,PRD-B04,100.79,2,84.99,196.54
2024-09-15,PRD-S01,183.99,3,180.49,515.17
2024-09-15,PRD-S02,28.49,15,29.69,406.0
2024-09-15,PRD-S03,155.99,6,132.99,935.94
2024-09-15,PRD-S04,43.99,12,50.39,523.48
2024-09-16,PRD-E01,161.99,5,144.99,809.95
2024-09-16,PRD-E02,207.99,9,210.59,1871.91
2024-09-16,PRD-E03,269.99,2,239.0,512.98
2024-09-16,PRD-E04,52.79,10,57.74,522.62
2024-09-16,PRD-A01,67.59,6,58.9,402.16
2024-09-16,PRD-A02,113.99,4,109.24,455.96
2024-09-16,PRD-A03,42.74,13,43.19,540.67
2024-09-16,PRD-A04,98.79,6,98.0,592.74
2024-09-16,PRD-H01,55.99,5,57.74,279.95
2024-09-16,PRD-H02,151.99,1,161.99,151.99
2024-09-16,PRD-H03,284.99,0,284.99,0.0
2024-09-16,PRD-H04,123.49,7,131.24,852.08
2024-09-16,PRD-B01,36.1,17,42.0,599.26
2024-09-16,PRD-B02,49.68,18,58.0,881.82
2024-09-16,PRD-B03,41.59,3,41.03,116.45
2024-09-16,PRD-B04,100.79,3,84.99,302.37
2024-09-16,PRD-S01,183.99,13,180.49,2391.87
2024-09-16,PRD-S02,28.49,7,29.69,199.43
2024-09-16,PRD-S03,155.99,4,132.99,592.76
2024-09-16,PRD-S04,43.99,4,50.39,175.96
2024-09-17,PRD-E01,161.99,17,144.99,2624.23
2024-09-17,PRD-E02,207.99,3,210.59,623.97
2024-09-17,PRD-E03,269.99,4,239.0,1079.96
2024-09-17,PRD-E04,52.79,7,57.74,366.89
2024-09-17,PRD-A01,67.59,8,58.9,527.2
2024-09-17,PRD-A02,113.99,15,109.24,1675.65
2024-09-17,PRD-A03,42.74,19,43.19,803.52
2024-09-17,PRD-A04,98.79,7,98.0,691.53
2024-09-17,PRD-H01,55.99,7,57.74,389.13
2024-09-17,PRD-H02,151.99,6,161.99,858.74
2024-09-17,PRD-H03,284.99,2,284.99,569.98
2024-09-17,PRD-H04,123.49,12,131.24,1481.88
2024-09-17,PRD-B01,36.1,7,42.0,249.09
2024-09-17,PRD-B02,49.68,9,58.0,444.64
2024-09-17,PRD-B03,41.59,2,41.03,83.18
2024-09-17,PRD-B04,100.79,0,84.99,0.0
2024-09-17,PRD-S01,183.99,1,180.49,183.99
2024-09-17,PRD-S02,28.49,16,29.69,444.44
2024-09-17,PRD-S03,155.99,4,132.99,623.96
2024-09-17,PRD-S04,43.99,7,50.39,299.13
2024-09-18,PRD-E01,161.99,9,144.99,1409.31
2024-09-18,PRD-E02,207.99,7,210.59,1455.93
2024-09-18,PRD-E03,269.99,0,239.0,0.0
2024-09-18,PRD-E04,52.79,14,57.74,731.14
2024-09-18,PRD-A01,67.59,9,58.9,608.31
2024-09-18,PRD-A02,113.99,8,109.24,911.92
2024-09-18,PRD-A03,42.74,5,43.19,213.7
2024-09-18,PRD-A04,98.79,4,98.0,395.16
2024-09-18,PRD-H01,55.99,4,57.74,223.96
2024-09-18,PRD-H02,151.99,4,161.99,600.36
2024-09-18,PRD-H03,284.99,6,284.99,1496.19
2024-09-18,PRD-H04,123.49,7,131.24,864.43
2024-09-18,PRD-B01,36.1,7,42.0,252.7
2024-09-18,PRD-B02,49.68,5,58.0,248.4
2024-09-18,PRD-B03,41.59,3,41.03,124.77
2024-09-18,PRD-B04,100.79,5,84.99,503.95
2024-09-18,PRD-S01,183.99,2,180.49,358.78
2024-09-18,PRD-S02,28.49,9,29.69,252.14
2024-09-18,PRD-S03,155.99,2,132.99,296.38
2024-09-18,PRD-S04,43.99,9,50.39,395.91
2024-09-19,PRD-E01,161.99,10,144.99,1611.8
2024-09-19,PRD-E02,207.99,4,210.59,831.96
2024-09-19,PRD-E03,269.99,5,239.0,1349.95
2024-09-19,PRD-E04,52.79,23,57.74,1206.25
2024-09-19,PRD-A01,67.59,6,58.9,395.4
2024-09-19,PRD-A02,113.99,3,109.24,330.57
2024-09-19,PRD-A03,42.74,9,43.19,380.39
2024-09-19,PRD-A04,98.79,7,98.0,676.71
2024-09-19,PRD-H01,55.99,11,57.74,615.89
2024-09-19,PRD-H02,151.99,9,161.99,1352.71
2024-09-19,PRD-H03,284.99,3,284.99,854.97
2024-09-19,PRD-H04,123.49,2,131.24,246.98
2024-09-19,PRD-B01,36.1,7,42.0,241.87
2024-09-19,PRD-B02,49.68,10,58.0,489.35
2024-09-19,PRD-B03,41.59,7,41.03,291.13
2024-09-19,PRD-B04,100.79,1,84.99,100.79
2024-09-19,PRD-S01,183.99,5,180.49,910.75
2024-09-19,PRD-S02,28.49,9,29.69,252.14
2024-09-19,PRD-S03,155.99,0,132.99,0.0
2024-09-19,PRD-S04,43.99,7,50.39,303.53
2024-09-20,PRD-E01,161.99,4,144.99,639.86
2024-09-20,PRD-E02,207.99,11,210.59,2204.69
2024-09-20,PRD-E03,269.99,2,239.0,526.48
2024-09-20,PRD-E04,52.79,7,57.74,369.53
2024-09-20,PRD-A01,67.59,9,58.9,608.31
2024-09-20,PRD-A02,113.99,5,109.24,547.15
2024-09-20,PRD-A03,42.74,8,43.19,341.92
2024-09-20,PRD-A04,98.79,4,98.0,395.16
2024-09-20,PRD-H01,55.99,10,57.74,559.9
2024-09-20,PRD-H02,151.99,5,161.99,729.55
2024-09-20,PRD-H03,284.99,1,284.99,270.74
2024-09-20,PRD-H04,123.49,5,131.24,617.45
2024-09-20,PRD-B01,36.1,10,42.0,361.0
2024-09-20,PRD-B02,49.68,8,58.0,387.5
2024-09-20,PRD-B03,41.59,5,41.03,199.63
2024-09-20,PRD-B04,100.79,5,84.99,498.91
2024-09-20,PRD-S01,183.99,9,180.49,1655.91
2024-09-20,PRD-S02,28.49,11,29.69,307.71
2024-09-20,PRD-S03,155.99,1,132.99,124.79
2024-09-20,PRD-S04,43.99,15,50.39,653.25
2024-09-21,PRD-E01,161.99,8,144.99,1295.92
2024-09-21,PRD-E02,207.99,6,210.59,1247.94
2024-09-21,PRD-E03,269.99,8,239.0,2159.92
2024-09-21,PRD-E04,52.79,17,57.74,871.03
2024-09-21,PRD-A01,67.59,5,58.9,337.95
2024-09-21,PRD-A02,113.99,8,109.24,900.52
2024-09-21,PRD-A03,42.74,8,43.19,341.92
2024-09-21,PRD-A04,98.79,12,98.0,1160.78
2024-09-21,PRD-H01,55.99,3,57.74,162.37
2024-09-21,PRD-H02,151.99,29,161.99,4058.11
2024-09-21,PRD-H03,284.99,0,284.99,0.0
2024-09-21,PRD-H04,123.49,5,131.24,611.28
2024-09-21,PRD-B01,36.1,14,42.0,494.56
2024-09-21,PRD-B02,49.68,8,58.0,397.44
2024-09-21,PRD-B03,41.59,12,41.03,482.44
2024-09-21,PRD-B04,100.79,7,84.99,645.05
2024-09-21,PRD-S01,183.99,1,180.49,183.99
2024-09-21,PRD-S02,28.49,9,29.69,252.14
2024-09-21,PRD-S03,155.99,4,132.99,623.96
2024-09-21,PRD-S04,43.99,12,50.39,527.88
2024-09-22,PRD-E01,161.99,3,144.99,469.77
2024-09-22,PRD-E02,207.99,3,210.59,613.57
2024-09-22,PRD-E03,269.99,5,239.0,1349.95
2024-09-22,PRD-E04,52.79,13,57.74,686.27
2024-09-22,PRD-A01,67.59,9,58.9,608.31
2024-09-22,PRD-A02,113.99,6,109.24,678.24
2024-09-22,PRD-A03,42.74,9,43.19,384.66
2024-09-22,PRD-A04,98.79,0,98.0,0.0
2024-09-22,PRD-H01,55.99,10,57.74,551.5
2024-09-22,PRD-H02,151.99,4,161.99,607.96
2024-09-22,PRD-H03,284.99,0,284.99,0.0
2024-09-22,PRD-H04,123.49,12,131.24,1407.78
2024-09-22,PRD-B01,36.1,14,42.0,498.18
2024-09-22,PRD-B02,49.68,13,58.0,623.5
2024-09-22,PRD-B03,41.59,4,41.03,164.28
2024-09-22,PRD-B04,100.79,7,84.99,705.53
2024-09-22,PRD-S01,183.99,3,180.49,533.57
2024-09-22,PRD-S02,28.49,11,29.69,293.45
2024-09-22,PRD-S03,155.99,5,132.99,756.55
2024-09-22,PRD-S04,43.99,7,50.39,305.73
2024-09-23,PRD-E01,149.99,4,144.99,599.96
2024-09-23,PRD-E02,223.99,11,210.59,2463.89
2024-09-23,PRD-E03,237.49,4,239.0,949.96
2024-09-23,PRD-E04,55.19,16,57.74,883.04
2024-09-23,PRD-A01,64.99,9,58.9,584.91
2024-09-23,PRD-A02,119.99,5,109.24,599.95
2024-09-23,PRD-A03,46.79,7,43.19,327.53
2024-09-23,PRD-A04,94.99,4,98.0,356.21
2024-09-23,PRD-H01,51.99,3,57.74,155.97
2024-09-23,PRD-H02,159.99,2,161.99,319.98
2024-09-23,PRD-H03,284.99,6,284.99,1709.94
2024-09-23,PRD-H04,145.59,3,131.24,436.77
2024-09-23,PRD-B01,36.1,12,42.0,427.78
2024-09-23,PRD-B02,47.52,5,58.0,230.47
2024-09-23,PRD-B03,35.19,9,41.03,302.63
2024-09-23,PRD-B04,82.79,13,84.99,1063.85
2024-09-23,PRD-S01,175.99,5,180.49,862.35
2024-09-23,PRD-S02,28.49,4,29.69,111.11
2024-09-23,PRD-S03,149.99,3,132.99,449.97
2024-09-23,PRD-S04,45.99,8,50.39,354.12
2024-09-24,PRD-E01,149.99,12,144.99,1769.88
2024-09-24,PRD-E02,223.99,1,210.59,223.99
2024-09-24,PRD-E03,237.49,5,239.0,1187.45
2024-09-24,PRD-E04,55.19,9,57.74,482.91
2024-09-24,PRD-A01,64.99,7,58.9,448.43
2024-09-24,PRD-A02,119.99,6,109.24,701.94
2024-09-24,PRD-A03,46.79,7,43.19,318.17
2024-09-24,PRD-A04,94.99,7,98.0,664.93
2024-09-24,PRD-H01,51.99,5,57.74,254.75
2024-09-24,PRD-H02,159.99,6,161.99,911.94
2024-09-24,PRD-H03,284.99,2,284.99,569.98
2024-09-24,PRD-H04,145.59,5,131.24,727.95
2024-09-24,PRD-B01,36.1,15,42.0,541.5
2024-09-24,PRD-B02,47.52,7,58.0,330.26
2024-09-24,PRD-B03,35.19,16,41.03,541.92
2024-09-24,PRD-B04,82.79,7,84.99,579.53
2024-09-24,PRD-S01,175.99,5,180.49,879.95
2024-09-24,PRD-S02,28.49,9,29.69,256.41
2024-09-24,PRD-S03,149.99,0,132.99,0.0
2024-09-24,PRD-S04,45.99,10,50.39,455.3
2024-09-25,PRD-E01,149.99,6,144.99,899.94
2024-09-25,PRD-E02,223.99,2,210.59,447.98
2024-09-25,PRD-E03,237.49,2,239.0,474.98
2024-09-25,PRD-E04,55.19,7,57.74,380.81
2024-09-25,PRD-A01,64.99,17,58.9,1104.83
2024-09-25,PRD-A02,119.99,11,109.24,1289.89
2024-09-25,PRD-A03,46.79,9,43.19,418.77
2024-09-25,PRD-A04,94.99,1,98.0,75.99
2024-09-25,PRD-H01,51.99,4,57.74,207.96
2024-09-25,PRD-H02,159.99,3,161.99,471.97
2024-09-25,PRD-H03,284.99,3,284.99,826.47
2024-09-25,PRD-H04,145.59,4,131.24,567.8
2024-09-25,PRD-B01,36.1,16,42.0,572.18
2024-09-25,PRD-B02,47.52,6,58.0,285.12
2024-09-25,PRD-B03,35.19,5,41.03,154.83
2024-09-25,PRD-B04,82.79,4,84.99,322.88
2024-09-25,PRD-S01,175.99,6,180.49,1055.94
2024-09-25,PRD-S02,28.49,8,29.69,220.8
2024-09-25,PRD-S03,149.99,8,132.99,1049.92
2024-09-25,PRD-S04,45.99,18,50.39,818.62
2024-09-26,PRD-E01,149.99,6,144.99,899.94
2024-09-26,PRD-E02,223.99,4,210.59,851.16
2024-09-26,PRD-E03,237.49,12,239.0,2458.01
2024-09-26,PRD-E04,55.19,5,57.74,275.95
2024-09-26,PRD-A01,64.99,5,58.9,315.2
2024-09-26,PRD-A02,119.99,20,109.24,2399.8
2024-09-26,PRD-A03,46.79,5,43.19,233.95
2024-09-26,PRD-A04,94.99,5,98.0,470.2
2024-09-26,PRD-H01,51.99,8,57.74,395.12
2024-09-26,PRD-H02,159.99,4,161.99,639.96
2024-09-26,PRD-H03,284.99,2,284.99,569.98
2024-09-26,PRD-H04,145.59,5,131.24,698.83
2024-09-26,PRD-B01,36.1,14,42.0,499.98
2024-09-26,PRD-B02,47.52,19,58.0,871.97
2024-09-26,PRD-B03,35.19,5,41.03,175.95
2024-09-26,PRD-B04,82.79,9,84.99,716.13
2024-09-26,PRD-S01,175.99,2,180.49,351.98
2024-09-26,PRD-S02,28.49,5,29.69,138.18
2024-09-26,PRD-S03,149.99,4,132.99,599.96
2024-09-26,PRD-S04,45.99,7,50.39,308.13
2024-09-27,PRD-E01,149.99,8,144.99,1049.92
2024-09-27,PRD-E02,223.99,3,210.59,671.97
2024-09-27,PRD-E03,237.49,3,239.0,712.47
2024-09-27,PRD-E04,55.19,4,57.74,220.76
2024-09-27,PRD-A01,64.99,5,58.9,282.7
2024-09-27,PRD-A02,119.99,8,109.24,911.92
2024-09-27,PRD-A03,46.79,4,43.19,182.48
2024-09-27,PRD-A04,94.99,7,98.0,664.93
2024-09-27,PRD-H01,51.99,5,57.74,259.95
2024-09-27,PRD-H02,159.99,5,161.99,799.95
2024-09-27,PRD-H03,284.99,2,284.99,569.98
2024-09-27,PRD-H04,145.59,5,131.24,727.95
2024-09-27,PRD-B01,36.1,7,42.0,245.48
2024-09-27,PRD-B02,47.52,13,58.0,615.38
2024-09-27,PRD-B03,35.19,7,41.03,242.81
2024-09-27,PRD-B04,82.79,11,84.99,910.69
2024-09-27,PRD-S01,175.99,2,180.49,351.98
2024-09-27,PRD-S02,28.49,8,29.69,222.24
2024-09-27,PRD-S03,149.99,5,132.99,742.45
2024-09-27,PRD-S04,45.99,15,50.39,685.25
2024-09-28,PRD-E01,149.99,4,144.99,599.96
2024-09-28,PRD-E02,223.99,3,210.59,671.97
2024-09-28,PRD-E03,237.49,1,239.0,237.49
2024-09-28,PRD-E04,55.19,14,57.74,753.34
2024-09-28,PRD-A01,64.99,7,58.9,448.43
2024-09-28,PRD-A02,119.99,4,109.24,467.96
2024-09-28,PRD-A03,46.79,10,43.19,451.52
2024-09-28,PRD-A04,94.99,6,98.0,536.69
2024-09-28,PRD-H01,51.99,7,57.74,361.33
2024-09-28,PRD-H02,159.99,5,161.99,799.95
2024-09-28,PRD-H03,284.99,1,284.99,284.99
2024-09-28,PRD-H04,145.59,3,131.24,407.65
2024-09-28,PRD-B01,36.1,10,42.0,348.37
2024-09-28,PRD-B02,47.52,2,58.0,95.04
2024-09-28,PRD-B03,35.19,18,41.03,619.34
2024-09-28,PRD-B04,82.79,5,84.99,397.39
2024-09-28,PRD-S01,175.99,18,180.49,3123.82
2024-09-28,PRD-S02,28.49,7,29.69,196.58
2024-09-28,PRD-S03,149.99,4,132.99,599.96
2024-09-28,PRD-S04,45.99,25,50.39,1142.85
2024-09-29,PRD-E01,149.99,7,144.99,1042.43
2024-09-29,PRD-E02,223.99,6,210.59,1332.74
2024-09-29,PRD-E03,237.49,4,239.0,914.34
2024-09-29,PRD-E04,55.19,17,57.74,910.63
2024-09-29,PRD-A01,64.99,5,58.9,324.95
2024-09-29,PRD-A02,119.99,8,109.24,959.92
2024-09-29,PRD-A03,46.79,9,43.19,416.43
2024-09-29,PRD-A04,94.99,10,98.0,921.4
2024-09-29,PRD-H01,51.99,10,57.74,504.3
2024-09-29,PRD-H02,159.99,9,161.99,1399.91
2024-09-29,PRD-H03,284.99,8,284.99,2279.92
2024-09-29,PRD-H04,145.59,12,131.24,1717.96
2024-09-29,PRD-B01,36.1,19,42.0,667.85
2024-09-29,PRD-B02,47.52,12,58.0,553.61
2024-09-29,PRD-B03,35.19,3,41.03,105.57
2024-09-29,PRD-B04,82.79,7,84.99,571.25
2024-09-29,PRD-S01,175.99,4,180.49,703.96
2024-09-29,PRD-S02,28.49,11,29.69,267.79
2024-09-29,PRD-S03,149.99,2,132.99,299.98
2024-09-29,PRD-S04,45.99,11,50.39,496.69
2024-09-30,PRD-E01,149.99,4,152.24,599.96
2024-09-30,PRD-E02,223.99,2,204.74,447.98
2024-09-30,PRD-E03,237.49,11,250.95,2612.39
2024-09-30,PRD-E04,55.19,11,52.24,601.57
2024-09-30,PRD-A01,64.99,12,65.1,773.38
2024-09-30,PRD-A02,119.99,5,124.19,593.95
2024-09-30,PRD-A03,46.79,11,50.39,510.01
2024-09-30,PRD-A04,94.99,6,105.84,565.19
2024-09-30,PRD-H01,51.99,8,54.99,415.92
2024-09-30,PRD-H02,159.99,3,149.99,455.97
2024-09-30,PRD-H03,284.99,1,307.79,284.99
2024-09-30,PRD-H04,145.59,8,118.74,1164.72
2024-09-30,PRD-B01,36.1,15,37.8,539.7
2024-09-30,PRD-B02,47.52,11,58.0,508.47
2024-09-30,PRD-B03,35.19,13,37.99,429.31
2024-09-30,PRD-B04,82.79,7,80.74,579.53
2024-09-30,PRD-S01,175.99,4,205.19,703.96
2024-09-30,PRD-S02,28.49,11,32.99,310.54
2024-09-30,PRD-S03,149.99,3,132.99,449.97
2024-09-30,PRD-S04,45.99,2,47.99,91.98
2024-10-01,PRD-E01,149.99,9,152.24,1297.41
2024-10-01,PRD-E02,223.99,6,204.74,1343.94
2024-10-01,PRD-E03,237.49,3,250.95,712.47
2024-10-01,PRD-E04,55.19,21,52.24,1139.67
2024-10-01,PRD-A01,64.99,11,65.1,714.89
2024-10-01,PRD-A02,119.99,7,124.19,839.93
2024-10-01,PRD-A03,46.79,5,50.39,224.59
2024-10-01,PRD-A04,94.99,7,105.84,650.68
2024-10-01,PRD-H01,51.99,6,54.99,311.94
2024-10-01,PRD-H02,159.99,3,149.99,463.97
2024-10-01,PRD-H03,284.99,1,307.79,284.99
2024-10-01,PRD-H04,145.59,4,118.74,538.68
2024-10-01,PRD-B01,36.1,8,37.8,287.0
2024-10-01,PRD-B02,47.52,9,58.0,427.68
2024-10-01,PRD-B03,35.19,8,37.99,274.48
2024-10-01,PRD-B04,82.79,1,80.74,82.79
2024-10-01,PRD-S01,175.99,6,205.19,1055.94
2024-10-01,PRD-S02,28.49,23,32.99,641.04
2024-10-01,PRD-S03,149.99,1,132.99,149.99
2024-10-01,PRD-S04,45.99,4,47.99,177.06
2024-10-02,PRD-E01,149.99,5,152.24,749.95
2024-10-02,PRD-E02,223.99,10,204.74,2195.1
2024-10-02,PRD-E03,237.49,8,250.95,1899.92
2024-10-02,PRD-E04,55.19,1,52.24,55.19
2024-10-02,PRD-A01,64.99,4,65.1,246.96
2024-10-02,PRD-A02,119.99,2,124.19,239.98
2024-10-02,PRD-A03,46.79,12,50.39,542.76
2024-10-02,PRD-A04,94.99,11,105.84,1006.89
2024-10-02,PRD-H01,51.99,8,54.99,413.32
2024-10-02,PRD-H02,159.99,5,149.99,783.95
2024-10-02,PRD-H03,284.99,0,307.79,0.0
2024-10-02,PRD-H04,145.59,9,118.74,1295.75
2024-10-02,PRD-B01,36.1,19,37.8,685.9
2024-10-02,PRD-B02,47.52,9,58.0,418.18
2024-10-02,PRD-B03,35.19,14,37.99,492.66
2024-10-02,PRD-B04,82.79,9,80.74,711.99
2024-10-02,PRD-S01,175.99,17,205.19,2815.83
2024-10-02,PRD-S02,28.49,12,32.99,333.34
2024-10-02,PRD-S03,149.99,2,132.99,299.98
2024-10-02,PRD-S04,45.99,7,47.99,321.93
2024-10-03,PRD-E01,149.99,13,152.24,1874.87
2024-10-03,PRD-E02,223.99,8,204.74,1791.92
2024-10-03,PRD-E03,237.49,4,250.95,926.21
2024-10-03,PRD-E04,55.19,16,52.24,855.44
2024-10-03,PRD-A01,64.99,10,65.1,640.15
2024-10-03,PRD-A02,119.99,1,124.19,119.99
2024-10-03,PRD-A03,46.79,16,50.39,743.96
2024-10-03,PRD-A04,94.99,7,105.84,664.93
2024-10-03,PRD-H01,51.99,12,54.99,618.68
2024-10-03,PRD-H02,159.99,3,149.99,455.97
2024-10-03,PRD-H03,284.99,1,307.79,284.99
2024-10-03,PRD-H04,145.59,6,118.74,873.54
2024-10-03,PRD-B01,36.1,12,37.8,429.59
2024-10-03,PRD-B02,47.52,7,58.0,330.26
2024-10-03,PRD-B03,35.19,17,37.99,559.51
2024-10-03,PRD-B04,82.79,9,80.74,728.55
2024-10-03,PRD-S01,175.99,6,205.19,985.54
2024-10-03,PRD-S02,28.49,11,32.99,300.58
2024-10-03,PRD-S03,149.99,2,132.99,299.98
2024-10-03,PRD-S04,45.99,6,47.99,275.94
2024-10-04,PRD-E01,149.99,10,152.24,1462.4
2024-10-04,PRD-E02,223.99,3,204.74,671.97
2024-10-04,PRD-E03,237.49,5,250.95,1175.58
2024-10-04,PRD-E04,55.19,14,52.24,769.9
2024-10-04,PRD-A01,64.99,6,65.1,370.44
2024-10-04,PRD-A02,119.99,3,124.19,347.97
2024-10-04,PRD-A03,46.79,23,50.39,1071.49
2024-10-04,PRD-A04,94.99,11,105.84,1030.64
2024-10-04,PRD-H01,51.99,11,54.99,569.29
2024-10-04,PRD-H02,159.99,7,149.99,1095.93
2024-10-04,PRD-H03,284.99,3,307.79,854.97
2024-10-04,PRD-H04,145.59,10,118.74,1448.62
2024-10-04,PRD-B01,36.1,9,37.8,323.1
2024-10-04,PRD-B02,47.52,6,58.0,277.99
2024-10-04,PRD-B03,35.19,13,37.99,457.47
2024-10-04,PRD-B04,82.79,2,80.74,157.3
2024-10-04,PRD-S01,175.99,3,205.19,510.37
2024-10-04,PRD-S02,28.49,8,32.99,219.39
2024-10-04,PRD-S03,149.99,4,132.99,599.96
2024-10-04,PRD-S04,45.99,1,47.99,45.99
2024-10-05,PRD-E01,149.99,10,152.24,1477.4
2024-10-05,PRD-E02,223.99,4,204.74,862.36
2024-10-05,PRD-E03,237.49,3,250.95,712.47
2024-10-05,PRD-E04,55.19,3,52.24,165.57
2024-10-05,PRD-A01,64.99,17,65.1,1088.58
2024-10-05,PRD-A02,119.99,9,124.19,1067.91
2024-10-05,PRD-A03,46.79,7,50.39,322.85
2024-10-05,PRD-A04,94.99,16,105.84,1467.59
2024-10-05,PRD-H01,51.99,11,54.99,569.29
2024-10-05,PRD-H02,159.99,3,149.99,479.97
2024-10-05,PRD-H03,284.99,10,307.79,2721.65
2024-10-05,PRD-H04,145.59,1,118.74,138.31
2024-10-05,PRD-B01,36.1,5,37.8,176.89
2024-10-05,PRD-B02,47.52,11,58.0,522.72
2024-10-05,PRD-B03,35.19,10,37.99,351.9
2024-10-05,PRD-B04,82.79,16,80.74,1312.22
2024-10-05,PRD-S01,175.99,5,205.19,879.95
2024-10-05,PRD-S02,28.49,9,32.99,256.41
2024-10-05,PRD-S03,149.99,3,132.99,434.97
2024-10-05,PRD-S04,45.99,4,47.99,179.36
2024-10-06,PRD-E01,149.99,14,152.24,2084.86
2024-10-06,PRD-E02,223.99,6,204.74,1343.94
2024-10-06,PRD-E03,237.49,1,250.95,237.49
2024-10-06,PRD-E04,55.19,5,52.24,264.91
2024-10-06,PRD-A01,64.99,18,65.1,1156.82
2024-10-06,PRD-A02,119.99,6,124.19,719.94
2024-10-06,PRD-A03,46.79,13,50.39,594.23
2024-10-06,PRD-A04,94.99,2,105.84,189.98
2024-10-06,PRD-H01,51.99,15,54.99,769.45
2024-10-06,PRD-H02,159.99,12,149.99,1903.88
2024-10-06,PRD-H03,284.99,4,307.79,1139.96
2024-10-06,PRD-H04,145.59,6,118.74,844.42
2024-10-06,PRD-B01,36.1,11,37.8,397.1
2024-10-06,PRD-B02,47.52,11,58.0,513.22
2024-10-06,PRD-B03,35.19,20,37.99,702.04
2024-10-06,PRD-B04,82.79,12,80.74,952.08
2024-10-06,PRD-S01,175.99,8,205.19,1407.92
2024-10-06,PRD-S02,28.49,16,32.99,445.88
2024-10-06,PRD-S03,149.99,8,132.99,1199.92
2024-10-06,PRD-S04,45.99,8,47.99,367.92
2024-10-07,PRD-E01,167.99,3,152.24,503.97
2024-10-07,PRD-E02,199.99,6,204.74,1169.94
2024-10-07,PRD-E03,249.99,2,250.95,499.98
2024-10-07,PRD-E04,64.79,2,52.24,129.58
2024-10-07,PRD-A01,67.59,21,65.1,1399.11
2024-10-07,PRD-A02,134.39,4,124.19,530.84
2024-10-07,PRD-A03,41.39,15,50.39,562.89
2024-10-07,PRD-A04,90.24,4,105.84,360.96
2024-10-07,PRD-H01,43.99,13,54.99,569.67
2024-10-07,PRD-H02,151.99,12,149.99,1808.68
2024-10-07,PRD-H03,263.99,4,307.79,1055.96
2024-10-07,PRD-H04,129.99,2,118.74,259.98
2024-10-07,PRD-B01,41.04,12,37.8,484.27
2024-10-07,PRD-B02,58.32,6,58.0,349.92
2024-10-07,PRD-B03,41.59,5,37.99,207.95
2024-10-07,PRD-B04,100.79,0,80.74,0.0
2024-10-07,PRD-S01,199.99,8,205.19,1569.92
2024-10-07,PRD-S02,28.49,7,32.99,192.33
2024-10-07,PRD-S03,149.99,1,132.99,149.99
2024-10-07,PRD-S04,45.99,2,47.99,87.38
2024-10-08,PRD-E01,167.99,12,152.24,2015.88
2024-10-08,PRD-E02,199.99,7,204.74,1379.93
2024-10-08,PRD-E03,249.99,0,250.95,0.0
2024-10-08,PRD-E04,64.79,10,52.24,647.9
2024-10-08,PRD-A01,67.59,9,65.1,588.03
2024-10-08,PRD-A02,134.39,5,124.19,671.95
2024-10-08,PRD-A03,41.39,14,50.39,556.69
2024-10-08,PRD-A04,90.24,34,105.84,2959.92
2024-10-08,PRD-H01,43.99,15,54.99,657.65
2024-10-08,PRD-H02,151.99,3,149.99,455.97
2024-10-08,PRD-H03,263.99,9,307.79,2375.91
2024-10-08,PRD-H04,129.99,13,118.74,1650.87
2024-10-08,PRD-B01,41.04,9,37.8,369.36
2024-10-08,PRD-B02,58.32,10,58.0,568.62
2024-10-08,PRD-B03,41.59,7,37.99,286.97
2024-10-08,PRD-B04,100.79,4,80.74,403.16
2024-10-08,PRD-S01,199.99,1,205.19,199.99
2024-10-08,PRD-S02,28.49,12,32.99,331.92
2024-10-08,PRD-S03,149.99,0,132.99,0.0
2024-10-08,PRD-S04,45.99,2,47.99,91.98
2024-10-09,PRD-E01,167.99,14,152.24,2351.86
2024-10-09,PRD-E02,199.99,3,204.74,559.97
2024-10-09,PRD-E03,249.99,4,250.95,999.96
2024-10-09,PRD-E04,64.79,1,52.24,64.79
2024-10-09,PRD-A01,67.59,5,65.1,337.95
2024-10-09,PRD-A02,134.39,8,124.19,1075.12
2024-10-09,PRD-A03,41.39,8,50.39,331.12
2024-10-09,PRD-A04,90.24,8,105.84,721.92
2024-10-09,PRD-H01,43.99,6,54.99,263.94
2024-10-09,PRD-H02,151.99,7,149.99,1033.53
2024-10-09,PRD-H03,263.99,5,307.79,1319.95
2024-10-09,PRD-H04,129.99,5,118.74,649.95
2024-10-09,PRD-B01,41.04,14,37.8,568.4
2024-10-09,PRD-B02,58.32,5,58.0,288.68
2024-10-09,PRD-B03,41.59,14,37.99,578.1
2024-10-09,PRD-B04,100.79,2,80.74,201.58
2024-10-09,PRD-S01,199.99,12,205.19,2359.88
2024-10-09,PRD-S02,28.49,15,32.99,425.93
2024-10-09,PRD-S03,149.99,15,132.99,2249.85
2024-10-09,PRD-S04,45.99,4,47.99,174.76
2024-10-10,PRD-E01,167.99,4,152.24,596.36
2024-10-10,PRD-E02,199.99,15,204.74,2929.85
2024-10-10,PRD-E03,249.99,2,250.95,449.98
2024-10-10,PRD-E04,64.79,3,52.24,194.37
2024-10-10,PRD-A01,67.59,5,65.1,331.19
2024-10-10,PRD-A02,134.39,4,124.19,524.12
2024-10-10,PRD-A03,41.39,12,50.39,496.68
2024-10-10,PRD-A04,90.24,11,105.84,992.64
2024-10-10,PRD-H01,43.99,9,54.99,380.51
2024-10-10,PRD-H02,151.99,5,149.99,744.75
2024-10-10,PRD-H03,263.99,7,307.79,1847.93
2024-10-10,PRD-H04,129.99,13,118.74,1689.87
2024-10-10,PRD-B01,41.04,5,37.8,205.2
2024-10-10,PRD-B02,58.32,6,58.0,332.42
2024-10-10,PRD-B03,41.59,6,37.99,249.54
2024-10-10,PRD-B04,100.79,2,80.74,201.58
2024-10-10,PRD-S01,199.99,11,205.19,2199.89
2024-10-10,PRD-S02,28.49,9,32.99,256.41
2024-10-10,PRD-S03,149.99,0,132.99,0.0
2024-10-10,PRD-S04,45.99,8,47.99,367.92
2024-10-11,PRD-E01,167.99,2,152.24,335.98
2024-10-11,PRD-E02,199.99,6,204.74,1159.94
2024-10-11,PRD-E03,249.99,2,250.95,487.48
2024-10-11,PRD-E04,64.79,4,52.24,259.16
2024-10-11,PRD-A01,67.59,10,65.1,672.52
2024-10-11,PRD-A02,134.39,9,124.19,1175.91
2024-10-11,PRD-A03,41.39,12,50.39,478.05
2024-10-11,PRD-A04,90.24,8,105.84,699.36
2024-10-11,PRD-H01,43.99,5,54.99,215.55
2024-10-11,PRD-H02,151.99,3,149.99,455.97
2024-10-11,PRD-H03,263.99,8,307.79,2111.92
2024-10-11,PRD-H04,129.99,10,118.74,1247.9
2024-10-11,PRD-B01,41.04,20,37.8,812.6
2024-10-11,PRD-B02,58.32,13,58.0,711.52
2024-10-11,PRD-B03,41.59,6,37.99,237.06
2024-10-11,PRD-B04,100.79,4,80.74,398.12
2024-10-11,PRD-S01,199.99,4,205.19,799.96
2024-10-11,PRD-S02,28.49,2,32.99,54.13
2024-10-11,PRD-S03,149.99,3,132.99,449.97
2024-10-11,PRD-S04,45.99,5,47.99,220.75
2024-10-12,PRD-E01,167.99,5,152.24,839.95
2024-10-12,PRD-E02,199.99,5,204.74,999.95
2024-10-12,PRD-E03,249.99,4,250.95,949.96
2024-10-12,PRD-E04,64.79,12,52.24,764.52
2024-10-12,PRD-A01,67.59,13,65.1,861.77
2024-10-12,PRD-A02,134.39,5,124.19,631.63
2024-10-12,PRD-A03,41.39,8,50.39,324.91
2024-10-12,PRD-A04,90.24,8,105.84,717.41
2024-10-12,PRD-H01,43.99,19,54.99,831.41
2024-10-12,PRD-H02,151.99,3,149.99,455.97
2024-10-12,PRD-H03,263.99,7,307.79,1847.93
2024-10-12,PRD-H04,129.99,6,118.74,773.44
2024-10-12,PRD-B01,41.04,16,37.8,646.39
2024-10-12,PRD-B02,58.32,5,58.0,288.68
2024-10-12,PRD-B03,41.59,5,37.99,205.87
2024-10-12,PRD-B04,100.79,6,80.74,604.74
2024-10-12,PRD-S01,199.99,3,205.19,599.97
2024-10-12,PRD-S02,28.49,9,32.99,246.44
2024-10-12,PRD-S03,149.99,5,132.99,734.95
2024-10-12,PRD-S04,45.99,7,47.99,305.83
2024-10-13,PRD-E01,167.99,4,152.24,663.56
2024-10-13,PRD-E02,199.99,4,204.74,799.96
2024-10-13,PRD-E03,249.99,6,250.95,1349.94
2024-10-13,PRD-E04,64.79,6,52.24,385.5
2024-10-13,PRD-A01,67.59,10,65.1,665.76
2024-10-13,PRD-A02,134.39,4,124.19,537.56
2024-10-13,PRD-A03,41.39,17,50.39,685.0
2024-10-13,PRD-A04,90.24,13,105.84,1173.12
2024-10-13,PRD-H01,43.99,23,54.99,987.57
2024-10-13,PRD-H02,151.99,3,149.99,433.17
2024-10-13,PRD-H03,263.99,4,307.79,1055.96
2024-10-13,PRD-H04,129.99,31,118.74,4029.69
2024-10-13,PRD-B01,41.04,11,37.8,443.23
2024-10-13,PRD-B02,58.32,17,58.0,979.78
2024-10-13,PRD-B03,41.59,6,37.99,241.22
2024-10-13,PRD-B04,100.79,12,80.74,1209.48
2024-10-13,PRD-S01,199.99,2,205.19,399.98
2024-10-13,PRD-S02,28.49,7,32.99,199.43
2024-10-13,PRD-S03,149.99,11,132.99,1484.89
2024-10-13,PRD-S04,45.99,6,47.99,275.94
2024-10-14,PRD-E01,167.99,7,152.24,1142.33
2024-10-14,PRD-E02,199.99,7,204.74,1399.93
2024-10-14,PRD-E03,249.99,2,250.95,487.48
2024-10-14,PRD-E04,64.79,8,52.24,511.84
2024-10-14,PRD-A01,67.59,8,65.1,530.58
2024-10-14,PRD-A02,134.39,5,124.19,665.23
2024-10-14,PRD-A03,41.39,20,50.39,817.45
2024-10-14,PRD-A04,90.24,6,105.84,527.9
2024-10-14,PRD-H01,43.99,13,54.99,549.87
2024-10-14,PRD-H02,151.99,11,149.99,1664.29
2024-10-14,PRD-H03,263.99,10,307.79,2626.7
2024-10-14,PRD-H04,129.99,4,118.74,519.96
2024-10-14,PRD-B01,41.04,5,37.8,201.1
2024-10-14,PRD-B02,58.32,13,58.0,758.16
2024-10-14,PRD-B03,41.59,4,37.99,166.36
2024-10-14,PRD-B04,100.79,0,80.74,0.0
2024-10-14,PRD-S01,199.99,4,205.19,799.96
2024-10-14,PRD-S02,28.49,11,32.99,307.71
2024-10-14,PRD-S03,149.99,3,132.99,449.97
2024-10-14,PRD-S04,45.99,2,47.99,89.68
2024-10-15,PRD-E01,167.99,3,152.24,503.97
2024-10-15,PRD-E02,199.99,8,204.74,1559.92
2024-10-15,PRD-E03,249.99,0,250.95,0.0
2024-10-15,PRD-E04,64.79,6,52.24,388.74
2024-10-15,PRD-A01,67.59,7,65.1,459.61
2024-10-15,PRD-A02,134.39,0,124.19,0.0
2024-10-15,PRD-A03,41.39,14,50.39,562.9
2024-10-15,PRD-A04,90.24,7,105.84,631.68
2024-10-15,PRD-H01,43.99,7,54.99,305.73
2024-10-15,PRD-H02,151.99,3,149.99,455.97
2024-10-15,PRD-H03,263.99,2,307.79,475.18
2024-10-15,PRD-H04,129.99,6,118.74,779.94
2024-10-15,PRD-B01,41.04,9,37.8,355.01
2024-10-15,PRD-B02,58.32,22,58.0,1233.46
2024-10-15,PRD-B03,41.59,12,37.99,497.0
2024-10-15,PRD-B04,100.79,3,80.74,302.37
2024-10-15,PRD-S01,199.99,3,205.19,599.97
2024-10-15,PRD-S02,28.49,21,32.99,582.67
2024-10-15,PRD-S03,149.99,10,132.99,1477.4
2024-10-15,PRD-S04,45.99,7,47.99,315.03
2024-10-16,PRD-E01,167.99,13,152.24,2167.07
2024-10-16,PRD-E02,199.99,5,204.74,999.95
2024-10-16,PRD-E03,249.99,3,250.95,699.97
2024-10-16,PRD-E04,64.79,3,52.24,194.37
2024-10-16,PRD-A01,67.59,6,65.1,405.54
2024-10-16,PRD-A02,134.39,4,124.19,537.56
2024-10-16,PRD-A03,41.39,19,50.39,786.41
2024-10-16,PRD-A04,90.24,9,105.84,739.96
2024-10-16,PRD-H01,43.99,6,54.99,261.74
2024-10-16,PRD-H02,151.99,2,149.99,296.38
2024-10-16,PRD-H03,263.99,2,307.79,527.98
2024-10-16,PRD-H04,129.99,4,118.74,519.96
2024-10-16,PRD-B01,41.04,13,37.8,527.37
2024-10-16,PRD-B02,58.32,5,58.0,279.94
2024-10-16,PRD-B03,41.59,3,37.99,120.61
2024-10-16,PRD-B04,100.79,3,80.74,282.21
2024-10-16,PRD-S01,199.99,4,205.19,799.96
2024-10-16,PRD-S02,28.49,10,32.99,283.48
2024-10-16,PRD-S03,149.99,0,132.99,0.0
2024-10-16,PRD-S04,45.99,8,47.99,367.92
2024-10-17,PRD-E01,167.99,6,152.24,1007.94
2024-10-17,PRD-E02,199.99,9,204.74,1799.91
2024-10-17,PRD-E03,249.99,4,250.95,987.46
2024-10-17,PRD-E04,64.79,7,52.24,447.05
2024-10-17,PRD-A01,67.59,10,65.1,672.52
2024-10-17,PRD-A02,134.39,8,124.19,1075.12
2024-10-17,PRD-A03,41.39,17,50.39,693.28
2024-10-17,PRD-A04,90.24,18,105.84,1624.32
2024-10-17,PRD-H01,43.99,7,54.99,301.33
2024-10-17,PRD-H02,151.99,7,149.99,1063.93
2024-10-17,PRD-H03,263.99,1,307.79,263.99
2024-10-17,PRD-H04,129.99,3,118.74,357.47
2024-10-17,PRD-B01,41.04,4,37.8,160.06
2024-10-17,PRD-B02,58.32,3,58.0,174.96
2024-10-17,PRD-B03,41.59,8,37.99,332.72
2024-10-17,PRD-B04,100.79,5,80.74,478.75
2024-10-17,PRD-S01,199.99,1,205.19,199.99
2024-10-17,PRD-S02,28.49,8,32.99,227.92
2024-10-17,PRD-S03,149.99,3,132.99,449.97
2024-10-17,PRD-S04,45.99,7,47.99,275.93
2024-10-18,PRD-E01,167.99,6,152.24,999.54
2024-10-18,PRD-E02,199.99,3,204.74,599.97
2024-10-18,PRD-E03,249.99,1,250.95,249.99
2024-10-18,PRD-E04,64.79,3,52.24,194.37
2024-10-18,PRD-A01,67.59,9,65.1,608.31
2024-10-18,PRD-A02,134.39,16,124.19,2136.8
2024-10-18,PRD-A03,41.39,15,50.39,616.71
2024-10-18,PRD-A04,90.24,8,105.84,717.41
2024-10-18,PRD-H01,43.99,21,54.99,906.19
2024-10-18,PRD-H02,151.99,5,149.99,759.95
2024-10-18,PRD-H03,263.99,2,307.79,527.98
2024-10-18,PRD-H04,129.99,10,118.74,1299.9
2024-10-18,PRD-B01,41.04,9,37.8,369.36
2024-10-18,PRD-B02,58.32,9,58.0,521.96
2024-10-18,PRD-B03,41.59,4,37.99,162.2
2024-10-18,PRD-B04,100.79,2,80.74,201.58
2024-10-18,PRD-S01,199.99,5,205.19,999.95
2024-10-18,PRD-S02,28.49,9,32.99,239.32
2024-10-18,PRD-S03,149.99,1,132.99,149.99
2024-10-18,PRD-S04,45.99,8,47.99,363.32
2024-10-19,PRD-E01,167.99,18,152.24,2948.22
2024-10-19,PRD-E02,199.99,5,204.74,999.95
2024-10-19,PRD-E03,249.99,8,250.95,1849.92
2024-10-19,PRD-E04,64.79,2,52.24,129.58
2024-10-19,PRD-A01,67.59,7,65.1,462.99
2024-10-19,PRD-A02,134.39,4,124.19,497.24
2024-10-19,PRD-A03,41.39,17,50.39,703.63
2024-10-19,PRD-A04,90.24,7,105.84,627.17
2024-10-19,PRD-H01,43.99,14,54.99,589.46
2024-10-19,PRD-H02,151.99,5,149.99,699.15
2024-10-19,PRD-H03,263.99,7,307.79,1847.93
2024-10-19,PRD-H04,129.99,10,118.74,1260.9
2024-10-19,PRD-B01,41.04,8,37.8,322.17
2024-10-19,PRD-B02,58.32,7,58.0,402.41
2024-10-19,PRD-B03,41.59,1,37.99,41.59
2024-10-19,PRD-B04,100.79,6,80.74,589.62
2024-10-19,PRD-S01,199.99,2,205.19,399.98
2024-10-19,PRD-S02,28.49,15,32.99,418.81
2024-10-19,PRD-S03,149.99,2,132.99,299.98
2024-10-19,PRD-S04,45.99,22,47.99,1011.78
2024-10-20,PRD-E01,167.99,16,152.24,2645.84
2024-10-20,PRD-E02,199.99,8,204.74,1539.92
2024-10-20,PRD-E03,249.99,2,250.95,499.98
2024-10-20,PRD-E04,64.79,1,52.24,64.79
2024-10-20,PRD-A01,67.59,4,65.1,250.08
2024-10-20,PRD-A02,134.39,2,124.19,268.78
2024-10-20,PRD-A03,41.39,22,50.39,898.16
2024-10-20,PRD-A04,90.24,24,105.84,2165.76
2024-10-20,PRD-H01,43.99,18,54.99,785.22
2024-10-20,PRD-H02,151.99,15,149.99,2279.85
2024-10-20,PRD-H03,263.99,9,307.79,2191.11
2024-10-20,PRD-H04,129.99,8,118.74,1026.92
2024-10-20,PRD-B01,41.04,10,37.8,402.19
2024-10-20,PRD-B02,58.32,25,58.0,1452.16
2024-10-20,PRD-B03,41.59,12,37.99,492.84
2024-10-20,PRD-B04,100.79,5,80.74,503.95
2024-10-20,PRD-S01,199.99,9,205.19,1569.91
2024-10-20,PRD-S02,28.49,15,32.99,423.08
2024-10-20,PRD-S03,149.99,4,132.99,599.96
2024-10-20,PRD-S04,45.99,4,47.99,181.66
2024-10-21,PRD-E01,161.99,8,130.49,1295.92
2024-10-21,PRD-E02,199.99,4,185.24,789.96
2024-10-21,PRD-E03,259.99,2,239.0,519.98
2024-10-21,PRD-E04,59.99,15,54.99,893.85
2024-10-21,PRD-A01,59.79,16,55.8,950.66
2024-10-21,PRD-A02,110.39,0,109.24,0.0
2024-10-21,PRD-A03,48.59,6,47.99,291.54
2024-10-21,PRD-A04,98.79,5,93.1,493.95
2024-10-21,PRD-H01,49.99,22,54.99,1082.28
2024-10-21,PRD-H02,159.99,4,157.49,631.96
2024-10-21,PRD-H03,335.99,1,256.49,335.99
2024-10-21,PRD-H04,140.39,3,131.24,407.13
2024-10-21,PRD-B01,33.44,24,44.1,739.0
2024-10-21,PRD-B02,54.0,16,62.64,861.3
2024-10-21,PRD-B03,41.59,7,39.89,270.33
2024-10-21,PRD-B04,85.49,6,80.74,512.94
2024-10-21,PRD-S01,189.99,2,199.49,379.98
2024-10-21,PRD-S02,32.39,13,35.63,414.59
2024-10-21,PRD-S03,142.49,3,151.19,413.22
2024-10-21,PRD-S04,51.99,7,50.39,343.13
2024-10-22,PRD-E01,161.99,4,130.49,647.96
2024-10-22,PRD-E02,199.99,8,185.24,1579.92
2024-10-22,PRD-E03,259.99,0,239.0,0.0
2024-10-22,PRD-E04,59.99,2,54.99,113.98
2024-10-22,PRD-A01,59.79,9,55.8,520.17
2024-10-22,PRD-A02,110.39,7,109.24,756.17
2024-10-22,PRD-A03,48.59,9,47.99,432.45
2024-10-22,PRD-A04,98.79,6,93.1,592.74
2024-10-22,PRD-H01,49.99,4,54.99,194.96
2024-10-22,PRD-H02,159.99,4,157.49,639.96
2024-10-22,PRD-H03,335.99,2,256.49,671.98
2024-10-22,PRD-H04,140.39,6,131.24,842.34
2024-10-22,PRD-B01,33.44,9,44.1,300.96
2024-10-22,PRD-B02,54.0,10,62.64,534.6
2024-10-22,PRD-B03,41.59,6,39.89,249.54
2024-10-22,PRD-B04,85.49,1,80.74,85.49
2024-10-22,PRD-S01,189.99,5,199.49,911.95
2024-10-22,PRD-S02,32.39,6,35.63,184.62
2024-10-22,PRD-S03,142.49,7,151.19,954.71
2024-10-22,PRD-S04,51.99,5,50.39,252.15
2024-10-23,PRD-E01,161.99,8,130.49,1279.72
2024-10-23,PRD-E02,199.99,9,185.24,1789.91
2024-10-23,PRD-E03,259.99,0,239.0,0.0
2024-10-23,PRD-E04,59.99,8,54.99,470.92
2024-10-23,PRD-A01,59.79,4,55.8,233.18
2024-10-23,PRD-A02,110.39,6,109.24,640.26
2024-10-23,PRD-A03,48.59,19,47.99,906.2
2024-10-23,PRD-A04,98.79,7,93.1,671.77
2024-10-23,PRD-H01,49.99,9,54.99,447.41
2024-10-23,PRD-H02,159.99,8,157.49,1279.92
2024-10-23,PRD-H03,335.99,4,256.49,1343.96
2024-10-23,PRD-H04,140.39,3,131.24,421.17
2024-10-23,PRD-B01,33.44,18,44.1,601.92
2024-10-23,PRD-B02,54.0,3,62.64,162.0
2024-10-23,PRD-B03,41.59,7,39.89,291.13
2024-10-23,PRD-B04,85.49,1,80.74,85.49
2024-10-23,PRD-S01,189.99,0,199.49,0.0
2024-10-23,PRD-S02,32.39,6,35.63,187.86
2024-10-23,PRD-S03,142.49,2,151.19,284.98
2024-10-23,PRD-S04,51.99,4,50.39,207.96
2024-10-24,PRD-E01,161.99,6,130.49,947.64
2024-10-24,PRD-E02,199.99,3,185.24,599.97
2024-10-24,PRD-E03,259.99,4,239.0,1039.96
2024-10-24,PRD-E04,59.99,5,54.99,299.95
2024-10-24,PRD-A01,59.79,10,55.8,585.94
2024-10-24,PRD-A02,110.39,2,109.24,220.78
2024-10-24,PRD-A03,48.59,5,47.99,233.23
2024-10-24,PRD-A04,98.79,19,93.1,1827.61
2024-10-24,PRD-H01,49.99,19,54.99,947.31
2024-10-24,PRD-H02,159.99,0,157.49,0.0
2024-10-24,PRD-H03,335.99,4,256.49,1343.96
2024-10-24,PRD-H04,140.39,13,131.24,1789.97
2024-10-24,PRD-B01,33.44,16,44.1,519.99
2024-10-24,PRD-B02,54.0,12,62.64,639.9
2024-10-24,PRD-B03,41.59,10,39.89,411.74
2024-10-24,PRD-B04,85.49,4,80.74,341.96
2024-10-24,PRD-S01,189.99,2,199.49,379.98
2024-10-24,PRD-S02,32.39,9,35.63,291.51
2024-10-24,PRD-S03,142.49,0,151.19,0.0
2024-10-24,PRD-S04,51.99,3,50.39,153.37
2024-10-25,PRD-E01,161.99,11,130.49,1781.89
2024-10-25,PRD-E02,199.99,5,185.24,999.95
2024-10-25,PRD-E03,259.99,6,239.0,1507.94
2024-10-25,PRD-E04,59.99,3,54.99,179.97
2024-10-25,PRD-A01,59.79,20,55.8,1189.82
2024-10-25,PRD-A02,110.39,3,109.24,325.65
2024-10-25,PRD-A03,48.59,19,47.99,881.9
2024-10-25,PRD-A04,98.79,12,93.1,1165.72
2024-10-25,PRD-H01,49.99,11,54.99,539.89
2024-10-25,PRD-H02,159.99,8,157.49,1279.92
2024-10-25,PRD-H03,335.99,2,256.49,638.38
2024-10-25,PRD-H04,140.39,9,131.24,1158.21
2024-10-25,PRD-B01,33.44,17,44.1,545.08
2024-10-25,PRD-B02,54.0,21,62.64,1063.8
2024-10-25,PRD-B03,41.59,2,39.89,81.1
2024-10-25,PRD-B04,85.49,7,80.74,577.08
2024-10-25,PRD-S01,189.99,5,199.49,940.45
2024-10-25,PRD-S02,32.39,5,35.63,157.09
2024-10-25,PRD-S03,142.49,2,151.19,263.61
2024-10-25,PRD-S04,51.99,8,50.39,387.32
2024-10-26,PRD-E01,161.99,5,130.49,801.85
2024-10-26,PRD-E02,199.99,3,185.24,599.97
2024-10-26,PRD-E03,259.99,4,239.0,1000.96
2024-10-26,PRD-E04,59.99,11,54.99,656.89
2024-10-26,PRD-A01,59.79,15,55.8,860.97
2024-10-26,PRD-A02,110.39,3,109.24,325.65
2024-10-26,PRD-A03,48.59,23,47.99,1088.41
2024-10-26,PRD-A04,98.79,2,93.1,197.58
2024-10-26,PRD-H01,49.99,17,54.99,784.83
2024-10-26,PRD-H02,159.99,7,157.49,1103.93
2024-10-26,PRD-H03,335.99,0,256.49,0.0
2024-10-26,PRD-H04,140.39,8,131.24,1123.12
2024-10-26,PRD-B01,33.44,17,44.1,568.48
2024-10-26,PRD-B02,54.0,9,62.64,486.0
2024-10-26,PRD-B03,41.59,13,39.89,524.03
2024-10-26,PRD-B04,85.49,7,80.74,598.43
2024-10-26,PRD-S01,189.99,3,199.49,569.97
2024-10-26,PRD-S02,32.39,14,35.63,453.46
2024-10-26,PRD-S03,142.49,4,151.19,534.34
2024-10-26,PRD-S04,51.99,9,50.39,465.31
2024-10-27,PRD-E01,161.99,5,130.49,785.65
2024-10-27,PRD-E02,199.99,2,185.24,399.98
2024-10-27,PRD-E03,259.99,1,239.0,259.99
2024-10-27,PRD-E04,59.99,8,54.99,470.92
2024-10-27,PRD-A01,59.79,11,55.8,657.69
2024-10-27,PRD-A02,110.39,2,109.24,220.78
2024-10-27,PRD-A03,48.59,12,47.99,546.63
2024-10-27,PRD-A04,98.79,8,93.1,790.32
2024-10-27,PRD-H01,49.99,6,54.99,297.44
2024-10-27,PRD-H02,159.99,8,157.49,1279.92
2024-10-27,PRD-H03,335.99,0,256.49,0.0
2024-10-27,PRD-H04,140.39,2,131.24,280.78
2024-10-27,PRD-B01,33.44,16,44.1,515.0
2024-10-27,PRD-B02,54.0,16,62.64,839.7
2024-10-27,PRD-B03,41.59,7,39.89,291.13
2024-10-27,PRD-B04,85.49,4,80.74,341.96
2024-10-27,PRD-S01,189.99,4,199.49,759.96
2024-10-27,PRD-S02,32.39,5,35.63,161.95
2024-10-27,PRD-S03,142.49,0,151.19,0.0
2024-10-27,PRD-S04,51.99,3,50.39,155.97
2024-10-28,PRD-E01,161.99,2,130.49,323.98
2024-10-28,PRD-E02,199.99,5,185.24,989.95
2024-10-28,PRD-E03,259.99,1,239.0,207.99
2024-10-28,PRD-E04,59.99,1,54.99,59.99
2024-10-28,PRD-A01,59.79,23,55.8,1312.38
2024-10-28,PRD-A02,110.39,16,109.24,1766.24
2024-10-28,PRD-A03,48.59,18,47.99,857.61
2024-10-28,PRD-A04,98.79,9,93.1,869.35
2024-10-28,PRD-H01,49.99,7,54.99,344.93
2024-10-28,PRD-H02,159.99,2,157.49,287.98
2024-10-28,PRD-H03,335.99,1,256.49,335.99
2024-10-28,PRD-H04,140.39,7,131.24,982.73
2024-10-28,PRD-B01,33.44,12,44.1,399.61
2024-10-28,PRD-B02,54.0,11,62.64,572.4
2024-10-28,PRD-B03,41.59,6,39.89,249.54
2024-10-28,PRD-B04,85.49,5,80.74,423.18
2024-10-28,PRD-S01,189.99,9,199.49,1709.91
2024-10-28,PRD-S02,32.39,6,35.63,184.62
2024-10-28,PRD-S03,142.49,1,151.19,128.24
2024-10-28,PRD-S04,51.99,4,50.39,207.96
2024-10-29,PRD-E01,161.99,3,130.49,485.97
2024-10-29,PRD-E02,199.99,6,185.24,1199.94
2024-10-29,PRD-E03,259.99,2,239.0,519.98
2024-10-29,PRD-E04,59.99,9,54.99,536.91
2024-10-29,PRD-A01,59.79,15,55.8,878.91
2024-10-29,PRD-A02,110.39,2,109.24,204.22
2024-10-29,PRD-A03,48.59,12,47.99,575.79
2024-10-29,PRD-A04,98.79,4,93.1,395.16
2024-10-29,PRD-H01,49.99,3,54.99,147.47
2024-10-29,PRD-H02,159.99,6,157.49,943.94
2024-10-29,PRD-H03,335.99,0,256.49,0.0
2024-10-29,PRD-H04,140.39,14,131.24,1965.46
2024-10-29,PRD-B01,33.44,23,44.1,737.39
2024-10-29,PRD-B02,54.0,5,62.64,267.3
2024-10-29,PRD-B03,41.59,5,39.89,203.79
2024-10-29,PRD-B04,85.49,12,80.74,1025.88
2024-10-29,PRD-S01,189.99,1,199.49,170.99
2024-10-29,PRD-S02,32.39,5,35.63,155.47
2024-10-29,PRD-S03,142.49,4,151.19,562.84
2024-10-29,PRD-S04,51.99,4,50.39,205.36
2024-10-30,PRD-E01,161.99,6,130.49,971.94
2024-10-30,PRD-E02,199.99,7,185.24,1349.93
2024-10-30,PRD-E03,259.99,1,239.0,259.99
2024-10-30,PRD-E04,59.99,8,54.99,458.92
2024-10-30,PRD-A01,59.79,8,55.8,478.32
2024-10-30,PRD-A02,110.39,3,109.24,331.17
2024-10-30,PRD-A03,48.59,11,47.99,529.63
2024-10-30,PRD-A04,98.79,7,93.1,691.53
2024-10-30,PRD-H01,49.99,17,54.99,847.33
2024-10-30,PRD-H02,159.99,2,157.49,319.98
2024-10-30,PRD-H03,335.99,0,256.49,0.0
2024-10-30,PRD-H04,140.39,10,131.24,1333.7
2024-10-30,PRD-B01,33.44,9,44.1,295.94
2024-10-30,PRD-B02,54.0,14,62.64,745.2
2024-10-30,PRD-B03,41.59,2,39.89,83.18
2024-10-30,PRD-B04,85.49,5,80.74,427.45
2024-10-30,PRD-S01,189.99,2,199.49,379.98
2024-10-30,PRD-S02,32.39,12,35.63,385.44
2024-10-30,PRD-S03,142.49,1,151.19,142.49
2024-10-30,PRD-S04,51.99,2,50.39,103.98
2024-10-31,PRD-E01,161.99,7,130.49,1133.93
2024-10-31,PRD-E02,199.99,2,185.24,399.98
2024-10-31,PRD-E03,259.99,5,239.0,1195.95
2024-10-31,PRD-E04,59.99,4,54.99,233.96
2024-10-31,PRD-A01,59.79,7,55.8,418.53
2024-10-31,PRD-A02,110.39,11,109.24,1181.17
2024-10-31,PRD-A03,48.59,14,47.99,670.54
2024-10-31,PRD-A04,98.79,11,93.1,1076.81
2024-10-31,PRD-H01,49.99,10,54.99,462.4
2024-10-31,PRD-H02,159.99,2,157.49,319.98
2024-10-31,PRD-H03,335.99,1,256.49,319.19
2024-10-31,PRD-H04,140.39,4,131.24,561.56
2024-10-31,PRD-B01,33.44,13,44.1,434.72
2024-10-31,PRD-B02,54.0,10,62.64,540.0
2024-10-31,PRD-B03,41.59,9,39.89,365.99
2024-10-31,PRD-B04,85.49,12,80.74,1004.52
2024-10-31,PRD-S01,189.99,10,199.49,1861.9
2024-10-31,PRD-S02,32.39,10,35.63,322.28
2024-10-31,PRD-S03,142.49,3,151.19,420.35
2024-10-31,PRD-S04,51.99,3,50.39,155.97
2024-11-01,PRD-E01,161.99,9,130.49,1409.31
2024-11-01,PRD-E02,199.99,10,185.24,1999.9
2024-11-01,PRD-E03,259.99,6,239.0,1507.94
2024-11-01,PRD-E04,59.99,9,54.99,533.91
2024-11-01,PRD-A01,59.79,4,55.8,233.18
2024-11-01,PRD-A02,110.39,9,109.24,993.51
2024-11-01,PRD-A03,48.59,9,47.99,422.73
2024-11-01,PRD-A04,98.79,4,93.1,395.16
2024-11-01,PRD-H01,49.99,4,54.99,199.96
2024-11-01,PRD-H02,159.99,1,157.49,159.99
2024-11-01,PRD-H03,335.99,1,256.49,335.99
2024-11-01,PRD-H04,140.39,15,131.24,2077.77
2024-11-01,PRD-B01,33.44,19,44.1,627.0
2024-11-01,PRD-B02,54.0,2,62.64,108.0
2024-11-01,PRD-B03,41.59,12,39.89,499.08
2024-11-01,PRD-B04,85.49,5,80.74,414.63
2024-11-01,PRD-S01,189.99,10,199.49,1899.9
2024-11-01,PRD-S02,32.39,7,35.63,213.77
2024-11-01,PRD-S03,142.49,9,151.19,1282.41
2024-11-01,PRD-S04,51.99,2,50.39,103.98
2024-11-02,PRD-E01,161.99,7,130.49,1117.73
2024-11-02,PRD-E02,199.99,4,185.24,799.96
2024-11-02,PRD-E03,259.99,2,239.0,506.98
2024-11-02,PRD-E04,59.99,21,54.99,1238.79
2024-11-02,PRD-A01,59.79,20,55.8,1156.93
2024-11-02,PRD-A02,110.39,3,109.24,331.17
2024-11-02,PRD-A03,48.59,30,47.99,1455.27
2024-11-02,PRD-A04,98.79,7,93.1,691.53
2024-11-02,PRD-H01,49.99,16,54.99,789.84
2024-11-02,PRD-H02,159.99,1,157.49,159.99
2024-11-02,PRD-H03,335.99,5,256.49,1646.35
2024-11-02,PRD-H04,140.39,9,131.24,1242.45
2024-11-02,PRD-B01,33.44,33,44.1,1103.52
2024-11-02,PRD-B02,54.0,14,62.64,747.9
2024-11-02,PRD-B03,41.59,15,39.89,613.45
2024-11-02,PRD-B04,85.49,17,80.74,1436.23
2024-11-02,PRD-S01,189.99,3,199.49,560.47
2024-11-02,PRD-S02,32.39,7,35.63,226.73
2024-11-02,PRD-S03,142.49,3,151.19,427.47
2024-11-02,PRD-S04,51.99,3,50.39,155.97
2024-11-03,PRD-E01,161.99,7,130.49,1133.93
2024-11-03,PRD-E02,199.99,6,185.24,1179.94
2024-11-03,PRD-E03,259.99,6,239.0,1533.94
2024-11-03,PRD-E04,59.99,7,54.99,419.93
2024-11-03,PRD-A01,59.79,22,55.8,1306.41
2024-11-03,PRD-A02,110.39,15,109.24,1655.85
2024-11-03,PRD-A03,48.59,17,47.99,813.88
2024-11-03,PRD-A04,98.79,5,93.1,493.95
2024-11-03,PRD-H01,49.99,22,54.99,1089.78
2024-11-03,PRD-H02,159.99,1,157.49,159.99
2024-11-03,PRD-H03,335.99,3,256.49,991.17
2024-11-03,PRD-H04,140.39,13,131.24,1789.97
2024-11-03,PRD-B01,33.44,8,44.1,260.84
2024-11-03,PRD-B02,54.0,20,62.64,1050.3
2024-11-03,PRD-B03,41.59,6,39.89,245.38
2024-11-03,PRD-B04,85.49,12,80.74,1013.07
2024-11-03,PRD-S01,189.99,12,199.49,2203.88
2024-11-03,PRD-S02,32.39,13,35.63,417.83
2024-11-03,PRD-S03,142.49,2,151.19,284.98
2024-11-03,PRD-S04,51.99,5,50.39,244.35
2024-11-04,PRD-E01,137.99,11,130.49,1510.99
2024-11-04,PRD-E02,183.99,10,185.24,1839.9
2024-11-04,PRD-E03,229.99,11,239.0,2437.89
2024-11-04,PRD-E04,59.99,5,54.99,299.95
2024-11-04,PRD-A01,64.99,14,55.8,896.86
2024-11-04,PRD-A02,105.59,15,109.24,1525.77
2024-11-04,PRD-A03,44.99,23,47.99,996.52
2024-11-04,PRD-A04,87.39,9,93.1,786.51
2024-11-04,PRD-H01,47.49,15,54.99,705.23
2024-11-04,PRD-H02,159.99,1,157.49,159.99
2024-11-04,PRD-H03,335.99,6,256.49,2015.94
2024-11-04,PRD-H04,129.99,6,131.24,747.44
2024-11-04,PRD-B01,39.52,17,44.1,661.96
2024-11-04,PRD-B02,58.32,8,62.64,463.64
2024-11-04,PRD-B03,43.19,9,39.89,375.75
2024-11-04,PRD-B04,79.19,16,80.74,1267.04
2024-11-04,PRD-S01,215.99,2,199.49,388.78
2024-11-04,PRD-S02,27.59,4,35.63,102.08
2024-11-04,PRD-S03,142.49,3,151.19,427.47
2024-11-04,PRD-S04,49.99,2,50.39,99.98
2024-11-05,PRD-E01,137.99,8,130.49,1103.92
2024-11-05,PRD-E02,183.99,6,185.24,1085.54
2024-11-05,PRD-E03,229.99,6,239.0,1333.94
2024-11-05,PRD-E04,59.99,7,54.99,413.93
2024-11-05,PRD-A01,64.99,5,55.8,308.7
2024-11-05,PRD-A02,105.59,2,109.24,205.9
2024-11-05,PRD-A03,44.99,14,47.99,623.11
2024-11-05,PRD-A04,87.39,7,93.1,602.99
2024-11-05,PRD-H01,47.49,19,54.99,895.19
2024-11-05,PRD-H02,159.99,2,157.49,319.98
2024-11-05,PRD-H03,335.99,2,256.49,638.38
2024-11-05,PRD-H04,129.99,4,131.24,493.96
2024-11-05,PRD-B01,39.52,14,44.1,533.53
2024-11-05,PRD-B02,58.32,9,62.64,521.96
2024-11-05,PRD-B03,43.19,4,39.89,161.96
2024-11-05,PRD-B04,79.19,10,80.74,787.94
2024-11-05,PRD-S01,215.99,0,199.49,0.0
2024-11-05,PRD-S02,27.59,10,35.63,271.76
2024-11-05,PRD-S03,142.49,1,151.19,142.49
2024-11-05,PRD-S04,49.99,3,50.39,139.97
2024-11-06,PRD-E01,137.99,11,130.49,1504.09
2024-11-06,PRD-E02,183.99,3,185.24,551.97
2024-11-06,PRD-E03,229.99,4,239.0,896.96
2024-11-06,PRD-E04,59.99,1,54.99,59.99
2024-11-06,PRD-A01,64.99,6,55.8,386.69
2024-11-06,PRD-A02,105.59,8,109.24,844.72
2024-11-06,PRD-A03,44.99,20,47.99,886.3
2024-11-06,PRD-A04,87.39,4,93.1,349.56
2024-11-06,PRD-H01,47.49,15,54.99,700.5
2024-11-06,PRD-H02,159.99,5,157.49,759.95
2024-11-06,PRD-H03,335.99,1,256.49,335.99
2024-11-06,PRD-H04,129.99,11,131.24,1429.89
2024-11-06,PRD-B01,39.52,15,44.1,586.87
2024-11-06,PRD-B02,58.32,10,62.64,559.88
2024-11-06,PRD-B03,43.19,4,39.89,172.76
2024-11-06,PRD-B04,79.19,18,80.74,1369.98
2024-11-06,PRD-S01,215.99,2,199.49,388.78
2024-11-06,PRD-S02,27.59,7,35.63,182.09
2024-11-06,PRD-S03,142.49,4,151.19,569.96
2024-11-06,PRD-S04,49.99,4,50.39,199.96
2024-11-07,PRD-E01,137.99,7,130.49,959.03
2024-11-07,PRD-E02,183.99,10,185.24,1839.9
2024-11-07,PRD-E03,229.99,6,239.0,1379.94
2024-11-07,PRD-E04,59.99,13,54.99,773.87
2024-11-07,PRD-A01,64.99,25,55.8,1559.75
2024-11-07,PRD-A02,105.59,6,109.24,633.54
2024-11-07,PRD-A03,44.99,10,47.99,431.9
2024-11-07,PRD-A04,87.39,9,93.1,786.51
2024-11-07,PRD-H01,47.49,5,54.99,237.45
2024-11-07,PRD-H02,159.99,0,157.49,0.0
2024-11-07,PRD-H03,335.99,2,256.49,671.98
2024-11-07,PRD-H04,129.99,13,131.24,1683.37
2024-11-07,PRD-B01,39.52,8,44.1,314.18
2024-11-07,PRD-B02,58.32,16,62.64,930.2
2024-11-07,PRD-B03,43.19,7,39.89,298.01
2024-11-07,PRD-B04,79.19,9,80.74,712.71
2024-11-07,PRD-S01,215.99,1,199.49,215.99
2024-11-07,PRD-S02,27.59,14,35.63,386.26
2024-11-07,PRD-S03,142.49,5,151.19,712.45
2024-11-07,PRD-S04,49.99,8,50.39,394.92
2024-11-08,PRD-E01,137.99,23,130.49,3153.07
2024-11-08,PRD-E02,183.99,8,185.24,1471.92
2024-11-08,PRD-E03,229.99,3,239.0,678.47
2024-11-08,PRD-E04,59.99,11,54.99,653.89
2024-11-08,PRD-A01,64.99,7,55.8,454.93
2024-11-08,PRD-A02,105.59,5,109.24,527.95
2024-11-08,PRD-A03,44.99,8,47.99,357.67
2024-11-08,PRD-A04,87.39,4,93.1,345.19
2024-11-08,PRD-H01,47.49,22,54.99,1037.66
2024-11-08,PRD-H02,159.99,2,157.49,319.98
2024-11-08,PRD-H03,335.99,1,256.49,335.99
2024-11-08,PRD-H04,129.99,13,131.24,1650.87
2024-11-08,PRD-B01,39.52,11,44.1,414.97
2024-11-08,PRD-B02,58.32,11,62.64,638.6
2024-11-08,PRD-B03,43.19,2,39.89,86.38
2024-11-08,PRD-B04,79.19,5,80.74,395.95
2024-11-08,PRD-S01,215.99,1,199.49,215.99
2024-11-08,PRD-S02,27.59,28,35.63,757.34
2024-11-08,PRD-S03,142.49,0,151.19,0.0
2024-11-08,PRD-S04,49.99,8,50.39,389.92
2024-11-09,PRD-E01,137.99,21,130.49,2863.29
2024-11-09,PRD-E02,183.99,13,185.24,2364.27
2024-11-09,PRD-E03,229.99,4,239.0,919.96
2024-11-09,PRD-E04,59.99,9,54.99,506.91
2024-11-09,PRD-A01,64.99,23,55.8,1494.77
2024-11-09,PRD-A02,105.59,4,109.24,417.08
2024-11-09,PRD-A03,44.99,13,47.99,575.87
2024-11-09,PRD-A04,87.39,8,93.1,694.75
2024-11-09,PRD-H01,47.49,22,54.99,1006.78
2024-11-09,PRD-H02,159.99,2,157.49,319.98
2024-11-09,PRD-H03,335.99,11,256.49,3494.29
2024-11-09,PRD-H04,129.99,11,131.24,1423.39
2024-11-09,PRD-B01,39.52,10,44.1,387.3
2024-11-09,PRD-B02,58.32,7,62.64,399.49
2024-11-09,PRD-B03,43.19,17,39.89,727.75
2024-11-09,PRD-B04,79.19,13,80.74,1005.71
2024-11-09,PRD-S01,215.99,6,199.49,1274.34
2024-11-09,PRD-S02,27.59,23,35.63,619.39
2024-11-09,PRD-S03,142.49,1,151.19,142.49
2024-11-09,PRD-S04,49.99,5,50.39,244.95
2024-11-10,PRD-E01,137.99,9,130.49,1214.31
2024-11-10,PRD-E02,183.99,11,185.24,1895.09
2024-11-10,PRD-E03,229.99,2,239.0,448.48
2024-11-10,PRD-E04,59.99,24,54.99,1421.76
2024-11-10,PRD-A01,64.99,15,55.8,971.6
2024-11-10,PRD-A02,105.59,4,109.24,422.36
2024-11-10,PRD-A03,44.99,18,47.99,800.82
2024-11-10,PRD-A04,87.39,7,93.1,598.62
2024-11-10,PRD-H01,47.49,19,54.99,876.19
2024-11-10,PRD-H02,159.99,1,157.49,159.99
2024-11-10,PRD-H03,335.99,0,256.49,0.0
2024-11-10,PRD-H04,129.99,16,131.24,2079.84
2024-11-10,PRD-B01,39.52,27,44.1,1047.28
2024-11-10,PRD-B02,58.32,8,62.64,454.88
2024-11-10,PRD-B03,43.19,6,39.89,246.18
2024-11-10,PRD-B04,79.19,20,80.74,1583.8
2024-11-10,PRD-S01,215.99,4,199.49,863.96
2024-11-10,PRD-S02,27.59,10,35.63,270.38
2024-11-10,PRD-S03,142.49,7,151.19,997.43
2024-11-10,PRD-S04,49.99,3,50.39,149.97
2024-11-11,PRD-E01,137.99,20,130.49,2732.2
2024-11-11,PRD-E02,183.99,12,194.99,2180.28
2024-11-11,PRD-E03,229.99,2,250.95,459.98
2024-11-11,PRD-E04,59.99,11,54.99,650.89
2024-11-11,PRD-A01,64.99,5,65.1,324.95
2024-11-11,PRD-A02,105.59,5,114.99,501.55
2024-11-11,PRD-A03,44.99,16,43.19,713.09
2024-11-11,PRD-A04,87.39,9,102.9,782.14
2024-11-11,PRD-H01,47.49,10,57.74,455.9
2024-11-11,PRD-H02,159.99,0,149.99,0.0
2024-11-11,PRD-H03,335.99,0,284.99,0.0
2024-11-11,PRD-H04,129.99,7,112.49,903.43
2024-11-11,PRD-B01,39.52,8,44.1,308.26
2024-11-11,PRD-B02,58.32,14,55.1,796.07
2024-11-11,PRD-B03,43.19,10,37.99,427.58
2024-11-11,PRD-B04,79.19,8,80.74,633.52
2024-11-11,PRD-S01,215.99,8,170.99,1673.92
2024-11-11,PRD-S02,27.59,10,29.69,273.14
2024-11-11,PRD-S03,142.49,8,139.99,1139.92
2024-11-11,PRD-S04,49.99,6,50.39,287.44
2024-11-12,PRD-E01,137.99,11,130.49,1517.89
2024-11-12,PRD-E02,183.99,11,194.99,2014.69
2024-11-12,PRD-E03,229.99,4,250.95,919.96
2024-11-12,PRD-E04,59.99,11,54.99,644.89
2024-11-12,PRD-A01,64.99,5,65.1,321.7
2024-11-12,PRD-A02,105.59,9,114.99,950.31
2024-11-12,PRD-A03,44.99,11,43.19,476.89
2024-11-12,PRD-A04,87.39,7,102.9,607.36
2024-11-12,PRD-H01,47.49,24,57.74,1104.16
2024-11-12,PRD-H02,159.99,3,149.99,479.97
2024-11-12,PRD-H03,335.99,1,284.99,335.99
2024-11-12,PRD-H04,129.99,15,112.49,1936.85
2024-11-12,PRD-B01,39.52,14,44.1,547.35
2024-11-12,PRD-B02,58.32,8,55.1,457.81
2024-11-12,PRD-B03,43.19,2,37.99,86.38
2024-11-12,PRD-B04,79.19,12,80.74,942.36
2024-11-12,PRD-S01,215.99,1,170.99,215.99
2024-11-12,PRD-S02,27.59,6,29.69,165.54
2024-11-12,PRD-S03,142.49,3,139.99,427.47
2024-11-12,PRD-S04,49.99,5,50.39,249.95
2024-11-13,PRD-E01,137.99,4,130.49,551.96
2024-11-13,PRD-E02,183.99,9,194.99,1646.71
2024-11-13,PRD-E03,229.99,7,250.95,1586.93
2024-11-13,PRD-E04,59.99,8,54.99,470.92
2024-11-13,PRD-A01,64.99,8,65.1,516.67
2024-11-13,PRD-A02,105.59,2,114.99,200.62
2024-11-13,PRD-A03,44.99,12,43.19,526.38
2024-11-13,PRD-A04,87.39,6,102.9,498.12
2024-11-13,PRD-H01,47.49,12,57.74,565.14
2024-11-13,PRD-H02,159.99,3,149.99,479.97
2024-11-13,PRD-H03,335.99,6,284.99,1931.94
2024-11-13,PRD-H04,129.99,5,112.49,643.45
2024-11-13,PRD-B01,39.52,25,44.1,988.0
2024-11-13,PRD-B02,58.32,8,55.1,446.15
2024-11-13,PRD-B03,43.19,8,37.99,345.52
2024-11-13,PRD-B04,79.19,9,80.74,696.87
2024-11-13,PRD-S01,215.99,1,170.99,215.99
2024-11-13,PRD-S02,27.59,12,29.69,324.18
2024-11-13,PRD-S03,142.49,4,139.99,569.96
2024-11-13,PRD-S04,49.99,8,50.39,399.92
2024-11-14,PRD-E01,137.99,17,130.49,2332.03
2024-11-14,PRD-E02,183.99,15,194.99,2759.85
2024-11-14,PRD-E03,229.99,1,250.95,229.99
2024-11-14,PRD-E04,59.99,1,54.99,56.99
2024-11-14,PRD-A01,64.99,7,65.1,454.93
2024-11-14,PRD-A02,105.59,1,114.99,105.59
2024-11-14,PRD-A03,44.99,18,43.19,796.32
2024-11-14,PRD-A04,87.39,5,102.9,436.95
2024-11-14,PRD-H01,47.49,10,57.74,474.9
2024-11-14,PRD-H02,159.99,4,149.99,639.96
2024-11-14,PRD-H03,335.99,11,284.99,3695.89
2024-11-14,PRD-H04,129.99,10,112.49,1267.4
2024-11-14,PRD-B01,39.52,12,44.1,456.46
2024-11-14,PRD-B02,58.32,16,55.1,901.04
2024-11-14,PRD-B03,43.19,7,37.99,302.33
2024-11-14,PRD-B04,79.19,26,80.74,2047.06
2024-11-14,PRD-S01,215.99,1,170.99,215.99
2024-11-14,PRD-S02,27.59,10,29.69,266.24
2024-11-14,PRD-S03,142.49,5,139.99,712.45
2024-11-14,PRD-S04,49.99,4,50.39,199.96
2024-11-15,PRD-E01,137.99,13,130.49,1759.37
2024-11-15,PRD-E02,183.99,9,194.99,1609.91
2024-11-15,PRD-E03,229.99,7,250.95,1586.93
2024-11-15,PRD-E04,59.99,11,54.99,647.89
2024-11-15,PRD-A01,64.99,14,65.1,906.61
2024-11-15,PRD-A02,105.59,2,114.99,211.18
2024-11-15,PRD-A03,44.99,35,43.19,1558.9
2024-11-15,PRD-A04,87.39,8,102.9,576.76
2024-11-15,PRD-H01,47.49,9,57.74,420.29
2024-11-15,PRD-H02,159.99,3,149.99,447.97
2024-11-15,PRD-H03,335.99,3,284.99,1007.97
2024-11-15,PRD-H04,129.99,18,112.49,2307.32
2024-11-15,PRD-B01,39.52,10,44.1,391.24
2024-11-15,PRD-B02,58.32,17,55.1,973.94
2024-11-15,PRD-B03,43.19,3,37.99,120.93
2024-11-15,PRD-B04,79.19,6,80.74,471.18
2024-11-15,PRD-S01,215.99,4,170.99,820.76
2024-11-15,PRD-S02,27.59,6,29.69,164.16
2024-11-15,PRD-S03,142.49,1,139.99,142.49
2024-11-15,PRD-S04,49.99,3,50.39,149.97
2024-11-16,PRD-E01,137.99,3,130.49,413.97
2024-11-16,PRD-E02,183.99,8,194.99,1453.52
2024-11-16,PRD-E03,229.99,5,250.95,1149.95
2024-11-16,PRD-E04,59.99,8,54.99,470.92
2024-11-16,PRD-A01,64.99,16,65.1,1020.34
2024-11-16,PRD-A02,105.59,2,114.99,200.62
2024-11-16,PRD-A03,44.99,11,43.19,488.14
2024-11-16,PRD-A04,87.39,5,102.9,436.95
2024-11-16,PRD-H01,47.49,19,57.74,885.69
2024-11-16,PRD-H02,159.99,1,149.99,159.99
2024-11-16,PRD-H03,335.99,1,284.99,335.99
2024-11-16,PRD-H04,129.99,15,112.49,1949.85
2024-11-16,PRD-B01,39.52,16,44.1,594.79
2024-11-16,PRD-B02,58.32,28,55.1,1597.94
2024-11-16,PRD-B03,43.19,9,37.99,388.71
2024-11-16,PRD-B04,79.19,5,80.74,395.95
2024-11-16,PRD-S01,215.99,4,170.99,853.16
2024-11-16,PRD-S02,27.59,9,29.69,237.27
2024-11-16,PRD-S03,142.49,2,139.99,256.48
2024-11-16,PRD-S04,49.99,6,50.39,289.94
2024-11-17,PRD-E01,137.99,10,130.49,1297.1
2024-11-17,PRD-E02,183.99,24,194.99,4342.16
2024-11-17,PRD-E03,229.99,10,250.95,2230.9
2024-11-17,PRD-E04,59.99,9,54.99,539.91
2024-11-17,PRD-A01,64.99,4,65.1,259.96
2024-11-17,PRD-A02,105.59,7,114.99,739.13
2024-11-17,PRD-A03,44.99,12,43.19,533.13
2024-11-17,PRD-A04,87.39,5,102.9,436.95
2024-11-17,PRD-H01,47.49,15,57.74,712.35
2024-11-17,PRD-H02,159.99,3,149.99,447.97
2024-11-17,PRD-H03,335.99,6,284.99,1999.14
2024-11-17,PRD-H04,129.99,8,112.49,1033.42
2024-11-17,PRD-B01,39.52,13,44.1,501.9
2024-11-17,PRD-B02,58.32,7,55.1,402.41
2024-11-17,PRD-B03,43.19,15,37.99,643.53
2024-11-17,PRD-B04,79.19,14,80.74,1100.74
2024-11-17,PRD-S01,215.99,0,170.99,0.0
2024-11-17,PRD-S02,27.59,11,29.69,296.59
2024-11-17,PRD-S03,142.49,2,139.99,284.98
2024-11-17,PRD-S04,49.99,5,50.39,249.95
2024-11-18,PRD-E01,149.99,9,130.49,1349.91
2024-11-18,PRD-E02,183.99,8,194.99,1471.92
2024-11-18,PRD-E03,237.49,2,250.95,474.98
2024-11-18,PRD-E04,59.99,11,54.99,659.89
2024-11-18,PRD-A01,59.79,9,65.1,505.22
2024-11-18,PRD-A02,129.59,1,114.99,129.59
2024-11-18,PRD-A03,42.74,12,43.19,502.19
2024-11-18,PRD-A04,102.59,5,102.9,492.43
2024-11-18,PRD-H01,49.99,8,57.74,397.42
2024-11-18,PRD-H02,151.99,2,149.99,303.98
2024-11-18,PRD-H03,311.99,6,284.99,1778.34
2024-11-18,PRD-H04,135.19,3,112.49,392.05
2024-11-18,PRD-B01,38.0,22,44.1,818.9
2024-11-18,PRD-B02,54.0,12,55.1,645.3
2024-11-18,PRD-B03,35.19,19,37.99,624.61
2024-11-18,PRD-B04,97.19,7,80.74,675.47
2024-11-18,PRD-S01,199.99,2,170.99,399.98
2024-11-18,PRD-S02,31.19,9,29.69,268.23
2024-11-18,PRD-S03,161.99,6,139.99,971.94
2024-11-18,PRD-S04,49.99,6,50.39,299.94
2024-11-19,PRD-E01,149.99,13,130.49,1949.87
2024-11-19,PRD-E02,183.99,2,194.99,367.98
2024-11-19,PRD-E03,237.49,3,250.95,688.72
2024-11-19,PRD-E04,59.99,16,54.99,950.84
2024-11-19,PRD-A01,59.79,13,65.1,774.28
2024-11-19,PRD-A02,129.59,2,114.99,239.74
2024-11-19,PRD-A03,42.74,20,43.19,833.42
2024-11-19,PRD-A04,102.59,3,102.9,307.77
2024-11-19,PRD-H01,49.99,5,57.74,244.95
2024-11-19,PRD-H02,151.99,8,149.99,1215.92
2024-11-19,PRD-H03,311.99,7,284.99,2183.93
2024-11-19,PRD-H04,135.19,8,112.49,1054.48
2024-11-19,PRD-B01,38.0,15,44.1,568.1
2024-11-19,PRD-B02,54.0,30,55.1,1541.7
2024-11-19,PRD-B03,35.19,8,37.99,281.52
2024-11-19,PRD-B04,97.19,4,80.74,388.76
2024-11-19,PRD-S01,199.99,4,170.99,759.96
2024-11-19,PRD-S02,31.19,7,29.69,218.33
2024-11-19,PRD-S03,161.99,3,139.99,485.97
2024-11-19,PRD-S04,49.99,1,50.39,49.99
2024-11-20,PRD-E01,149.99,35,130.49,5212.15
2024-11-20,PRD-E02,183.99,3,194.99,533.57
2024-11-20,PRD-E03,237.49,8,250.95,1864.3
2024-11-20,PRD-E04,59.99,9,54.99,536.91
2024-11-20,PRD-A01,59.79,9,65.1,529.14
2024-11-20,PRD-A02,129.59,2,114.99,259.18
2024-11-20,PRD-A03,42.74,14,43.19,596.22
2024-11-20,PRD-A04,102.59,4,102.9,410.36
2024-11-20,PRD-H01,49.99,4,57.74,199.96
2024-11-20,PRD-H02,151.99,11,149.99,1535.09
2024-11-20,PRD-H03,311.99,1,284.99,296.39
2024-11-20,PRD-H04,135.19,6,112.49,763.82
2024-11-20,PRD-B01,38.0,11,44.1,410.4
2024-11-20,PRD-B02,54.0,8,55.1,426.6
2024-11-20,PRD-B03,35.19,9,37.99,316.71
2024-11-20,PRD-B04,97.19,4,80.74,379.04
2024-11-20,PRD-S01,199.99,1,170.99,199.99
2024-11-20,PRD-S02,31.19,4,29.69,124.76
2024-11-20,PRD-S03,161.99,2,139.99,323.98
2024-11-20,PRD-S04,49.99,7,50.39,349.93
2024-11-21,PRD-E01,149.99,12,130.49,1739.88
2024-11-21,PRD-E02,183.99,14,194.99,2575.86
2024-11-21,PRD-E03,237.49,2,250.95,474.98
2024-11-21,PRD-E04,59.99,11,54.99,653.89
2024-11-21,PRD-A01,59.79,5,65.1,298.95
2024-11-21,PRD-A02,129.59,5,114.99,647.95
2024-11-21,PRD-A03,42.74,13,43.19,542.8
2024-11-21,PRD-A04,102.59,4,102.9,410.36
2024-11-21,PRD-H01,49.99,12,57.74,594.88
2024-11-21,PRD-H02,151.99,3,149.99,455.97
2024-11-21,PRD-H03,311.99,2,284.99,623.98
2024-11-21,PRD-H04,135.19,4,112.49,540.76
2024-11-21,PRD-B01,38.0,13,44.1,463.6
2024-11-21,PRD-B02,54.0,7,55.1,378.0
2024-11-21,PRD-B03,35.19,6,37.99,207.62
2024-11-21,PRD-B04,97.19,17,80.74,1632.79
2024-11-21,PRD-S01,199.99,4,170.99,789.96
2024-11-21,PRD-S02,31.19,10,29.69,307.22
2024-11-21,PRD-S03,161.99,0,139.99,0.0
2024-11-21,PRD-S04,49.99,9,50.39,449.91
2024-11-22,PRD-E01,149.99,19,130.49,2804.81
2024-11-22,PRD-E02,183.99,9,194.99,1545.51
2024-11-22,PRD-E03,237.49,2,250.95,474.98
2024-11-22,PRD-E04,59.99,7,54.99,398.93
2024-11-22,PRD-A01,59.79,22,65.1,1315.38
2024-11-22,PRD-A02,129.59,2,114.99,259.18
2024-11-22,PRD-A03,42.74,11,43.19,470.14
2024-11-22,PRD-A04,102.59,1,102.9,102.59
2024-11-22,PRD-H01,49.99,14,57.74,689.86
2024-11-22,PRD-H02,151.99,7,149.99,1048.73
2024-11-22,PRD-H03,311.99,7,284.99,2059.13
2024-11-22,PRD-H04,135.19,7,112.49,939.57
2024-11-22,PRD-B01,38.0,12,44.1,450.3
2024-11-22,PRD-B02,54.0,2,55.1,108.0
2024-11-22,PRD-B03,35.19,0,37.99,0.0
2024-11-22,PRD-B04,97.19,10,80.74,855.26
2024-11-22,PRD-S01,199.99,13,170.99,2599.87
2024-11-22,PRD-S02,31.19,13,29.69,396.11
2024-11-22,PRD-S03,161.99,0,139.99,0.0
2024-11-22,PRD-S04,49.99,6,50.39,292.44
2024-11-23,PRD-E01,149.99,24,130.49,3554.76
2024-11-23,PRD-E02,183.99,10,194.99,1839.9
2024-11-23,PRD-E03,237.49,13,250.95,3087.37
2024-11-23,PRD-E04,59.99,5,54.99,287.95
2024-11-23,PRD-A01,59.79,11,65.1,651.71
2024-11-23,PRD-A02,129.59,5,114.99,602.59
2024-11-23,PRD-A03,42.74,22,43.19,912.52
2024-11-23,PRD-A04,102.59,7,102.9,718.13
2024-11-23,PRD-H01,49.99,32,57.74,1537.18
2024-11-23,PRD-H02,151.99,11,149.99,1649.09
2024-11-23,PRD-H03,311.99,5,284.99,1559.95
2024-11-23,PRD-H04,135.19,9,112.49,1189.67
2024-11-23,PRD-B01,38.0,20,44.1,760.0
2024-11-23,PRD-B02,54.0,11,55.1,594.0
2024-11-23,PRD-B03,35.19,11,37.99,387.09
2024-11-23,PRD-B04,97.19,8,80.74,758.08
2024-11-23,PRD-S01,199.99,0,170.99,0.0
2024-11-23,PRD-S02,31.19,8,29.69,246.4
2024-11-23,PRD-S03,161.99,4,139.99,647.96
2024-11-23,PRD-S04,49.99,4,50.39,184.96
2024-11-24,PRD-E01,149.99,11,130.49,1627.39
2024-11-24,PRD-E02,183.99,19,194.99,3468.21
2024-11-24,PRD-E03,237.49,4,250.95,949.96
2024-11-24,PRD-E04,59.99,17,54.99,1019.83
2024-11-24,PRD-A01,59.79,14,65.1,825.1
2024-11-24,PRD-A02,129.59,3,114.99,388.77
2024-11-24,PRD-A03,42.74,21,43.19,895.4
2024-11-24,PRD-A04,102.59,5,102.9,512.95
2024-11-24,PRD-H01,49.99,16,57.74,772.34
2024-11-24,PRD-H02,151.99,6,149.99,911.94
2024-11-24,PRD-H03,311.99,5,284.99,1513.15
2024-11-24,PRD-H04,135.19,9,112.49,1216.71
2024-11-24,PRD-B01,38.0,15,44.1,533.9
2024-11-24,PRD-B02,54.0,14,55.1,745.2
2024-11-24,PRD-B03,35.19,38,37.99,1328.42
2024-11-24,PRD-B04,97.19,4,80.74,379.04
2024-11-24,PRD-S01,199.99,5,170.99,989.95
2024-11-24,PRD-S02,31.19,11,29.69,339.97
2024-11-24,PRD-S03,161.99,0,139.99,0.0
2024-11-24,PRD-S04,49.99,1,50.39,49.99
2024-11-25,PRD-E01,149.99,6,130.49,899.94
2024-11-25,PRD-E02,183.99,14,194.99,2548.26
2024-11-25,PRD-E03,237.49,3,250.95,688.72
2024-11-25,PRD-E04,59.99,19,54.99,1076.81
2024-11-25,PRD-A01,59.79,9,65.1,529.14
2024-11-25,PRD-A02,129.59,3,114.99,388.77
2024-11-25,PRD-A03,42.74,18,43.19,739.4
2024-11-25,PRD-A04,102.59,3,102.9,307.77
2024-11-25,PRD-H01,49.99,10,57.74,487.4
2024-11-25,PRD-H02,151.99,1,149.99,151.99
2024-11-25,PRD-H03,311.99,6,284.99,1856.34
2024-11-25,PRD-H04,135.19,11,112.49,1480.33
2024-11-25,PRD-B01,38.0,16,44.1,594.7
2024-11-25,PRD-B02,54.0,8,55.1,432.0
2024-11-25,PRD-B03,35.19,2,37.99,70.38
2024-11-25,PRD-B04,97.19,7,80.74,670.61
2024-11-25,PRD-S01,199.99,10,170.99,1969.9
2024-11-25,PRD-S02,31.19,11,29.69,338.41
2024-11-25,PRD-S03,161.99,0,139.99,0.0
2024-11-25,PRD-S04,49.99,6,50.39,294.94
2024-11-26,PRD-E01,149.99,10,130.49,1499.9
2024-11-26,PRD-E02,183.99,11,194.99,1987.09
2024-11-26,PRD-E03,237.49,4,250.95,949.96
2024-11-26,PRD-E04,59.99,9,54.99,524.91
2024-11-26,PRD-A01,59.79,13,65.1,723.45
2024-11-26,PRD-A02,129.59,7,114.99,907.13
2024-11-26,PRD-A03,42.74,21,43.19,878.32
2024-11-26,PRD-A04,102.59,4,102.9,410.36
2024-11-26,PRD-H01,49.99,10,57.74,499.9
2024-11-26,PRD-H02,151.99,2,149.99,288.78
2024-11-26,PRD-H03,311.99,6,284.99,1871.94
2024-11-26,PRD-H04,135.19,7,112.49,946.33
2024-11-26,PRD-B01,38.0,8,44.1,302.1
2024-11-26,PRD-B02,54.0,11,55.1,588.6
2024-11-26,PRD-B03,35.19,15,37.99,524.33
2024-11-26,PRD-B04,97.19,9,80.74,874.71
2024-11-26,PRD-S01,199.99,2,170.99,399.98
2024-11-26,PRD-S02,31.19,14,29.69,436.66
2024-11-26,PRD-S03,161.99,1,139.99,161.99
2024-11-26,PRD-S04,49.99,5,50.39,249.95
2024-11-27,PRD-E01,149.99,9,130.49,1319.91
2024-11-27,PRD-E02,183.99,13,194.99,2382.67
2024-11-27,PRD-E03,237.49,16,250.95,3799.84
2024-11-27,PRD-E04,59.99,5,54.99,287.95
2024-11-27,PRD-A01,59.79,10,65.1,597.9
2024-11-27,PRD-A02,129.59,7,114.99,855.29
2024-11-27,PRD-A03,42.74,7,43.19,290.63
2024-11-27,PRD-A04,102.59,5,102.9,512.95
2024-11-27,PRD-H01,49.99,8,57.74,387.42
2024-11-27,PRD-H02,151.99,1,149.99,151.99
2024-11-27,PRD-H03,311.99,3,284.99,889.17
2024-11-27,PRD-H04,135.19,8,112.49,1081.52
2024-11-27,PRD-B01,38.0,10,44.1,368.6
2024-11-27,PRD-B02,54.0,5,55.1,267.3
2024-11-27,PRD-B03,35.19,11,37.99,371.25
2024-11-27,PRD-B04,97.19,7,80.74,670.61
2024-11-27,PRD-S01,199.99,1,170.99,199.99
2024-11-27,PRD-S02,31.19,8,29.69,249.52
2024-11-27,PRD-S03,161.99,5,139.99,801.85
2024-11-27,PRD-S04,49.99,5,50.39,239.95
2024-11-28,PRD-E01,149.99,13,130.49,1942.37
2024-11-28,PRD-E02,183.99,11,194.99,1959.49
2024-11-28,PRD-E03,237.49,2,250.95,451.24
2024-11-28,PRD-E04,59.99,15,54.99,899.85
2024-11-28,PRD-A01,59.79,10,65.1,597.9
2024-11-28,PRD-A02,129.59,0,114.99,0.0
2024-11-28,PRD-A03,42.74,19,43.19,805.65
2024-11-28,PRD-A04,102.59,5,102.9,512.95
2024-11-28,PRD-H01,49.99,8,57.74,397.42
2024-11-28,PRD-H02,151.99,4,149.99,600.36
2024-11-28,PRD-H03,311.99,9,284.99,2761.11
2024-11-28,PRD-H04,135.19,6,112.49,811.14
2024-11-28,PRD-B01,38.0,9,44.1,334.4
2024-11-28,PRD-B02,54.0,6,55.1,315.9
2024-11-28,PRD-B03,35.19,8,37.99,276.24
2024-11-28,PRD-B04,97.19,3,80.74,276.99
2024-11-28,PRD-S01,199.99,4,170.99,799.96
2024-11-28,PRD-S02,31.19,3,29.69,93.57
2024-11-28,PRD-S03,161.99,5,139.99,809.95
2024-11-28,PRD-S04,49.99,3,50.39,149.97
2024-11-29,PRD-E01,149.99,8,130.49,1184.92
2024-11-29,PRD-E02,183.99,13,194.99,2355.07
2024-11-29,PRD-E03,237.49,3,250.95,664.97
2024-11-29,PRD-E04,59.99,9,54.99,536.91
2024-11-29,PRD-A01,59.79,28,65.1,1668.14
2024-11-29,PRD-A02,129.59,1,114.99,129.59
2024-11-29,PRD-A03,42.74,17,43.19,709.48
2024-11-29,PRD-A04,102.59,1,102.9,102.59
2024-11-29,PRD-H01,49.99,12,57.74,599.88
2024-11-29,PRD-H02,151.99,5,149.99,759.95
2024-11-29,PRD-H03,311.99,9,284.99,2636.31
2024-11-29,PRD-H04,135.19,7,112.49,926.05
2024-11-29,PRD-B01,38.0,7,44.1,258.4
2024-11-29,PRD-B02,54.0,3,55.1,156.6
2024-11-29,PRD-B03,35.19,4,37.99,139.0
2024-11-29,PRD-B04,97.19,9,80.74,835.83
2024-11-29,PRD-S01,199.99,3,170.99,589.97
2024-11-29,PRD-S02,31.19,13,29.69,392.99
2024-11-29,PRD-S03,161.99,5,139.99,793.75
2024-11-29,PRD-S04,49.99,3,50.39,149.97
2024-11-30,PRD-E01,149.99,10,130.49,1469.9
2024-11-30,PRD-E02,183.99,24,194.99,4415.76
2024-11-30,PRD-E03,237.49,12,250.95,2838.01
2024-11-30,PRD-E04,59.99,16,54.99,953.84
2024-11-30,PRD-A01,59.79,16,65.1,926.74
2024-11-30,PRD-A02,129.59,7,114.99,887.69
2024-11-30,PRD-A03,42.74,30,43.19,1260.84
2024-11-30,PRD-A04,102.59,5,102.9,512.95
2024-11-30,PRD-H01,49.99,11,57.74,532.39
2024-11-30,PRD-H02,151.99,2,149.99,303.98
2024-11-30,PRD-H03,311.99,5,284.99,1559.95
2024-11-30,PRD-H04,135.19,18,112.49,2386.1
2024-11-30,PRD-B01,38.0,9,44.1,338.2
2024-11-30,PRD-B02,54.0,9,55.1,483.3
2024-11-30,PRD-B03,35.19,28,37.99,960.68
2024-11-30,PRD-B04,97.19,9,80.74,869.85
2024-11-30,PRD-S01,199.99,5,170.99,969.95
2024-11-30,PRD-S02,31.19,10,29.69,311.9
2024-11-30,PRD-S03,161.99,1,139.99,129.59
2024-11-30,PRD-S04,49.99,11,50.39,547.39
2024-12-01,PRD-E01,149.99,3,130.49,434.97
2024-12-01,PRD-E02,183.99,23,194.99,4084.57
2024-12-01,PRD-E03,237.49,8,250.95,1899.92
2024-12-01,PRD-E04,59.99,14,54.99,827.86
2024-12-01,PRD-A01,59.79,24,65.1,1423.0
2024-12-01,PRD-A02,129.59,4,114.99,505.4
2024-12-01,PRD-A03,42.74,11,43.19,450.9
2024-12-01,PRD-A04,102.59,3,102.9,307.77
2024-12-01,PRD-H01,49.99,14,57.74,697.36
2024-12-01,PRD-H02,151.99,7,149.99,1056.33
2024-12-01,PRD-H03,311.99,9,284.99,2807.91
2024-12-01,PRD-H04,135.19,5,112.49,662.43
2024-12-01,PRD-B01,38.0,13,44.1,494.0
2024-12-01,PRD-B02,54.0,10,55.1,537.3
2024-12-01,PRD-B03,35.19,6,37.99,209.38
2024-12-01,PRD-B04,97.19,3,80.74,291.57
2024-12-01,PRD-S01,199.99,8,170.99,1559.92
2024-12-01,PRD-S02,31.19,9,29.69,269.79
2024-12-01,PRD-S03,161.99,1,139.99,161.99
2024-12-01,PRD-S04,49.99,5,50.39,247.45
2024-12-02,PRD-E01,155.99,6,137.74,904.74
2024-12-02,PRD-E02,199.99,5,194.99,949.95
2024-12-02,PRD-E03,249.99,8,258.12,1999.92
2024-12-02,PRD-E04,67.19,4,52.24,268.76
2024-12-02,PRD-A01,61.74,16,66.96,984.75
2024-12-02,PRD-A02,129.59,10,109.24,1263.5
2024-12-02,PRD-A03,44.99,21,43.19,935.79
2024-12-02,PRD-A04,98.79,5,93.1,493.95
2024-12-02,PRD-H01,51.99,18,54.99,920.22
2024-12-02,PRD-H02,159.99,0,161.99,0.0
2024-12-02,PRD-H03,275.99,6,299.24,1614.54
2024-12-02,PRD-H04,135.19,5,131.24,675.95
2024-12-02,PRD-B01,39.52,10,39.9,395.2
2024-12-02,PRD-B02,47.52,11,58.0,522.72
2024-12-02,PRD-B03,37.99,6,39.89,227.94
2024-12-02,PRD-B04,89.99,11,84.99,971.89
2024-12-02,PRD-S01,207.99,7,199.49,1455.93
2024-12-02,PRD-S02,27.59,12,32.99,329.7
2024-12-02,PRD-S03,149.99,2,139.99,299.98
2024-12-02,PRD-S04,51.99,2,45.59,101.38
2024-12-03,PRD-E01,155.99,16,137.74,2495.84
2024-12-03,PRD-E02,199.99,11,194.99,2199.89
2024-12-03,PRD-E03,249.99,5,258.12,1199.95
2024-12-03,PRD-E04,67.19,2,52.24,107.5
2024-12-03,PRD-A01,61.74,6,66.96,370.44
2024-12-03,PRD-A02,129.59,1,109.24,103.67
2024-12-03,PRD-A03,44.99,8,43.19,337.42
2024-12-03,PRD-A04,98.79,3,93.1,296.37
2024-12-03,PRD-H01,51.99,13,54.99,665.47
2024-12-03,PRD-H02,159.99,4,161.99,607.96
2024-12-03,PRD-H03,275.99,5,299.24,1352.35
2024-12-03,PRD-H04,135.19,7,131.24,912.53
2024-12-03,PRD-B01,39.52,8,39.9,306.28
2024-12-03,PRD-B02,47.52,16,58.0,757.94
2024-12-03,PRD-B03,37.99,11,39.89,417.89
2024-12-03,PRD-B04,89.99,14,84.99,1246.36
2024-12-03,PRD-S01,207.99,3,199.49,623.97
2024-12-03,PRD-S02,27.59,14,32.99,383.5
2024-12-03,PRD-S03,149.99,4,139.99,577.46
2024-12-03,PRD-S04,51.99,8,45.59,413.32
2024-12-04,PRD-E01,155.99,9,137.74,1403.91
2024-12-04,PRD-E02,199.99,5,194.99,949.95
2024-12-04,PRD-E03,249.99,7,258.12,1749.93
2024-12-04,PRD-E04,67.19,4,52.24,268.76
2024-12-04,PRD-A01,61.74,7,66.96,432.18
2024-12-04,PRD-A02,129.59,7,109.24,907.13
2024-12-04,PRD-A03,44.99,13,43.19,566.87
2024-12-04,PRD-A04,98.79,5,93.1,484.07
2024-12-04,PRD-H01,51.99,10,54.99,519.9
2024-12-04,PRD-H02,159.99,3,161.99,463.97
2024-12-04,PRD-H03,275.99,9,299.24,2428.71
2024-12-04,PRD-H04,135.19,10,131.24,1291.06
2024-12-04,PRD-B01,39.52,5,39.9,195.62
2024-12-04,PRD-B02,47.52,8,58.0,368.26
2024-12-04,PRD-B03,37.99,6,39.89,227.94
2024-12-04,PRD-B04,89.99,7,84.99,629.93
2024-12-04,PRD-S01,207.99,1,199.49,197.59
2024-12-04,PRD-S02,27.59,19,32.99,521.45
2024-12-04,PRD-S03,149.99,4,139.99,592.46
2024-12-04,PRD-S04,51.99,6,45.59,311.94
2024-12-05,PRD-E01,155.99,15,137.74,2339.85
2024-12-05,PRD-E02,199.99,5,194.99,999.95
2024-12-05,PRD-E03,249.99,4,258.12,999.96
2024-12-05,PRD-E04,67.19,17,52.24,1142.23
2024-12-05,PRD-A01,61.74,12,66.96,740.88
2024-12-05,PRD-A02,129.59,4,109.24,466.52
2024-12-05,PRD-A03,44.99,23,43.19,1019.02
2024-12-05,PRD-A04,98.79,3,93.1,291.43
2024-12-05,PRD-H01,51.99,10,54.99,519.9
2024-12-05,PRD-H02,159.99,1,161.99,159.99
2024-12-05,PRD-H03,275.99,9,299.24,2442.51
2024-12-05,PRD-H04,135.19,7,131.24,919.29
2024-12-05,PRD-B01,39.52,7,39.9,276.64
2024-12-05,PRD-B02,47.52,10,58.0,456.2
2024-12-05,PRD-B03,37.99,9,39.89,341.91
2024-12-05,PRD-B04,89.99,11,84.99,989.89
2024-12-05,PRD-S01,207.99,5,199.49,1008.75
2024-12-05,PRD-S02,27.59,33,32.99,898.05
2024-12-05,PRD-S03,149.99,4,139.99,599.96
2024-12-05,PRD-S04,51.99,1,45.59,51.99
2024-12-06,PRD-E01,155.99,3,137.74,467.97
2024-12-06,PRD-E02,199.99,5,194.99,979.95
2024-12-06,PRD-E03,249.99,3,258.12,699.97
2024-12-06,PRD-E04,67.19,3,52.24,201.57
2024-12-06,PRD-A01,61.74,29,66.96,1762.65
2024-12-06,PRD-A02,129.59,4,109.24,518.36
2024-12-06,PRD-A03,44.99,21,43.19,938.04
2024-12-06,PRD-A04,98.79,4,93.1,395.16
2024-12-06,PRD-H01,51.99,11,54.99,538.09
2024-12-06,PRD-H02,159.99,2,161.99,319.98
2024-12-06,PRD-H03,275.99,18,299.24,4940.22
2024-12-06,PRD-H04,135.19,6,131.24,811.14
2024-12-06,PRD-B01,39.52,6,39.9,237.12
2024-12-06,PRD-B02,47.52,8,58.0,380.16
2024-12-06,PRD-B03,37.99,16,39.89,600.24
2024-12-06,PRD-B04,89.99,6,84.99,517.44
2024-12-06,PRD-S01,207.99,2,199.49,405.58
2024-12-06,PRD-S02,27.59,9,32.99,244.17
2024-12-06,PRD-S03,149.99,2,139.99,299.98
2024-12-06,PRD-S04,51.99,3,45.59,155.97
2024-12-07,PRD-E01,155.99,20,137.74,3080.8
2024-12-07,PRD-E02,199.99,8,194.99,1559.92
2024-12-07,PRD-E03,249.99,15,258.12,3737.35
2024-12-07,PRD-E04,67.19,7,52.24,460.25
2024-12-07,PRD-A01,61.74,28,66.96,1636.16
2024-12-07,PRD-A02,129.59,4,109.24,518.36
2024-12-07,PRD-A03,44.99,20,43.19,895.3
2024-12-07,PRD-A04,98.79,5,93.1,484.07
2024-12-07,PRD-H01,51.99,14,54.99,701.86
2024-12-07,PRD-H02,159.99,5,161.99,799.95
2024-12-07,PRD-H03,275.99,11,299.24,2856.49
2024-12-07,PRD-H04,135.19,14,131.24,1852.1
2024-12-07,PRD-B01,39.52,10,39.9,387.29
2024-12-07,PRD-B02,47.52,13,58.0,603.5
2024-12-07,PRD-B03,37.99,31,39.89,1170.09
2024-12-07,PRD-B04,89.99,7,84.99,620.93
2024-12-07,PRD-S01,207.99,5,199.49,1039.95
2024-12-07,PRD-S02,27.59,12,32.99,331.08
2024-12-07,PRD-S03,149.99,8,139.99,1192.42
2024-12-07,PRD-S04,51.99,5,45.59,259.95
2024-12-08,PRD-E01,155.99,7,137.74,1052.93
2024-12-08,PRD-E02,199.99,9,194.99,1799.91
2024-12-08,PRD-E03,249.99,3,258.12,749.97
2024-12-08,PRD-E04,67.19,7,52.24,450.17
2024-12-08,PRD-A01,61.74,16,66.96,966.23
2024-12-08,PRD-A02,129.59,7,109.24,907.13
2024-12-08,PRD-A03,44.99,44,43.19,1966.06
2024-12-08,PRD-A04,98.79,6,93.1,587.8
2024-12-08,PRD-H01,51.99,16,54.99,826.64
2024-12-08,PRD-H02,159.99,3,161.99,479.97
2024-12-08,PRD-H03,275.99,8,299.24,2166.52
2024-12-08,PRD-H04,135.19,13,131.24,1757.47
2024-12-08,PRD-B01,39.52,13,39.9,507.83
2024-12-08,PRD-B02,47.52,10,58.0,470.45
2024-12-08,PRD-B03,37.99,13,39.89,493.87
2024-12-08,PRD-B04,89.99,3,84.99,269.97
2024-12-08,PRD-S01,207.99,10,199.49,2079.9
2024-12-08,PRD-S02,27.59,9,32.99,245.55
2024-12-08,PRD-S03,149.99,1,139.99,149.99
2024-12-08,PRD-S04,51.99,5,45.59,259.95
2024-12-09,PRD-E01,155.99,18,137.74,2807.82
2024-12-09,PRD-E02,199.99,14,194.99,2779.86
2024-12-09,PRD-E03,249.99,1,258.12,249.99
2024-12-09,PRD-E04,67.19,7,52.24,470.33
2024-12-09,PRD-A01,61.74,12,66.96,710.03
2024-12-09,PRD-A02,129.59,2,109.24,259.18
2024-12-09,PRD-A03,44.99,13,43.19,571.37
2024-12-09,PRD-A04,98.79,11,93.1,1057.05
2024-12-09,PRD-H01,51.99,11,54.99,571.89
2024-12-09,PRD-H02,159.99,4,161.99,623.96
2024-12-09,PRD-H03,275.99,5,299.24,1366.15
2024-12-09,PRD-H04,135.19,11,131.24,1439.77
2024-12-09,PRD-B01,39.52,7,39.9,272.68
2024-12-09,PRD-B02,47.52,21,58.0,993.17
2024-12-09,PRD-B03,37.99,5,39.89,189.95
2024-12-09,PRD-B04,89.99,8,84.99,701.92
2024-12-09,PRD-S01,207.99,3,199.49,623.97
2024-12-09,PRD-S02,27.59,8,32.99,217.96
2024-12-09,PRD-S03,149.99,0,139.99,0.0
2024-12-09,PRD-S04,51.99,0,45.59,0.0
2024-12-10,PRD-E01,155.99,21,137.74,3228.99
2024-12-10,PRD-E02,199.99,6,194.99,1199.94
2024-12-10,PRD-E03,249.99,5,258.12,1249.95
2024-12-10,PRD-E04,67.19,11,52.24,739.09
2024-12-10,PRD-A01,61.74,23,66.96,1392.25
2024-12-10,PRD-A02,129.59,4,109.24,518.36
2024-12-10,PRD-A03,44.99,20,43.19,866.05
2024-12-10,PRD-A04,98.79,2,93.1,197.58
2024-12-10,PRD-H01,51.99,7,54.99,345.73
2024-12-10,PRD-H02,159.99,10,161.99,1303.9
2024-12-10,PRD-H03,275.99,5,299.24,1352.35
2024-12-10,PRD-H04,135.19,16,131.24,2163.04
2024-12-10,PRD-B01,39.52,11,39.9,418.91
2024-12-10,PRD-B02,47.52,6,58.0,280.37
2024-12-10,PRD-B03,37.99,6,39.89,227.94
2024-12-10,PRD-B04,89.99,7,84.99,625.43
2024-12-10,PRD-S01,207.99,2,199.49,374.38
2024-12-10,PRD-S02,27.59,17,32.99,460.75
2024-12-10,PRD-S03,149.99,2,139.99,292.48
2024-12-10,PRD-S04,51.99,0,45.59,0.0
2024-12-11,PRD-E01,155.99,11,137.74,1700.29
2024-12-11,PRD-E02,199.99,9,194.99,1799.91
2024-12-11,PRD-E03,249.99,6,258.12,1487.44
2024-12-11,PRD-E04,67.19,7,52.24,436.73
2024-12-11,PRD-A01,61.74,9,66.96,546.39
2024-12-11,PRD-A02,129.59,3,109.24,388.77
2024-12-11,PRD-A03,44.99,15,43.19,661.35
2024-12-11,PRD-A04,98.79,3,93.1,296.37
2024-12-11,PRD-H01,51.99,12,54.99,623.88
2024-12-11,PRD-H02,159.99,4,161.99,639.96
2024-12-11,PRD-H03,275.99,8,299.24,2207.92
2024-12-11,PRD-H04,135.19,6,131.24,770.58
2024-12-11,PRD-B01,39.52,24,39.9,948.48
2024-12-11,PRD-B02,47.52,16,58.0,760.32
2024-12-11,PRD-B03,37.99,8,39.89,302.02
2024-12-11,PRD-B04,89.99,8,84.99,719.92
2024-12-11,PRD-S01,207.99,6,199.49,1247.94
2024-12-11,PRD-S02,27.59,9,32.99,245.55
2024-12-11,PRD-S03,149.99,2,139.99,299.98
2024-12-11,PRD-S04,51.99,1,45.59,51.99
2024-12-12,PRD-E01,155.99,18,137.74,2800.02
2024-12-12,PRD-E02,199.99,5,194.99,949.95
2024-12-12,PRD-E03,249.99,8,258.12,1824.92
2024-12-12,PRD-E04,67.19,5,52.24,325.87
2024-12-12,PRD-A01,61.74,4,66.96,237.7
2024-12-12,PRD-A02,129.59,8,109.24,1036.72
2024-12-12,PRD-A03,44.99,15,43.19,650.1
2024-12-12,PRD-A04,98.79,1,93.1,98.79
2024-12-12,PRD-H01,51.99,18,54.99,935.82
2024-12-12,PRD-H02,159.99,2,161.99,279.98
2024-12-12,PRD-H03,275.99,2,299.24,551.98
2024-12-12,PRD-H04,135.19,9,131.24,1216.71
2024-12-12,PRD-B01,39.52,8,39.9,316.16
2024-12-12,PRD-B02,47.52,11,58.0,498.97
2024-12-12,PRD-B03,37.99,11,39.89,417.89
2024-12-12,PRD-B04,89.99,14,84.99,1250.86
2024-12-12,PRD-S01,207.99,1,199.49,207.99
2024-12-12,PRD-S02,27.59,9,32.99,241.41
2024-12-12,PRD-S03,149.99,1,139.99,149.99
2024-12-12,PRD-S04,51.99,2,45.59,101.38
2024-12-13,PRD-E01,155.99,9,137.74,1403.91
2024-12-13,PRD-E02,199.99,9,194.99,1799.91
2024-12-13,PRD-E03,249.99,5,258.12,1212.45
2024-12-13,PRD-E04,67.19,4,52.24,262.04
2024-12-13,PRD-A01,61.74,18,66.96,1111.32
2024-12-13,PRD-A02,129.59,9,109.24,1010.79
2024-12-13,PRD-A03,44.99,18,43.19,809.82
2024-12-13,PRD-A04,98.79,7,93.1,686.59
2024-12-13,PRD-H01,51.99,16,54.99,831.84
2024-12-13,PRD-H02,159.99,3,161.99,479.97
2024-12-13,PRD-H03,275.99,3,299.24,786.57
2024-12-13,PRD-H04,135.19,20,131.24,2697.04
2024-12-13,PRD-B01,39.52,9,39.9,355.68
2024-12-13,PRD-B02,47.52,12,58.0,570.24
2024-12-13,PRD-B03,37.99,11,39.89,412.19
2024-12-13,PRD-B04,89.99,12,84.99,1061.88
2024-12-13,PRD-S01,207.99,1,199.49,207.99
2024-12-13,PRD-S02,27.59,27,32.99,732.51
2024-12-13,PRD-S03,149.99,1,139.99,149.99
2024-12-13,PRD-S04,51.99,2,45.59,103.98
2024-12-14,PRD-E01,155.99,16,137.74,2433.44
2024-12-14,PRD-E02,199.99,8,194.99,1589.92
2024-12-14,PRD-E03,249.99,6,258.12,1462.44
2024-12-14,PRD-E04,67.19,9,52.24,604.71
2024-12-14,PRD-A01,61.74,11,66.96,679.14
2024-12-14,PRD-A02,129.59,8,109.24,965.44
2024-12-14,PRD-A03,44.99,31,43.19,1385.69
2024-12-14,PRD-A04,98.79,13,93.1,1249.69
2024-12-14,PRD-H01,51.99,17,54.99,870.83
2024-12-14,PRD-H02,159.99,6,161.99,935.94
2024-12-14,PRD-H03,275.99,6,299.24,1655.94
2024-12-14,PRD-H04,135.19,10,131.24,1324.86
2024-12-14,PRD-B01,39.52,18,39.9,679.76
2024-12-14,PRD-B02,47.52,9,58.0,420.55
2024-12-14,PRD-B03,37.99,11,39.89,414.09
2024-12-14,PRD-B04,89.99,15,84.99,1322.85
2024-12-14,PRD-S01,207.99,5,199.49,998.35
2024-12-14,PRD-S02,27.59,13,32.99,349.01
2024-12-14,PRD-S03,149.99,6,139.99,899.94
2024-12-14,PRD-S04,51.99,12,45.59,623.88
2024-12-15,PRD-E01,155.99,11,137.74,1715.89
2024-12-15,PRD-E02,199.99,14,194.99,2749.86
2024-12-15,PRD-E03,249.99,10,258.12,2399.9
2024-12-15,PRD-E04,67.19,8,52.24,520.72
2024-12-15,PRD-A01,61.74,17,66.96,1031.07
2024-12-15,PRD-A02,129.59,1,109.24,116.63
2024-12-15,PRD-A03,44.99,40,43.19,1774.85
2024-12-15,PRD-A04,98.79,3,93.1,296.37
2024-12-15,PRD-H01,51.99,15,54.99,766.85
2024-12-15,PRD-H02,159.99,10,161.99,1527.9
2024-12-15,PRD-H03,275.99,14,299.24,3863.86
2024-12-15,PRD-H04,135.19,4,131.24,540.76
2024-12-15,PRD-B01,39.52,20,39.9,788.42
2024-12-15,PRD-B02,47.52,15,58.0,712.8
2024-12-15,PRD-B03,37.99,15,39.89,564.15
2024-12-15,PRD-B04,89.99,16,84.99,1417.34
2024-12-15,PRD-S01,207.99,17,199.49,3515.03
2024-12-15,PRD-S02,27.59,15,32.99,405.57
2024-12-15,PRD-S03,149.99,1,139.99,149.99
2024-12-15,PRD-S04,51.99,12,45.59,623.88
2024-12-16,PRD-E01,161.99,11,137.74,1765.69
2024-12-16,PRD-E02,199.99,9,194.99,1779.91
2024-12-16,PRD-E03,237.49,18,258.12,4227.32
2024-12-16,PRD-E04,55.19,5,52.24,264.91
2024-12-16,PRD-A01,72.79,11,66.96,800.69
2024-12-16,PRD-A02,113.99,4,109.24,438.86
2024-12-16,PRD-A03,44.99,16,43.19,701.84
2024-12-16,PRD-A04,87.39,2,93.1,157.3
2024-12-16,PRD-H01,45.99,12,54.99,547.28
2024-12-16,PRD-H02,140.79,7,161.99,985.53
2024-12-16,PRD-H03,323.99,1,299.24,323.99
2024-12-16,PRD-H04,135.19,12,131.24,1622.28
2024-12-16,PRD-B01,39.52,2,39.9,79.04
2024-12-16,PRD-B02,49.68,8,58.0,392.47
2024-12-16,PRD-B03,36.79,12,39.89,439.64
2024-12-16,PRD-B04,100.79,6,84.99,599.7
2024-12-16,PRD-S01,207.99,4,199.49,831.96
2024-12-16,PRD-S02,28.49,23,32.99,631.06
2024-12-16,PRD-S03,149.99,0,139.99,0.0
2024-12-16,PRD-S04,47.49,6,45.59,284.94
2024-12-17,PRD-E01,161.99,7,137.74,1109.63
2024-12-17,PRD-E02,199.99,6,194.99,1179.94
2024-12-17,PRD-E03,237.49,4,258.12,949.96
2024-12-17,PRD-E04,55.19,24,52.24,1310.76
2024-12-17,PRD-A01,72.79,11,66.96,800.69
2024-12-17,PRD-A02,113.99,3,109.24,341.97
2024-12-17,PRD-A03,44.99,7,43.19,305.93
2024-12-17,PRD-A04,87.39,3,93.1,262.17
2024-12-17,PRD-H01,45.99,13,54.99,593.27
2024-12-17,PRD-H02,140.79,2,161.99,274.54
2024-12-17,PRD-H03,323.99,2,299.24,647.98
2024-12-17,PRD-H04,135.19,9,131.24,1135.59
2024-12-17,PRD-B01,39.52,20,39.9,790.4
2024-12-17,PRD-B02,49.68,14,58.0,695.52
2024-12-17,PRD-B03,36.79,10,39.89,366.06
2024-12-17,PRD-B04,100.79,26,84.99,2509.66
2024-12-17,PRD-S01,207.99,2,199.49,405.58
2024-12-17,PRD-S02,28.49,13,32.99,364.67
2024-12-17,PRD-S03,149.99,0,139.99,0.0
2024-12-17,PRD-S04,47.49,1,45.59,47.49
2024-12-18,PRD-E01,161.99,10,137.74,1595.6
2024-12-18,PRD-E02,199.99,5,194.99,969.95
2024-12-18,PRD-E03,237.49,4,258.12,926.22
2024-12-18,PRD-E04,55.19,12,52.24,642.96
2024-12-18,PRD-A01,72.79,19,66.96,1383.01
2024-12-18,PRD-A02,113.99,18,109.24,2029.02
2024-12-18,PRD-A03,44.99,12,43.19,528.63
2024-12-18,PRD-A04,87.39,4,93.1,349.56
2024-12-18,PRD-H01,45.99,10,54.99,455.3
2024-12-18,PRD-H02,140.79,1,161.99,140.79
2024-12-18,PRD-H03,323.99,0,299.24,0.0
2024-12-18,PRD-H04,135.19,4,131.24,540.76
2024-12-18,PRD-B01,39.52,9,39.9,355.68
2024-12-18,PRD-B02,49.68,15,58.0,720.35
2024-12-18,PRD-B03,36.79,11,39.89,404.69
2024-12-18,PRD-B04,100.79,11,84.99,1098.61
2024-12-18,PRD-S01,207.99,7,199.49,1455.93
2024-12-18,PRD-S02,28.49,13,32.99,370.37
2024-12-18,PRD-S03,149.99,2,139.99,299.98
2024-12-18,PRD-S04,47.49,10,45.59,465.42
2024-12-19,PRD-E01,161.99,12,137.74,1927.68
2024-12-19,PRD-E02,199.99,7,194.99,1369.93
2024-12-19,PRD-E03,237.49,2,258.12,474.98
2024-12-19,PRD-E04,55.19,13,52.24,714.71
2024-12-19,PRD-A01,72.79,8,66.96,582.32
2024-12-19,PRD-A02,113.99,6,109.24,666.84
2024-12-19,PRD-A03,44.99,9,43.19,404.91
2024-12-19,PRD-A04,87.39,6,93.1,506.86
2024-12-19,PRD-H01,45.99,15,54.99,680.65
2024-12-19,PRD-H02,140.79,0,161.99,0.0
2024-12-19,PRD-H03,323.99,3,299.24,971.97
2024-12-19,PRD-H04,135.19,9,131.24,1209.95
2024-12-19,PRD-B01,39.52,5,39.9,193.65
2024-12-19,PRD-B02,49.68,10,58.0,479.42
2024-12-19,PRD-B03,36.79,9,39.89,331.11
2024-12-19,PRD-B04,100.79,12,84.99,1189.32
2024-12-19,PRD-S01,207.99,1,199.49,197.59
2024-12-19,PRD-S02,28.49,8,32.99,227.92
2024-12-19,PRD-S03,149.99,1,139.99,149.99
2024-12-19,PRD-S04,47.49,3,45.59,135.35
2024-12-20,PRD-E01,161.99,5,137.74,809.95
2024-12-20,PRD-E02,199.99,6,194.99,1199.94
2024-12-20,PRD-E03,237.49,6,258.12,1424.94
2024-12-20,PRD-E04,55.19,15,52.24,805.77
2024-12-20,PRD-A01,72.79,11,66.96,775.21
2024-12-20,PRD-A02,113.99,1,109.24,113.99
2024-12-20,PRD-A03,44.99,23,43.19,1034.77
2024-12-20,PRD-A04,87.39,14,93.1,1210.35
2024-12-20,PRD-H01,45.99,18,54.99,820.92
2024-12-20,PRD-H02,140.79,2,161.99,281.58
2024-12-20,PRD-H03,323.99,5,299.24,1619.95
2024-12-20,PRD-H04,135.19,6,131.24,804.38
2024-12-20,PRD-B01,39.52,22,39.9,859.56
2024-12-20,PRD-B02,49.68,10,58.0,489.35
2024-12-20,PRD-B03,36.79,16,39.89,581.28
2024-12-20,PRD-B04,100.79,12,84.99,1199.4
2024-12-20,PRD-S01,207.99,14,199.49,2828.66
2024-12-20,PRD-S02,28.49,20,32.99,566.95
2024-12-20,PRD-S03,149.99,4,139.99,599.96
2024-12-20,PRD-S04,47.49,5,45.59,230.34
2024-12-21,PRD-E01,161.99,17,137.74,2697.13
2024-12-21,PRD-E02,199.99,11,194.99,2139.89
2024-12-21,PRD-E03,237.49,12,258.12,2826.13
2024-12-21,PRD-E04,55.19,21,52.24,1145.19
2024-12-21,PRD-A01,72.79,16,66.96,1146.44
2024-12-21,PRD-A02,113.99,9,109.24,1025.91
2024-12-21,PRD-A03,44.99,9,43.19,395.91
2024-12-21,PRD-A04,87.39,11,93.1,961.29
2024-12-21,PRD-H01,45.99,7,54.99,308.13
2024-12-21,PRD-H02,140.79,6,161.99,837.7
2024-12-21,PRD-H03,323.99,9,299.24,2915.91
2024-12-21,PRD-H04,135.19,14,131.24,1852.1
2024-12-21,PRD-B01,39.52,10,39.9,385.32
2024-12-21,PRD-B02,49.68,16,58.0,794.88
2024-12-21,PRD-B03,36.79,9,39.89,329.27
2024-12-21,PRD-B04,100.79,7,84.99,665.21
2024-12-21,PRD-S01,207.99,10,199.49,2079.9
2024-12-21,PRD-S02,28.49,21,32.99,588.32
2024-12-21,PRD-S03,149.99,0,139.99,0.0
2024-12-21,PRD-S04,47.49,2,45.59,94.98
2024-12-22,PRD-E01,161.99,15,137.74,2413.65
2024-12-22,PRD-E02,199.99,8,194.99,1589.92
2024-12-22,PRD-E03,237.49,10,258.12,2232.4
2024-12-22,PRD-E04,55.19,26,52.24,1418.38
2024-12-22,PRD-A01,72.79,17,66.96,1215.59
2024-12-22,PRD-A02,113.99,15,109.24,1664.25
2024-12-22,PRD-A03,44.99,17,43.19,762.58
2024-12-22,PRD-A04,87.39,4,93.1,340.82
2024-12-22,PRD-H01,45.99,13,54.99,584.07
2024-12-22,PRD-H02,140.79,7,161.99,985.53
2024-12-22,PRD-H03,323.99,8,299.24,2543.32
2024-12-22,PRD-H04,135.19,11,131.24,1480.33
2024-12-22,PRD-B01,39.52,16,39.9,622.44
2024-12-22,PRD-B02,49.68,16,58.0,787.43
2024-12-22,PRD-B03,36.79,12,39.89,435.96
2024-12-22,PRD-B04,100.79,11,84.99,1093.57
2024-12-22,PRD-S01,207.99,3,199.49,623.97
2024-12-22,PRD-S02,28.49,17,32.99,478.65
2024-12-22,PRD-S03,149.99,1,139.99,134.99
2024-12-22,PRD-S04,47.49,1,45.59,47.49
2024-12-23,PRD-E01,161.99,5,144.99,720.85
2024-12-23,PRD-E02,199.99,4,175.49,799.96
2024-12-23,PRD-E03,237.49,6,239.0,1377.44
2024-12-23,PRD-E04,55.19,15,49.49,819.57
2024-12-23,PRD-A01,72.79,6,62.0,433.1
2024-12-23,PRD-A02,113.99,5,109.24,558.55
2024-12-23,PRD-A03,44.99,8,51.83,359.92
2024-12-23,PRD-A04,87.39,1,105.84,87.39
2024-12-23,PRD-H01,45.99,13,54.99,597.87
2024-12-23,PRD-H02,140.79,2,134.99,267.5
2024-12-23,PRD-H03,323.99,1,256.49,323.99
2024-12-23,PRD-H04,135.19,11,124.99,1487.09
2024-12-23,PRD-B01,39.52,9,39.9,353.7
2024-12-23,PRD-B02,49.68,9,62.64,442.15
2024-12-23,PRD-B03,36.79,14,39.89,500.34
2024-12-23,PRD-B04,100.79,6,84.99,584.58
2024-12-23,PRD-S01,207.99,8,180.49,1663.92
2024-12-23,PRD-S02,28.49,11,35.63,301.99
2024-12-23,PRD-S03,149.99,2,139.99,299.98
2024-12-23,PRD-S04,47.49,6,45.59,282.57
2024-12-24,PRD-E01,161.99,11,144.99,1781.89
2024-12-24,PRD-E02,199.99,12,175.49,2309.88
2024-12-24,PRD-E03,237.49,8,239.0,1876.17
2024-12-24,PRD-E04,55.19,19,49.49,1043.09
2024-12-24,PRD-A01,72.79,9,62.0,647.83
2024-12-24,PRD-A02,113.99,2,109.24,227.98
2024-12-24,PRD-A03,44.99,23,51.83,1030.27
2024-12-24,PRD-A04,87.39,26,105.84,2259.03
2024-12-24,PRD-H01,45.99,13,54.99,561.07
2024-12-24,PRD-H02,140.79,12,134.99,1555.72
2024-12-24,PRD-H03,323.99,5,256.49,1474.15
2024-12-24,PRD-H04,135.19,6,124.99,790.86
2024-12-24,PRD-B01,39.52,12,39.9,458.44
2024-12-24,PRD-B02,49.68,15,62.64,745.2
2024-12-24,PRD-B03,36.79,21,39.89,768.91
2024-12-24,PRD-B04,100.79,9,84.99,886.95
2024-12-24,PRD-S01,207.99,5,180.49,1019.15
2024-12-24,PRD-S02,28.49,4,35.63,111.11
2024-12-24,PRD-S03,149.99,7,139.99,1019.93
2024-12-24,PRD-S04,47.49,2,45.59,94.98
2024-12-25,PRD-E01,161.99,11,144.99,1781.89
2024-12-25,PRD-E02,199.99,13,175.49,2599.87
2024-12-25,PRD-E03,237.49,2,239.0,474.98
2024-12-25,PRD-E04,55.19,11,49.49,607.09
2024-12-25,PRD-A01,72.79,7,62.0,502.25
2024-12-25,PRD-A02,113.99,9,109.24,889.11
2024-12-25,PRD-A03,44.99,15,51.83,665.85
2024-12-25,PRD-A04,87.39,4,105.84,349.56
2024-12-25,PRD-H01,45.99,19,54.99,866.91
2024-12-25,PRD-H02,140.79,4,134.99,556.12
2024-12-25,PRD-H03,323.99,3,256.49,939.57
2024-12-25,PRD-H04,135.19,8,124.99,1040.96
2024-12-25,PRD-B01,39.52,11,39.9,432.74
2024-12-25,PRD-B02,49.68,7,62.64,347.76
2024-12-25,PRD-B03,36.79,8,39.89,290.64
2024-12-25,PRD-B04,100.79,7,84.99,705.53
2024-12-25,PRD-S01,207.99,4,180.49,831.96
2024-12-25,PRD-S02,28.49,10,35.63,279.22
2024-12-25,PRD-S03,149.99,5,139.99,749.95
2024-12-25,PRD-S04,47.49,8,45.59,375.18
2024-12-26,PRD-E01,161.99,9,144.99,1409.31
2024-12-26,PRD-E02,199.99,5,175.49,949.95
2024-12-26,PRD-E03,237.49,4,239.0,949.96
2024-12-26,PRD-E04,55.19,6,49.49,320.1
2024-12-26,PRD-A01,72.79,11,62.0,786.13
2024-12-26,PRD-A02,113.99,11,109.24,1253.89
2024-12-26,PRD-A03,44.99,9,51.83,400.41
2024-12-26,PRD-A04,87.39,2,105.84,174.78
2024-12-26,PRD-H01,45.99,2,54.99,91.98
2024-12-26,PRD-H02,140.79,3,134.99,422.37
2024-12-26,PRD-H03,323.99,2,256.49,647.98
2024-12-26,PRD-H04,135.19,12,124.99,1568.2
2024-12-26,PRD-B01,39.52,12,39.9,466.34
2024-12-26,PRD-B02,49.68,12,62.64,596.16
2024-12-26,PRD-B03,36.79,5,39.89,174.75
2024-12-26,PRD-B04,100.79,2,84.99,201.58
2024-12-26,PRD-S01,207.99,1,180.49,207.99
2024-12-26,PRD-S02,28.49,18,35.63,507.12
2024-12-26,PRD-S03,149.99,1,139.99,149.99
2024-12-26,PRD-S04,47.49,7,45.59,332.43
2024-12-27,PRD-E01,161.99,19,144.99,3061.61
2024-12-27,PRD-E02,199.99,11,175.49,2199.89
2024-12-27,PRD-E03,237.49,9,239.0,2089.92
2024-12-27,PRD-E04,55.19,14,49.49,769.9
2024-12-27,PRD-A01,72.79,5,62.0,363.95
2024-12-27,PRD-A02,113.99,20,109.24,2279.8
2024-12-27,PRD-A03,44.99,14,51.83,625.36
2024-12-27,PRD-A04,87.39,8,105.84,690.38
2024-12-27,PRD-H01,45.99,15,54.99,666.85
2024-12-27,PRD-H02,140.79,4,134.99,556.12
2024-12-27,PRD-H03,323.99,2,256.49,615.58
2024-12-27,PRD-H04,135.19,3,124.99,378.53
2024-12-27,PRD-B01,39.52,17,39.9,642.18
2024-12-27,PRD-B02,49.68,22,62.64,1080.55
2024-12-27,PRD-B03,36.79,4,39.89,147.16
2024-12-27,PRD-B04,100.79,15,84.99,1491.69
2024-12-27,PRD-S01,207.99,5,180.49,1039.95
2024-12-27,PRD-S02,28.49,9,35.63,254.99
2024-12-27,PRD-S03,149.99,0,139.99,0.0
2024-12-27,PRD-S04,47.49,1,45.59,47.49
2024-12-28,PRD-E01,161.99,27,144.99,4308.93
2024-12-28,PRD-E02,199.99,3,175.49,599.97
2024-12-28,PRD-E03,237.49,4,239.0,949.96
2024-12-28,PRD-E04,55.19,4,49.49,220.76
2024-12-28,PRD-A01,72.79,26,62.0,1863.42
2024-12-28,PRD-A02,113.99,7,109.24,797.93
2024-12-28,PRD-A03,44.99,22,51.83,983.03
2024-12-28,PRD-A04,87.39,4,105.84,349.56
2024-12-28,PRD-H01,45.99,31,54.99,1398.09
2024-12-28,PRD-H02,140.79,1,134.99,140.79
2024-12-28,PRD-H03,323.99,1,256.49,323.99
2024-12-28,PRD-H04,135.19,17,124.99,2257.67
2024-12-28,PRD-B01,39.52,13,39.9,513.76
2024-12-28,PRD-B02,49.68,7,62.64,347.76
2024-12-28,PRD-B03,36.79,17,39.89,618.07
2024-12-28,PRD-B04,100.79,4,84.99,398.12
2024-12-28,PRD-S01,207.99,7,180.49,1362.33
2024-12-28,PRD-S02,28.49,10,35.63,284.9
2024-12-28,PRD-S03,149.99,2,139.99,299.98
2024-12-28,PRD-S04,47.49,15,45.59,709.98
2024-12-29,PRD-E01,161.99,21,144.99,3255.99
2024-12-29,PRD-E02,199.99,5,175.49,969.95
2024-12-29,PRD-E03,237.49,7,239.0,1638.68
2024-12-29,PRD-E04,55.19,9,49.49,485.67
2024-12-29,PRD-A01,72.79,17,62.0,1226.51
2024-12-29,PRD-A02,113.99,1,109.24,113.99
2024-12-29,PRD-A03,44.99,24,51.83,1050.51
2024-12-29,PRD-A04,87.39,7,105.84,611.73
2024-12-29,PRD-H01,45.99,15,54.99,689.85
2024-12-29,PRD-H02,140.79,8,134.99,1126.32
2024-12-29,PRD-H03,323.99,3,256.49,971.97
2024-12-29,PRD-H04,135.19,21,124.99,2798.43
2024-12-29,PRD-B01,39.52,13,39.9,503.87
2024-12-29,PRD-B02,49.68,9,62.64,447.12
2024-12-29,PRD-B03,36.79,4,39.89,141.64
2024-12-29,PRD-B04,100.79,15,84.99,1511.85
2024-12-29,PRD-S01,207.99,3,180.49,623.97
2024-12-29,PRD-S02,28.49,21,35.63,588.34
2024-12-29,PRD-S03,149.99,2,139.99,299.98
2024-12-29,PRD-S04,47.49,4,45.59,189.96
2024-12-30,PRD-E01,167.99,9,144.99,1478.31
2024-12-30,PRD-E02,175.99,14,175.49,2437.46
2024-12-30,PRD-E03,237.49,6,239.0,1401.19
2024-12-30,PRD-E04,62.39,1,49.49,62.39
2024-12-30,PRD-A01,57.19,14,62.0,786.36
2024-12-30,PRD-A02,113.99,3,109.24,341.97
2024-12-30,PRD-A03,46.79,22,51.83,1022.36
2024-12-30,PRD-A04,90.24,5,105.84,424.12
2024-12-30,PRD-H01,55.99,11,54.99,610.29
2024-12-30,PRD-H02,147.19,0,134.99,0.0
2024-12-30,PRD-H03,275.99,9,256.49,2414.91
2024-12-30,PRD-H04,145.59,8,124.99,1128.32
2024-12-30,PRD-B01,41.04,2,39.9,82.08
2024-12-30,PRD-B02,51.3,14,62.64,700.23
2024-12-30,PRD-B03,36.79,17,39.89,625.43
2024-12-30,PRD-B04,97.19,5,84.99,476.23
2024-12-30,PRD-S01,189.99,6,180.49,1111.44
2024-12-30,PRD-S02,31.19,17,35.63,517.75
2024-12-30,PRD-S03,161.99,2,139.99,323.98
2024-12-30,PRD-S04,47.49,4,45.59,189.96
2024-12-31,PRD-E01,167.99,7,144.99,1133.93
2024-12-31,PRD-E02,175.99,8,175.49,1407.92
2024-12-31,PRD-E03,237.49,8,239.0,1876.17
2024-12-31,PRD-E04,62.39,7,49.49,436.73
2024-12-31,PRD-A01,57.19,15,62.0,857.85
2024-12-31,PRD-A02,113.99,3,109.24,330.57
2024-12-31,PRD-A03,46.79,11,51.83,500.65
2024-12-31,PRD-A04,90.24,3,105.84,252.67
2024-12-31,PRD-H01,55.99,10,54.99,554.3
2024-12-31,PRD-H02,147.19,1,134.99,139.83
2024-12-31,PRD-H03,275.99,6,256.49,1655.94
2024-12-31,PRD-H04,145.59,8,124.99,1157.44
2024-12-31,PRD-B01,41.04,16,39.9,648.44
2024-12-31,PRD-B02,51.3,9,62.64,443.74
2024-12-31,PRD-B03,36.79,7,39.89,252.01
2024-12-31,PRD-B04,97.19,12,84.99,1156.56
2024-12-31,PRD-S01,189.99,2,180.49,341.98
2024-12-31,PRD-S02,31.19,12,35.63,364.92
2024-12-31,PRD-S03,161.99,1,139.99,161.99
2024-12-31,PRD-S04,47.49,3,45.59,142.47
2025-01-01,PRD-E01,167.99,2,144.99,335.98
2025-01-01,PRD-E02,175.99,10,175.49,1724.7
2025-01-01,PRD-E03,237.49,7,239.0,1555.59
2025-01-01,PRD-E04,62.39,4,49.49,249.56
2025-01-01,PRD-A01,57.19,13,62.0,743.47
2025-01-01,PRD-A02,113.99,4,109.24,455.96
2025-01-01,PRD-A03,46.79,6,51.83,269.04
2025-01-01,PRD-A04,90.24,6,105.84,509.87
2025-01-01,PRD-H01,55.99,9,54.99,498.31
2025-01-01,PRD-H02,147.19,4,134.99,588.76
2025-01-01,PRD-H03,275.99,3,256.49,814.17
2025-01-01,PRD-H04,145.59,3,124.99,436.77
2025-01-01,PRD-B01,41.04,10,39.9,387.82
2025-01-01,PRD-B02,51.3,18,62.64,902.87
2025-01-01,PRD-B03,36.79,22,39.89,794.66
2025-01-01,PRD-B04,97.19,5,84.99,466.51
2025-01-01,PRD-S01,189.99,8,180.49,1519.92
2025-01-01,PRD-S02,31.19,29,35.63,901.39
2025-01-01,PRD-S03,161.99,0,139.99,0.0
2025-01-01,PRD-S04,47.49,9,45.59,427.41
2025-01-02,PRD-E01,167.99,1,144.99,167.99
2025-01-02,PRD-E02,175.99,13,175.49,2226.27
2025-01-02,PRD-E03,237.49,0,239.0,0.0
2025-01-02,PRD-E04,62.39,2,49.49,124.78
2025-01-02,PRD-A01,57.19,10,62.0,554.74
2025-01-02,PRD-A02,113.99,5,109.24,552.85
2025-01-02,PRD-A03,46.79,23,51.83,1052.77
2025-01-02,PRD-A04,90.24,3,105.84,216.57
2025-01-02,PRD-H01,55.99,2,54.99,109.18
2025-01-02,PRD-H02,147.19,7,134.99,971.45
2025-01-02,PRD-H03,275.99,4,256.49,1103.96
2025-01-02,PRD-H04,145.59,0,124.99,0.0
2025-01-02,PRD-B01,41.04,3,39.9,121.07
2025-01-02,PRD-B02,51.3,5,62.64,253.93
2025-01-02,PRD-B03,36.79,14,39.89,498.5
2025-01-02,PRD-B04,97.19,0,84.99,0.0
2025-01-02,PRD-S01,189.99,8,180.49,1434.42
2025-01-02,PRD-S02,31.19,11,35.63,343.09
2025-01-02,PRD-S03,161.99,2,139.99,307.78
2025-01-02,PRD-S04,47.49,8,45.59,379.92
2025-01-03,PRD-E01,167.99,7,144.99,1142.33
2025-01-03,PRD-E02,175.99,7,175.49,1179.13
2025-01-03,PRD-E03,237.49,1,239.0,237.49
2025-01-03,PRD-E04,62.39,4,49.49,249.56
2025-01-03,PRD-A01,57.19,9,62.0,488.97
2025-01-03,PRD-A02,113.99,5,109.24,535.75
2025-01-03,PRD-A03,46.79,12,51.83,552.12
2025-01-03,PRD-A04,90.24,2,105.84,180.48
2025-01-03,PRD-H01,55.99,3,54.99,159.57
2025-01-03,PRD-H02,147.19,0,134.99,0.0
2025-01-03,PRD-H03,275.99,9,256.49,2483.91
2025-01-03,PRD-H04,145.59,2,124.99,291.18
2025-01-03,PRD-B01,41.04,10,39.9,404.24
2025-01-03,PRD-B02,51.3,17,62.64,856.7
2025-01-03,PRD-B03,36.79,18,39.89,641.98
2025-01-03,PRD-B04,97.19,7,84.99,680.33
2025-01-03,PRD-S01,189.99,3,180.49,560.47
2025-01-03,PRD-S02,31.19,19,35.63,591.05
2025-01-03,PRD-S03,161.99,3,139.99,485.97
2025-01-03,PRD-S04,47.49,2,45.59,94.98
2025-01-04,PRD-E01,167.99,10,144.99,1671.5
2025-01-04,PRD-E02,175.99,14,175.49,2358.26
2025-01-04,PRD-E03,237.49,2,239.0,463.11
2025-01-04,PRD-E04,62.39,20,49.49,1141.72
2025-01-04,PRD-A01,57.19,11,62.0,603.35
2025-01-04,PRD-A02,113.99,8,109.24,906.22
2025-01-04,PRD-A03,46.79,13,51.83,594.23
2025-01-04,PRD-A04,90.24,3,105.84,270.72
2025-01-04,PRD-H01,55.99,4,54.99,223.96
2025-01-04,PRD-H02,147.19,6,134.99,853.7
2025-01-04,PRD-H03,275.99,4,256.49,1090.16
2025-01-04,PRD-H04,145.59,4,124.99,582.36
2025-01-04,PRD-B01,41.04,15,39.9,611.5
2025-01-04,PRD-B02,51.3,9,62.64,461.7
2025-01-04,PRD-B03,36.79,22,39.89,809.38
2025-01-04,PRD-B04,97.19,9,84.99,860.13
2025-01-04,PRD-S01,189.99,20,180.49,3761.8
2025-01-04,PRD-S02,31.19,30,35.63,915.42
2025-01-04,PRD-S03,161.99,0,139.99,0.0
2025-01-04,PRD-S04,47.49,4,45.59,189.96
2025-01-05,PRD-E01,167.99,2,144.99,335.98
2025-01-05,PRD-E02,175.99,7,175.49,1152.73
2025-01-05,PRD-E03,237.49,4,239.0,914.34
2025-01-05,PRD-E04,62.39,1,49.49,62.39
2025-01-05,PRD-A01,57.19,19,62.0,1063.73
2025-01-05,PRD-A02,113.99,9,109.24,963.21
2025-01-05,PRD-A03,46.79,13,51.83,601.25
2025-01-05,PRD-A04,90.24,6,105.84,541.44
2025-01-05,PRD-H01,55.99,10,54.99,559.9
2025-01-05,PRD-H02,147.19,9,134.99,1324.71
2025-01-05,PRD-H03,275.99,4,256.49,993.56
2025-01-05,PRD-H04,145.59,5,124.99,698.83
2025-01-05,PRD-B01,41.04,13,39.9,525.31
2025-01-05,PRD-B02,51.3,18,62.64,884.9
2025-01-05,PRD-B03,36.79,13,39.89,478.27
2025-01-05,PRD-B04,97.19,6,84.99,563.7
2025-01-05,PRD-S01,189.99,17,180.49,3220.33
2025-01-05,PRD-S02,31.19,17,35.63,527.11
2025-01-05,PRD-S03,161.99,2,139.99,315.88
2025-01-05,PRD-S04,47.49,7,45.59,311.07
2025-01-06,PRD-E01,167.99,0,144.99,0.0
2025-01-06,PRD-E02,175.99,7,175.49,1231.93
2025-01-06,PRD-E03,237.49,0,239.0,0.0
2025-01-06,PRD-E04,62.39,3,49.49,187.17
2025-01-06,PRD-A01,57.19,7,62.0,383.17
2025-01-06,PRD-A02,113.99,0,109.24,0.0
2025-01-06,PRD-A03,46.79,30,51.83,1387.32
2025-01-06,PRD-A04,90.24,4,105.84,347.42
2025-01-06,PRD-H01,55.99,8,54.99,431.12
2025-01-06,PRD-H02,147.19,13,134.99,1832.51
2025-01-06,PRD-H03,275.99,1,256.49,275.99
2025-01-06,PRD-H04,145.59,2,124.99,276.62
2025-01-06,PRD-B01,41.04,6,39.9,242.14
2025-01-06,PRD-B02,51.3,7,62.64,348.83
2025-01-06,PRD-B03,36.79,18,39.89,625.42
2025-01-06,PRD-B04,97.19,4,84.99,388.76
2025-01-06,PRD-S01,189.99,7,180.49,1310.93
2025-01-06,PRD-S02,31.19,17,35.63,516.19
2025-01-06,PRD-S03,161.99,0,139.99,0.0
2025-01-06,PRD-S04,47.49,3,45.59,142.47
2025-01-07,PRD-E01,167.99,4,144.99,671.96
2025-01-07,PRD-E02,175.99,15,175.49,2613.45
2025-01-07,PRD-E03,237.49,1,239.0,237.49
2025-01-07,PRD-E04,62.39,5,49.49,308.83
2025-01-07,PRD-A01,57.19,8,62.0,437.5
2025-01-07,PRD-A02,113.99,10,109.24,1139.9
2025-01-07,PRD-A03,46.79,18,51.83,842.22
2025-01-07,PRD-A04,90.24,6,105.84,514.36
2025-01-07,PRD-H01,55.99,13,54.99,691.47
2025-01-07,PRD-H02,147.19,7,134.99,1030.33
2025-01-07,PRD-H03,275.99,2,256.49,551.98
2025-01-07,PRD-H04,145.59,2,124.99,291.18
2025-01-07,PRD-B01,41.04,13,39.9,533.52
2025-01-07,PRD-B02,51.3,12,62.64,584.82
2025-01-07,PRD-B03,36.79,22,39.89,809.38
2025-01-07,PRD-B04,97.19,6,84.99,568.56
2025-01-07,PRD-S01,189.99,15,180.49,2764.35
2025-01-07,PRD-S02,31.19,13,35.63,399.23
2025-01-07,PRD-S03,161.99,0,139.99,0.0
2025-01-07,PRD-S04,47.49,1,45.59,45.12
2025-01-08,PRD-E01,167.99,8,144.99,1335.52
2025-01-08,PRD-E02,175.99,14,175.49,2437.46
2025-01-08,PRD-E03,237.49,2,239.0,474.98
2025-01-08,PRD-E04,62.39,6,49.49,374.34
2025-01-08,PRD-A01,57.19,20,62.0,1115.2
2025-01-08,PRD-A02,113.99,2,109.24,227.98
2025-01-08,PRD-A03,46.79,9,51.83,418.77
2025-01-08,PRD-A04,90.24,4,105.84,356.45
2025-01-08,PRD-H01,55.99,2,54.99,92.38
2025-01-08,PRD-H02,147.19,2,134.99,264.94
2025-01-08,PRD-H03,275.99,3,256.49,827.97
2025-01-08,PRD-H04,145.59,3,124.99,436.77
2025-01-08,PRD-B01,41.04,11,39.9,445.28
2025-01-08,PRD-B02,51.3,2,62.64,102.6
2025-01-08,PRD-B03,36.79,8,39.89,290.64
2025-01-08,PRD-B04,97.19,8,84.99,748.36
2025-01-08,PRD-S01,189.99,2,180.49,379.98
2025-01-08,PRD-S02,31.19,22,35.63,658.1
2025-01-08,PRD-S03,161.99,1,139.99,161.99
2025-01-08,PRD-S04,47.49,3,45.59,142.47
2025-01-09,PRD-E01,167.99,7,144.99,1175.93
2025-01-09,PRD-E02,175.99,17,175.49,2780.63
2025-01-09,PRD-E03,237.49,4,239.0,949.96
2025-01-09,PRD-E04,62.39,0,49.49,0.0
2025-01-09,PRD-A01,57.19,18,62.0,1029.42
2025-01-09,PRD-A02,113.99,1,109.24,113.99
2025-01-09,PRD-A03,46.79,19,51.83,884.33
2025-01-09,PRD-A04,90.24,8,105.84,721.92
2025-01-09,PRD-H01,55.99,0,54.99,0.0
2025-01-09,PRD-H02,147.19,0,134.99,0.0
2025-01-09,PRD-H03,275.99,8,256.49,2207.92
2025-01-09,PRD-H04,145.59,5,124.99,727.95
2025-01-09,PRD-B01,41.04,20,39.9,812.59
2025-01-09,PRD-B02,51.3,6,62.64,282.15
2025-01-09,PRD-B03,36.79,15,39.89,551.85
2025-01-09,PRD-B04,97.19,4,84.99,388.76
2025-01-09,PRD-S01,189.99,13,180.49,2422.37
2025-01-09,PRD-S02,31.19,26,35.63,789.1
2025-01-09,PRD-S03,161.99,0,139.99,0.0
2025-01-09,PRD-S04,47.49,5,45.59,237.45
2025-01-10,PRD-E01,167.99,7,144.99,1175.93
2025-01-10,PRD-E02,175.99,5,175.49,879.95
2025-01-10,PRD-E03,237.49,3,239.0,700.6
2025-01-10,PRD-E04,62.39,5,49.49,311.95
2025-01-10,PRD-A01,57.19,6,62.0,337.42
2025-01-10,PRD-A02,113.99,16,109.24,1812.44
2025-01-10,PRD-A03,46.79,10,51.83,465.56
2025-01-10,PRD-A04,90.24,4,105.84,360.96
2025-01-10,PRD-H01,55.99,1,54.99,55.99
2025-01-10,PRD-H02,147.19,9,134.99,1324.71
2025-01-10,PRD-H03,275.99,4,256.49,1090.16
2025-01-10,PRD-H04,145.59,8,124.99,1157.44
2025-01-10,PRD-B01,41.04,7,39.9,285.23
2025-01-10,PRD-B02,51.3,10,62.64,513.0
2025-01-10,PRD-B03,36.79,12,39.89,439.64
2025-01-10,PRD-B04,97.19,9,84.99,860.13
2025-01-10,PRD-S01,189.99,5,180.49,949.95
2025-01-10,PRD-S02,31.19,9,35.63,280.71
2025-01-10,PRD-S03,161.99,1,139.99,129.59
2025-01-10,PRD-S04,47.49,6,45.59,284.94
2025-01-11,PRD-E01,167.99,4,144.99,671.96
2025-01-11,PRD-E02,175.99,15,175.49,2525.45
2025-01-11,PRD-E03,237.49,4,239.0,878.72
2025-01-11,PRD-E04,62.39,12,49.49,736.2
2025-01-11,PRD-A01,57.19,15,62.0,846.41
2025-01-11,PRD-A02,113.99,8,109.24,883.42
2025-01-11,PRD-A03,46.79,20,51.83,926.44
2025-01-11,PRD-A04,90.24,4,105.84,360.96
2025-01-11,PRD-H01,55.99,7,54.99,389.13
2025-01-11,PRD-H02,147.19,2,134.99,294.38
2025-01-11,PRD-H03,275.99,8,256.49,2207.92
2025-01-11,PRD-H04,145.59,5,124.99,720.67
2025-01-11,PRD-B01,41.04,3,39.9,114.91
2025-01-11,PRD-B02,51.3,19,62.64,969.57
2025-01-11,PRD-B03,36.79,12,39.89,434.12
2025-01-11,PRD-B04,97.19,0,84.99,0.0
2025-01-11,PRD-S01,189.99,8,180.49,1481.92
2025-01-11,PRD-S02,31.19,30,35.63,921.66
2025-01-11,PRD-S03,161.99,0,139.99,0.0
2025-01-11,PRD-S04,47.49,14,45.59,662.49
2025-01-12,PRD-E01,167.99,4,144.99,671.96
2025-01-12,PRD-E02,175.99,7,175.49,1214.33
2025-01-12,PRD-E03,237.49,2,239.0,451.23
2025-01-12,PRD-E04,62.39,3,49.49,168.45
2025-01-12,PRD-A01,57.19,29,62.0,1629.91
2025-01-12,PRD-A02,113.99,3,109.24,341.97
2025-01-12,PRD-A03,46.79,9,51.83,411.75
2025-01-12,PRD-A04,90.24,4,105.84,351.94
2025-01-12,PRD-H01,55.99,10,54.99,559.9
2025-01-12,PRD-H02,147.19,13,134.99,1906.11
2025-01-12,PRD-H03,275.99,6,256.49,1614.54
2025-01-12,PRD-H04,145.59,12,124.99,1703.4
2025-01-12,PRD-B01,41.04,10,39.9,410.4
2025-01-12,PRD-B02,51.3,13,62.64,636.08
2025-01-12,PRD-B03,36.79,18,39.89,656.7
2025-01-12,PRD-B04,97.19,6,84.99,573.42
2025-01-12,PRD-S01,189.99,5,180.49,949.95
2025-01-12,PRD-S02,31.19,45,35.63,1359.87
2025-01-12,PRD-S03,161.99,5,139.99,809.95
2025-01-12,PRD-S04,47.49,3,45.59,142.47
2025-01-13,PRD-E01,131.99,4,130.49,527.96
2025-01-13,PRD-E02,183.99,9,185.24,1628.31
2025-01-13,PRD-E03,219.99,3,239.0,659.97
2025-01-13,PRD-E04,59.99,1,49.49,59.99
2025-01-13,PRD-A01,61.74,22,58.9,1358.28
2025-01-13,PRD-A02,129.59,5,114.99,647.95
2025-01-13,PRD-A03,44.99,27,47.99,1201.23
2025-01-13,PRD-A04,102.59,4,93.1,405.23
2025-01-13,PRD-H01,53.99,6,52.24,323.94
2025-01-13,PRD-H02,179.19,3,157.49,519.65
2025-01-13,PRD-H03,284.99,3,270.74,826.47
2025-01-13,PRD-H04,135.19,5,124.99,675.95
2025-01-13,PRD-B01,34.96,14,39.9,478.94
2025-01-13,PRD-B02,56.16,9,60.9,491.4
2025-01-13,PRD-B03,35.19,20,37.99,691.48
2025-01-13,PRD-B04,85.49,10,91.79,854.9
2025-01-13,PRD-S01,215.99,2,205.19,431.98
2025-01-13,PRD-S02,26.39,18,29.69,468.42
2025-01-13,PRD-S03,131.99,3,151.19,395.97
2025-01-13,PRD-S04,51.99,9,50.39,452.31
2025-01-14,PRD-E01,131.99,20,130.49,2626.6
2025-01-14,PRD-E02,183.99,8,185.24,1471.92
2025-01-14,PRD-E03,219.99,12,239.0,2628.88
2025-01-14,PRD-E04,59.99,14,49.49,812.86
2025-01-14,PRD-A01,61.74,6,58.9,370.44
2025-01-14,PRD-A02,129.59,7,114.99,907.13
2025-01-14,PRD-A03,44.99,6,47.99,265.44
2025-01-14,PRD-A04,102.59,2,93.1,174.4
2025-01-14,PRD-H01,53.99,7,52.24,369.83
2025-01-14,PRD-H02,179.19,0,157.49,0.0
2025-01-14,PRD-H03,284.99,0,270.74,0.0
2025-01-14,PRD-H04,135.19,3,124.99,405.57
2025-01-14,PRD-B01,34.96,12,39.9,403.78
2025-01-14,PRD-B02,56.16,12,60.9,645.83
2025-01-14,PRD-B03,35.19,22,37.99,760.1
2025-01-14,PRD-B04,85.49,2,91.79,170.98
2025-01-14,PRD-S01,215.99,9,205.19,1922.31
2025-01-14,PRD-S02,26.39,22,29.69,576.62
2025-01-14,PRD-S03,131.99,2,151.19,250.78
2025-01-14,PRD-S04,51.99,5,50.39,257.35
2025-01-15,PRD-E01,131.99,5,130.49,659.95
2025-01-15,PRD-E02,183.99,10,185.24,1839.9
2025-01-15,PRD-E03,219.99,3,239.0,637.97
2025-01-15,PRD-E04,59.99,4,49.49,227.96
2025-01-15,PRD-A01,61.74,14,58.9,864.36
2025-01-15,PRD-A02,129.59,4,114.99,492.44
2025-01-15,PRD-A03,44.99,5,47.99,224.95
2025-01-15,PRD-A04,102.59,4,93.1,389.84
2025-01-15,PRD-H01,53.99,4,52.24,215.96
2025-01-15,PRD-H02,179.19,8,157.49,1433.52
2025-01-15,PRD-H03,284.99,2,270.74,569.98
2025-01-15,PRD-H04,135.19,8,124.99,1081.52
2025-01-15,PRD-B01,34.96,5,39.9,174.8
2025-01-15,PRD-B02,56.16,14,60.9,783.43
2025-01-15,PRD-B03,35.19,33,37.99,1148.95
2025-01-15,PRD-B04,85.49,3,91.79,230.83
2025-01-15,PRD-S01,215.99,9,205.19,1900.71
2025-01-15,PRD-S02,26.39,33,29.69,869.55
2025-01-15,PRD-S03,131.99,1,151.19,131.99
2025-01-15,PRD-S04,51.99,2,50.39,103.98
2025-01-16,PRD-E01,131.99,11,130.49,1399.09
2025-01-16,PRD-E02,183.99,4,185.24,726.76
2025-01-16,PRD-E03,219.99,5,239.0,1099.95
2025-01-16,PRD-E04,59.99,8,49.49,470.92
2025-01-16,PRD-A01,61.74,18,58.9,1055.75
2025-01-16,PRD-A02,129.59,5,114.99,647.95
2025-01-16,PRD-A03,44.99,8,47.99,346.42
2025-01-16,PRD-A04,102.59,1,93.1,102.59
2025-01-16,PRD-H01,53.99,9,52.24,483.21
2025-01-16,PRD-H02,179.19,3,157.49,537.57
2025-01-16,PRD-H03,284.99,2,270.74,569.98
2025-01-16,PRD-H04,135.19,3,124.99,392.05
2025-01-16,PRD-B01,34.96,9,39.9,307.64
2025-01-16,PRD-B02,56.16,9,60.9,480.17
2025-01-16,PRD-B03,35.19,8,37.99,274.48
2025-01-16,PRD-B04,85.49,10,91.79,854.9
2025-01-16,PRD-S01,215.99,2,205.19,431.98
2025-01-16,PRD-S02,26.39,17,29.69,440.71
2025-01-16,PRD-S03,131.99,1,151.19,131.99
2025-01-16,PRD-S04,51.99,8,50.39,410.72
2025-01-17,PRD-E01,131.99,7,130.49,904.13
2025-01-17,PRD-E02,183.99,6,185.24,1085.54
2025-01-17,PRD-E03,219.99,3,239.0,659.97
2025-01-17,PRD-E04,59.99,4,49.49,233.96
2025-01-17,PRD-A01,61.74,24,58.9,1466.32
2025-01-17,PRD-A02,129.59,6,114.99,758.1
2025-01-17,PRD-A03,44.99,22,47.99,989.78
2025-01-17,PRD-A04,102.59,1,93.1,102.59
2025-01-17,PRD-H01,53.99,13,52.24,699.17
2025-01-17,PRD-H02,179.19,1,157.49,143.35
2025-01-17,PRD-H03,284.99,12,270.74,3419.88
2025-01-17,PRD-H04,135.19,4,124.99,527.24
2025-01-17,PRD-B01,34.96,21,39.9,723.67
2025-01-17,PRD-B02,56.16,7,60.9,381.88
2025-01-17,PRD-B03,35.19,20,37.99,696.76
2025-01-17,PRD-B04,85.49,10,91.79,846.35
2025-01-17,PRD-S01,215.99,4,205.19,863.96
2025-01-17,PRD-S02,26.39,21,29.69,540.99
2025-01-17,PRD-S03,131.99,0,151.19,0.0
2025-01-17,PRD-S04,51.99,5,50.39,257.35
2025-01-18,PRD-E01,131.99,4,130.49,461.96
2025-01-18,PRD-E02,183.99,6,185.24,1094.74
2025-01-18,PRD-E03,219.99,4,239.0,879.96
2025-01-18,PRD-E04,59.99,3,49.49,179.97
2025-01-18,PRD-A01,61.74,10,58.9,614.31
2025-01-18,PRD-A02,129.59,1,114.99,129.59
2025-01-18,PRD-A03,44.99,16,47.99,715.34
2025-01-18,PRD-A04,102.59,3,93.1,307.77
2025-01-18,PRD-H01,53.99,18,52.24,971.82
2025-01-18,PRD-H02,179.19,0,157.49,0.0
2025-01-18,PRD-H03,284.99,6,270.74,1681.44
2025-01-18,PRD-H04,135.19,5,124.99,675.95
2025-01-18,PRD-B01,34.96,6,39.9,209.76
2025-01-18,PRD-B02,56.16,11,60.9,603.71
2025-01-18,PRD-B03,35.19,55,37.99,1894.97
2025-01-18,PRD-B04,85.49,5,91.79,414.63
2025-01-18,PRD-S01,215.99,8,205.19,1717.12
2025-01-18,PRD-S02,26.39,30,29.69,790.38
2025-01-18,PRD-S03,131.99,5,151.19,659.95
2025-01-18,PRD-S04,51.99,4,50.39,197.56
2025-01-19,PRD-E01,131.99,4,130.49,514.76
2025-01-19,PRD-E02,183.99,3,185.24,551.97
2025-01-19,PRD-E03,219.99,0,239.0,0.0
2025-01-19,PRD-E04,59.99,8,49.49,473.92
2025-01-19,PRD-A01,61.74,5,58.9,284.0
2025-01-19,PRD-A02,129.59,3,114.99,388.77
2025-01-19,PRD-A03,44.99,26,47.99,1167.49
2025-01-19,PRD-A04,102.59,8,93.1,789.94
2025-01-19,PRD-H01,53.99,3,52.24,161.97
2025-01-19,PRD-H02,179.19,7,157.49,1182.65
2025-01-19,PRD-H03,284.99,3,270.74,797.97
2025-01-19,PRD-H04,135.19,5,124.99,662.43
2025-01-19,PRD-B01,34.96,15,39.9,513.91
2025-01-19,PRD-B02,56.16,5,60.9,280.8
2025-01-19,PRD-B03,35.19,32,37.99,1120.8
2025-01-19,PRD-B04,85.49,5,91.79,410.35
2025-01-19,PRD-S01,215.99,6,205.19,1274.34
2025-01-19,PRD-S02,26.39,25,29.69,653.15
2025-01-19,PRD-S03,131.99,24,151.19,3167.76
2025-01-19,PRD-S04,51.99,2,50.39,103.98
2025-01-20,PRD-E01,131.99,5,130.49,659.95
2025-01-20,PRD-E02,183.99,5,185.24,892.35
2025-01-20,PRD-E03,219.99,0,239.0,0.0
2025-01-20,PRD-E04,59.99,1,49.49,59.99
2025-01-20,PRD-A01,61.74,8,58.9,490.83
2025-01-20,PRD-A02,129.59,0,114.99,0.0
2025-01-20,PRD-A03,44.99,8,47.99,350.92
2025-01-20,PRD-A04,102.59,2,93.1,194.92
2025-01-20,PRD-H01,53.99,6,52.24,323.94
2025-01-20,PRD-H02,179.19,2,157.49,358.38
2025-01-20,PRD-H03,284.99,0,270.74,0.0
2025-01-20,PRD-H04,135.19,4,124.99,540.76
2025-01-20,PRD-B01,34.96,10,39.9,339.11
2025-01-20,PRD-B02,56.16,4,60.9,224.64
2025-01-20,PRD-B03,35.19,14,37.99,482.1
2025-01-20,PRD-B04,85.49,6,91.79,512.94
2025-01-20,PRD-S01,215.99,4,205.19,863.96
2025-01-20,PRD-S02,26.39,32,29.69,831.28
2025-01-20,PRD-S03,131.99,1,151.19,131.99
2025-01-20,PRD-S04,51.99,0,50.39,0.0
2025-01-21,PRD-E01,131.99,11,130.49,1451.89
2025-01-21,PRD-E02,183.99,10,185.24,1812.3
2025-01-21,PRD-E03,219.99,5,239.0,1099.95
2025-01-21,PRD-E04,59.99,6,49.49,359.94
2025-01-21,PRD-A01,61.74,3,58.9,185.22
2025-01-21,PRD-A02,129.59,11,114.99,1373.65
2025-01-21,PRD-A03,44.99,15,47.99,665.85
2025-01-21,PRD-A04,102.59,3,93.1,307.77
2025-01-21,PRD-H01,53.99,4,52.24,215.96
2025-01-21,PRD-H02,179.19,2,157.49,358.38
2025-01-21,PRD-H03,284.99,1,270.74,284.99
2025-01-21,PRD-H04,135.19,6,124.99,804.38
2025-01-21,PRD-B01,34.96,14,39.9,485.94
2025-01-21,PRD-B02,56.16,9,60.9,505.44
2025-01-21,PRD-B03,35.19,21,37.99,719.63
2025-01-21,PRD-B04,85.49,4,91.79,333.41
2025-01-21,PRD-S01,215.99,14,205.19,2959.06
2025-01-21,PRD-S02,26.39,28,29.69,737.6
2025-01-21,PRD-S03,131.99,0,151.19,0.0
2025-01-21,PRD-S04,51.99,2,50.39,103.98
2025-01-22,PRD-E01,131.99,12,130.49,1583.88
2025-01-22,PRD-E02,183.99,9,185.24,1655.91
2025-01-22,PRD-E03,219.99,5,239.0,1088.95
2025-01-22,PRD-E04,59.99,12,49.49,683.88
2025-01-22,PRD-A01,61.74,6,58.9,364.27
2025-01-22,PRD-A02,129.59,2,114.99,259.18
2025-01-22,PRD-A03,44.99,12,47.99,521.88
2025-01-22,PRD-A04,102.59,1,93.1,102.59
2025-01-22,PRD-H01,53.99,3,52.24,151.17
2025-01-22,PRD-H02,179.19,5,157.49,895.95
2025-01-22,PRD-H03,284.99,0,270.74,0.0
2025-01-22,PRD-H04,135.19,9,124.99,1216.71
2025-01-22,PRD-B01,34.96,15,39.9,524.4
2025-01-22,PRD-B02,56.16,9,60.9,494.2
2025-01-22,PRD-B03,35.19,18,37.99,633.42
2025-01-22,PRD-B04,85.49,9,91.79,769.41
2025-01-22,PRD-S01,215.99,8,205.19,1727.92
2025-01-22,PRD-S02,26.39,27,29.69,690.09
2025-01-22,PRD-S03,131.99,8,151.19,1055.92
2025-01-22,PRD-S04,51.99,3,50.39,155.97
2025-01-23,PRD-E01,131.99,4,130.49,521.36
2025-01-23,PRD-E02,183.99,6,185.24,1076.34
2025-01-23,PRD-E03,219.99,5,239.0,1099.95
2025-01-23,PRD-E04,59.99,3,49.49,179.97
2025-01-23,PRD-A01,61.74,7,58.9,410.57
2025-01-23,PRD-A02,129.59,4,114.99,518.36
2025-01-23,PRD-A03,44.99,10,47.99,440.9
2025-01-23,PRD-A04,102.59,2,93.1,205.18
2025-01-23,PRD-H01,53.99,4,52.24,210.56
2025-01-23,PRD-H02,179.19,3,157.49,519.65
2025-01-23,PRD-H03,284.99,4,270.74,1139.96
2025-01-23,PRD-H04,135.19,5,124.99,675.95
2025-01-23,PRD-B01,34.96,12,39.9,410.77
2025-01-23,PRD-B02,56.16,6,60.9,331.34
2025-01-23,PRD-B03,35.19,12,37.99,411.72
2025-01-23,PRD-B04,85.49,4,91.79,341.96
2025-01-23,PRD-S01,215.99,4,205.19,863.96
2025-01-23,PRD-S02,26.39,26,29.69,650.5
2025-01-23,PRD-S03,131.99,1,151.19,131.99
2025-01-23,PRD-S04,51.99,2,50.39,101.38
2025-01-24,PRD-E01,131.99,5,130.49,653.35
2025-01-24,PRD-E02,183.99,14,185.24,2557.46
2025-01-24,PRD-E03,219.99,7,239.0,1539.93
2025-01-24,PRD-E04,59.99,7,49.49,413.93
2025-01-24,PRD-A01,61.74,16,58.9,987.84
2025-01-24,PRD-A02,129.59,2,114.99,259.18
2025-01-24,PRD-A03,44.99,8,47.99,346.42
2025-01-24,PRD-A04,102.59,9,93.1,923.31
2025-01-24,PRD-H01,53.99,3,52.24,159.27
2025-01-24,PRD-H02,179.19,3,157.49,528.61
2025-01-24,PRD-H03,284.99,2,270.74,555.73
2025-01-24,PRD-H04,135.19,5,124.99,675.95
2025-01-24,PRD-B01,34.96,8,39.9,279.68
2025-01-24,PRD-B02,56.16,9,60.9,499.82
2025-01-24,PRD-B03,35.19,16,37.99,559.52
2025-01-24,PRD-B04,85.49,3,91.79,256.47
2025-01-24,PRD-S01,215.99,7,205.19,1501.13
2025-01-24,PRD-S02,26.39,21,29.69,554.19
2025-01-24,PRD-S03,131.99,4,151.19,527.96
2025-01-24,PRD-S04,51.99,4,50.39,207.96
2025-01-25,PRD-E01,131.99,13,130.49,1689.47
2025-01-25,PRD-E02,183.99,9,185.24,1619.11
2025-01-25,PRD-E03,219.99,3,239.0,659.97
2025-01-25,PRD-E04,59.99,14,49.49,818.86
2025-01-25,PRD-A01,61.74,12,58.9,740.88
2025-01-25,PRD-A02,129.59,2,114.99,246.22
2025-01-25,PRD-A03,44.99,21,47.99,942.54
2025-01-25,PRD-A04,102.59,4,93.1,405.23
2025-01-25,PRD-H01,53.99,22,52.24,1187.78
2025-01-25,PRD-H02,179.19,3,157.49,492.77
2025-01-25,PRD-H03,284.99,3,270.74,854.97
2025-01-25,PRD-H04,135.19,3,124.99,405.57
2025-01-25,PRD-B01,34.96,22,39.9,769.12
2025-01-25,PRD-B02,56.16,7,60.9,381.89
2025-01-25,PRD-B03,35.19,24,37.99,821.68
2025-01-25,PRD-B04,85.49,1,91.79,85.49
2025-01-25,PRD-S01,215.99,9,205.19,1943.91
2025-01-25,PRD-S02,26.39,29,29.69,754.75
2025-01-25,PRD-S03,131.99,3,151.19,395.97
2025-01-25,PRD-S04,51.99,6,50.39,311.94
2025-01-26,PRD-E01,131.99,16,130.49,1979.84
2025-01-26,PRD-E02,183.99,12,185.24,2207.88
2025-01-26,PRD-E03,219.99,6,239.0,1297.94
2025-01-26,PRD-E04,59.99,8,49.49,473.92
2025-01-26,PRD-A01,61.74,12,58.9,737.79
2025-01-26,PRD-A02,129.59,14,114.99,1814.26
2025-01-26,PRD-A03,44.99,32,47.99,1439.68
2025-01-26,PRD-A04,102.59,2,93.1,205.18
2025-01-26,PRD-H01,53.99,13,52.24,701.87
2025-01-26,PRD-H02,179.19,3,157.49,537.57
2025-01-26,PRD-H03,284.99,3,270.74,854.97
2025-01-26,PRD-H04,135.19,7,124.99,939.57
2025-01-26,PRD-B01,34.96,15,39.9,520.9
2025-01-26,PRD-B02,56.16,7,60.9,393.12
2025-01-26,PRD-B03,35.19,23,37.99,797.05
2025-01-26,PRD-B04,85.49,8,91.79,671.1
2025-01-26,PRD-S01,215.99,15,205.19,3218.25
2025-01-26,PRD-S02,26.39,22,29.69,571.34
2025-01-26,PRD-S03,131.99,1,151.19,131.99
2025-01-26,PRD-S04,51.99,4,50.39,202.76
2025-01-27,PRD-E01,142.49,5,130.49,698.21
2025-01-27,PRD-E02,223.99,6,185.24,1299.14
2025-01-27,PRD-E03,249.99,1,239.0,249.99
2025-01-27,PRD-E04,56.99,12,49.49,683.88
2025-01-27,PRD-A01,59.79,18,58.9,1058.28
2025-01-27,PRD-A02,124.79,3,114.99,361.89
2025-01-27,PRD-A03,39.59,11,47.99,423.61
2025-01-27,PRD-A04,106.39,5,93.1,521.31
2025-01-27,PRD-H01,47.49,10,52.24,474.9
2025-01-27,PRD-H02,179.19,1,157.49,179.19
2025-01-27,PRD-H03,275.99,4,270.74,1103.96
2025-01-27,PRD-H04,145.59,2,124.99,291.18
2025-01-27,PRD-B01,38.0,16,39.9,602.3
2025-01-27,PRD-B02,56.16,4,60.9,224.64
2025-01-27,PRD-B03,41.59,9,37.99,368.07
2025-01-27,PRD-B04,79.19,6,91.79,475.14
2025-01-27,PRD-S01,189.99,5,205.19,883.45
2025-01-27,PRD-S02,27.59,24,29.69,653.88
2025-01-27,PRD-S03,149.99,3,151.19,449.97
2025-01-27,PRD-S04,51.99,0,50.39,0.0
2025-01-28,PRD-E01,142.49,5,130.49,712.45
2025-01-28,PRD-E02,223.99,6,185.24,1343.94
2025-01-28,PRD-E03,249.99,2,239.0,499.98
2025-01-28,PRD-E04,56.99,4,49.49,227.96
2025-01-28,PRD-A01,59.79,16,58.9,923.75
2025-01-28,PRD-A02,124.79,6,114.99,748.74
2025-01-28,PRD-A03,39.59,5,47.99,197.95
2025-01-28,PRD-A04,106.39,7,93.1,734.09
2025-01-28,PRD-H01,47.49,10,52.24,474.9
2025-01-28,PRD-H02,179.19,1,157.49,179.19
2025-01-28,PRD-H03,275.99,4,270.74,1076.36
2025-01-28,PRD-H04,145.59,2,124.99,291.18
2025-01-28,PRD-B01,38.0,12,39.9,456.0
2025-01-28,PRD-B02,56.16,4,60.9,221.83
2025-01-28,PRD-B03,41.59,8,37.99,330.64
2025-01-28,PRD-B04,79.19,2,91.79,158.38
2025-01-28,PRD-S01,189.99,10,205.19,1823.9
2025-01-28,PRD-S02,27.59,28,29.69,751.82
2025-01-28,PRD-S03,149.99,5,151.19,719.95
2025-01-28,PRD-S04,51.99,2,50.39,103.98
2025-01-29,PRD-E01,142.49,1,130.49,142.49
2025-01-29,PRD-E02,223.99,10,185.24,2206.3
2025-01-29,PRD-E03,249.99,3,239.0,749.97
2025-01-29,PRD-E04,56.99,3,49.49,162.42
2025-01-29,PRD-A01,59.79,15,58.9,896.85
2025-01-29,PRD-A02,124.79,3,114.99,368.13
2025-01-29,PRD-A03,39.59,7,47.99,267.23
2025-01-29,PRD-A04,106.39,12,93.1,1276.68
2025-01-29,PRD-H01,47.49,8,52.24,372.81
2025-01-29,PRD-H02,179.19,5,157.49,860.11
2025-01-29,PRD-H03,275.99,5,270.74,1379.95
2025-01-29,PRD-H04,145.59,1,124.99,145.59
2025-01-29,PRD-B01,38.0,13,39.9,490.2
2025-01-29,PRD-B02,56.16,6,60.9,317.29
2025-01-29,PRD-B03,41.59,4,37.99,166.36
2025-01-29,PRD-B04,79.19,5,91.79,388.03
2025-01-29,PRD-S01,189.99,6,205.19,1120.94
2025-01-29,PRD-S02,27.59,26,29.69,707.68
2025-01-29,PRD-S03,149.99,1,151.19,149.99
2025-01-29,PRD-S04,51.99,10,50.39,478.3
2025-01-30,PRD-E01,142.49,2,130.49,284.98
2025-01-30,PRD-E02,223.99,2,185.24,447.98
2025-01-30,PRD-E03,249.99,2,239.0,499.98
2025-01-30,PRD-E04,56.99,3,49.49,168.12
2025-01-30,PRD-A01,59.79,14,58.9,795.2
2025-01-30,PRD-A02,124.79,7,114.99,861.05
2025-01-30,PRD-A03,39.59,24,47.99,950.16
2025-01-30,PRD-A04,106.39,1,93.1,106.39
2025-01-30,PRD-H01,47.49,10,52.24,467.78
2025-01-30,PRD-H02,179.19,0,157.49,0.0
2025-01-30,PRD-H03,275.99,5,270.74,1324.75
2025-01-30,PRD-H04,145.59,7,124.99,1004.57
2025-01-30,PRD-B01,38.0,5,39.9,190.0
2025-01-30,PRD-B02,56.16,15,60.9,800.27
2025-01-30,PRD-B03,41.59,13,37.99,505.31
2025-01-30,PRD-B04,79.19,3,91.79,237.57
2025-01-30,PRD-S01,189.99,17,205.19,3172.83
2025-01-30,PRD-S02,27.59,38,29.69,995.98
2025-01-30,PRD-S03,149.99,3,151.19,442.47
2025-01-30,PRD-S04,51.99,3,50.39,155.97
2025-01-31,PRD-E01,142.49,2,130.49,284.98
2025-01-31,PRD-E02,223.99,6,185.24,1343.94
2025-01-31,PRD-E03,249.99,11,239.0,2749.89
2025-01-31,PRD-E04,56.99,4,49.49,225.11
2025-01-31,PRD-A01,59.79,25,58.9,1494.75
2025-01-31,PRD-A02,124.79,2,114.99,249.58
2025-01-31,PRD-A03,39.59,7,47.99,277.13
2025-01-31,PRD-A04,106.39,2,93.1,202.14
2025-01-31,PRD-H01,47.49,8,52.24,375.18
2025-01-31,PRD-H02,179.19,2,157.49,322.54
2025-01-31,PRD-H03,275.99,1,270.74,275.99
2025-01-31,PRD-H04,145.59,2,124.99,291.18
2025-01-31,PRD-B01,38.0,10,39.9,380.0
2025-01-31,PRD-B02,56.16,13,60.9,730.08
2025-01-31,PRD-B03,41.59,13,37.99,519.87
2025-01-31,PRD-B04,79.19,6,91.79,475.14
2025-01-31,PRD-S01,189.99,11,205.19,2080.39
2025-01-31,PRD-S02,27.59,16,29.69,424.88
2025-01-31,PRD-S03,149.99,3,151.19,449.97
2025-01-31,PRD-S04,51.99,3,50.39,145.57
2025-02-01,PRD-E01,142.49,12,130.49,1603.03
2025-02-01,PRD-E02,223.99,3,185.24,604.77
2025-02-01,PRD-E03,249.99,0,239.0,0.0
2025-02-01,PRD-E04,56.99,8,49.49,450.22
2025-02-01,PRD-A01,59.79,2,58.9,119.58
2025-02-01,PRD-A02,124.79,7,114.99,848.57
2025-02-01,PRD-A03,39.59,15,47.99,593.85
2025-02-01,PRD-A04,106.39,2,93.1,212.78
2025-02-01,PRD-H01,47.49,5,52.24,232.7
2025-02-01,PRD-H02,179.19,1,157.49,179.19
2025-02-01,PRD-H03,275.99,3,270.74,827.97
2025-02-01,PRD-H04,145.59,6,124.99,858.98
2025-02-01,PRD-B01,38.0,10,39.9,368.6
2025-02-01,PRD-B02,56.16,18,60.9,991.21
2025-02-01,PRD-B03,41.59,6,37.99,247.46
2025-02-01,PRD-B04,79.19,2,91.79,158.38
2025-02-01,PRD-S01,189.99,3,205.19,569.97
2025-02-01,PRD-S02,27.59,23,29.69,623.53
2025-02-01,PRD-S03,149.99,3,151.19,449.97
2025-02-01,PRD-S04,51.99,4,50.39,207.96
2025-02-02,PRD-E01,142.49,3,130.49,427.47
2025-02-02,PRD-E02,223.99,2,185.24,447.98
2025-02-02,PRD-E03,249.99,3,239.0,749.97
2025-02-02,PRD-E04,56.99,4,49.49,227.96
2025-02-02,PRD-A01,59.79,23,58.9,1366.2
2025-02-02,PRD-A02,124.79,5,114.99,623.95
2025-02-02,PRD-A03,39.59,13,47.99,510.71
2025-02-02,PRD-A04,106.39,7,93.1,734.09
2025-02-02,PRD-H01,47.49,6,52.24,275.44
2025-02-02,PRD-H02,179.19,8,157.49,1433.52
2025-02-02,PRD-H03,275.99,2,270.74,524.38
2025-02-02,PRD-H04,145.59,3,124.99,436.77
2025-02-02,PRD-B01,38.0,18,39.9,678.3
2025-02-02,PRD-B02,56.16,5,60.9,272.37
2025-02-02,PRD-B03,41.59,10,37.99,415.9
2025-02-02,PRD-B04,79.19,1,91.79,75.23
2025-02-02,PRD-S01,189.99,9,205.19,1690.91
2025-02-02,PRD-S02,27.59,15,29.69,411.09
2025-02-02,PRD-S03,149.99,0,151.19,0.0
2025-02-02,PRD-S04,51.99,3,50.39,145.57
2025-02-03,PRD-E01,142.49,2,130.49,284.98
2025-02-03,PRD-E02,223.99,2,185.24,380.78
2025-02-03,PRD-E03,249.99,5,239.0,1174.95
2025-02-03,PRD-E04,56.99,9,52.24,504.36
2025-02-03,PRD-A01,59.79,12,62.0,711.5
2025-02-03,PRD-A02,124.79,1,114.99,106.07
2025-02-03,PRD-A03,39.59,28,51.83,1098.62
2025-02-03,PRD-A04,106.39,4,105.84,425.56
2025-02-03,PRD-H01,47.49,17,59.39,807.33
2025-02-03,PRD-H02,179.19,3,149.99,537.57
2025-02-03,PRD-H03,275.99,0,299.24,0.0
2025-02-03,PRD-H04,145.59,4,134.99,575.08
2025-02-03,PRD-B01,38.0,6,44.1,216.6
2025-02-03,PRD-B02,56.16,9,60.9,477.36
2025-02-03,PRD-B03,41.59,14,36.09,582.26
2025-02-03,PRD-B04,79.19,3,89.24,225.69
2025-02-03,PRD-S01,189.99,4,170.99,759.96
2025-02-03,PRD-S02,27.59,20,31.34,540.76
2025-02-03,PRD-S03,149.99,3,146.99,419.97
2025-02-03,PRD-S04,51.99,2,45.59,103.98
2025-02-04,PRD-E01,142.49,2,130.49,284.98
2025-02-04,PRD-E02,223.99,5,185.24,1119.95
2025-02-04,PRD-E03,249.99,4,239.0,999.96
2025-02-04,PRD-E04,56.99,3,52.24,170.97
2025-02-04,PRD-A01,59.79,12,62.0,711.5
2025-02-04,PRD-A02,124.79,7,114.99,829.85
2025-02-04,PRD-A03,39.59,18,51.83,682.92
2025-02-04,PRD-A04,106.39,10,105.84,1063.9
2025-02-04,PRD-H01,47.49,3,59.39,130.6
2025-02-04,PRD-H02,179.19,0,149.99,0.0
2025-02-04,PRD-H03,275.99,2,299.24,551.98
2025-02-04,PRD-H04,145.59,5,134.99,727.95
2025-02-04,PRD-B01,38.0,18,44.1,684.0
2025-02-04,PRD-B02,56.16,4,60.9,224.64
2025-02-04,PRD-B03,41.59,9,36.09,368.07
2025-02-04,PRD-B04,79.19,6,89.24,475.14
2025-02-04,PRD-S01,189.99,6,170.99,1139.94
2025-02-04,PRD-S02,27.59,13,31.34,354.53
2025-02-04,PRD-S03,149.99,0,146.99,0.0
2025-02-04,PRD-S04,51.99,1,45.59,51.99
2025-02-05,PRD-E01,142.49,10,130.49,1339.42
2025-02-05,PRD-E02,223.99,5,185.24,1086.35
2025-02-05,PRD-E03,249.99,1,239.0,249.99
2025-02-05,PRD-E04,56.99,7,52.24,398.93
2025-02-05,PRD-A01,59.79,6,62.0,358.74
2025-02-05,PRD-A02,124.79,2,114.99,237.1
2025-02-05,PRD-A03,39.59,9,51.83,356.31
2025-02-05,PRD-A04,106.39,0,105.84,0.0
2025-02-05,PRD-H01,47.49,3,59.39,135.35
2025-02-05,PRD-H02,179.19,5,149.99,886.99
2025-02-05,PRD-H03,275.99,2,299.24,551.98
2025-02-05,PRD-H04,145.59,2,134.99,291.18
2025-02-05,PRD-B01,38.0,11,44.1,414.2
2025-02-05,PRD-B02,56.16,8,60.9,440.86
2025-02-05,PRD-B03,41.59,11,36.09,449.17
2025-02-05,PRD-B04,79.19,1,89.24,79.19
2025-02-05,PRD-S01,189.99,4,170.99,740.96
2025-02-05,PRD-S02,27.59,16,31.34,438.68
2025-02-05,PRD-S03,149.99,1,146.99,149.99
2025-02-05,PRD-S04,51.99,5,45.59,259.95
2025-02-06,PRD-E01,142.49,7,130.49,990.31
2025-02-06,PRD-E02,223.99,3,185.24,671.97
2025-02-06,PRD-E03,249.99,4,239.0,999.96
2025-02-06,PRD-E04,56.99,15,52.24,854.85
2025-02-06,PRD-A01,59.79,15,62.0,896.85
2025-02-06,PRD-A02,124.79,4,114.99,492.92
2025-02-06,PRD-A03,39.59,4,51.83,158.36
2025-02-06,PRD-A04,106.39,4,105.84,425.56
2025-02-06,PRD-H01,47.49,13,59.39,617.37
2025-02-06,PRD-H02,179.19,5,149.99,895.95
2025-02-06,PRD-H03,275.99,0,299.24,0.0
2025-02-06,PRD-H04,145.59,5,134.99,727.95
2025-02-06,PRD-B01,38.0,11,44.1,404.7
2025-02-06,PRD-B02,56.16,7,60.9,384.7
2025-02-06,PRD-B03,41.59,5,36.09,203.79
2025-02-06,PRD-B04,79.19,5,89.24,395.95
2025-02-06,PRD-S01,189.99,8,170.99,1510.42
2025-02-06,PRD-S02,27.59,15,31.34,402.81
2025-02-06,PRD-S03,149.99,3,146.99,442.47
2025-02-06,PRD-S04,51.99,2,45.59,103.98
2025-02-07,PRD-E01,142.49,1,130.49,142.49
2025-02-07,PRD-E02,223.99,7,185.24,1523.13
2025-02-07,PRD-E03,249.99,4,239.0,999.96
2025-02-07,PRD-E04,56.99,10,52.24,569.9
2025-02-07,PRD-A01,59.79,8,62.0,472.34
2025-02-07,PRD-A02,124.79,8,114.99,873.52
2025-02-07,PRD-A03,39.59,8,51.83,312.76
2025-02-07,PRD-A04,106.39,6,105.84,638.34
2025-02-07,PRD-H01,47.49,5,59.39,237.45
2025-02-07,PRD-H02,179.19,1,149.99,179.19
2025-02-07,PRD-H03,275.99,1,299.24,275.99
2025-02-07,PRD-H04,145.59,7,134.99,1004.57
2025-02-07,PRD-B01,38.0,6,44.1,224.2
2025-02-07,PRD-B02,56.16,10,60.9,555.98
2025-02-07,PRD-B03,41.59,4,36.09,166.36
2025-02-07,PRD-B04,79.19,5,89.24,391.99
2025-02-07,PRD-S01,189.99,6,170.99,1092.44
2025-02-07,PRD-S02,27.59,12,31.34,311.76
2025-02-07,PRD-S03,149.99,2,146.99,299.98
2025-02-07,PRD-S04,51.99,10,45.59,491.3
2025-02-08,PRD-E01,142.49,4,130.49,541.47
2025-02-08,PRD-E02,223.99,7,185.24,1444.73
2025-02-08,PRD-E03,249.99,0,239.0,0.0
2025-02-08,PRD-E04,56.99,11,52.24,621.19
2025-02-08,PRD-A01,59.79,17,62.0,1004.47
2025-02-08,PRD-A02,124.79,6,114.99,748.74
2025-02-08,PRD-A03,39.59,7,51.83,273.17
2025-02-08,PRD-A04,106.39,3,105.84,319.17
2025-02-08,PRD-H01,47.49,21,59.39,964.05
2025-02-08,PRD-H02,179.19,1,149.99,179.19
2025-02-08,PRD-H03,275.99,2,299.24,551.98
2025-02-08,PRD-H04,145.59,6,134.99,873.54
2025-02-08,PRD-B01,38.0,11,44.1,418.0
2025-02-08,PRD-B02,56.16,14,60.9,775.01
2025-02-08,PRD-B03,41.59,10,36.09,411.74
2025-02-08,PRD-B04,79.19,2,89.24,158.38
2025-02-08,PRD-S01,189.99,4,170.99,740.96
2025-02-08,PRD-S02,27.59,14,31.34,383.5
2025-02-08,PRD-S03,149.99,5,146.99,749.95
2025-02-08,PRD-S04,51.99,5,45.59,259.95
2025-02-09,PRD-E01,142.49,3,130.49,427.47
2025-02-09,PRD-E02,223.99,7,185.24,1545.53
2025-02-09,PRD-E03,249.99,2,239.0,487.48
2025-02-09,PRD-E04,56.99,6,52.24,341.94
2025-02-09,PRD-A01,59.79,13,62.0,747.37
2025-02-09,PRD-A02,124.79,6,114.99,711.3
2025-02-09,PRD-A03,39.59,18,51.83,710.64
2025-02-09,PRD-A04,106.39,8,105.84,851.12
2025-02-09,PRD-H01,47.49,5,59.39,237.45
2025-02-09,PRD-H02,179.19,4,149.99,636.12
2025-02-09,PRD-H03,275.99,4,299.24,1103.96
2025-02-09,PRD-H04,145.59,8,134.99,1142.88
2025-02-09,PRD-B01,38.0,13,44.1,488.3
2025-02-09,PRD-B02,56.16,8,60.9,446.47
2025-02-09,PRD-B03,41.59,15,36.09,619.69
2025-02-09,PRD-B04,79.19,2,89.24,158.38
2025-02-09,PRD-S01,189.99,11,170.99,2051.89
2025-02-09,PRD-S02,27.59,8,31.34,220.72
2025-02-09,PRD-S03,149.99,2,146.99,277.48
2025-02-09,PRD-S04,51.99,6,45.59,298.94
2025-02-10,PRD-E01,155.99,6,130.49,912.54
2025-02-10,PRD-E02,189.99,2,185.24,379.98
2025-02-10,PRD-E03,237.49,8,239.0,1899.92
2025-02-10,PRD-E04,56.99,7,52.24,398.93
2025-02-10,PRD-A01,64.99,13,62.0,844.87
2025-02-10,PRD-A02,113.99,14,114.99,1595.86
2025-02-10,PRD-A03,50.39,10,51.83,493.82
2025-02-10,PRD-A04,83.59,9,105.84,752.31
2025-02-10,PRD-H01,45.99,9,59.39,409.31
2025-02-10,PRD-H02,159.99,5,149.99,799.95
2025-02-10,PRD-H03,275.99,7,299.24,1931.93
2025-02-10,PRD-H04,140.39,3,134.99,386.07
2025-02-10,PRD-B01,39.52,14,44.1,553.28
2025-02-10,PRD-B02,51.3,8,60.9,410.4
2025-02-10,PRD-B03,41.59,5,36.09,203.79
2025-02-10,PRD-B04,93.59,0,89.24,0.0
2025-02-10,PRD-S01,215.99,5,170.99,1079.95
2025-02-10,PRD-S02,29.99,4,31.34,118.46
2025-02-10,PRD-S03,131.99,2,146.99,263.98
2025-02-10,PRD-S04,51.99,5,45.59,259.95
2025-02-11,PRD-E01,155.99,2,130.49,311.98
2025-02-11,PRD-E02,189.99,3,185.24,569.97
2025-02-11,PRD-E03,237.49,2,239.0,474.98
2025-02-11,PRD-E04,56.99,5,52.24,282.1
2025-02-11,PRD-A01,64.99,25,62.0,1624.75
2025-02-11,PRD-A02,113.99,0,114.99,0.0
2025-02-11,PRD-A03,50.39,14,51.83,702.94
2025-02-11,PRD-A04,83.59,5,105.84,417.95
2025-02-11,PRD-H01,45.99,5,59.39,225.35
2025-02-11,PRD-H02,159.99,7,149.99,1095.93
2025-02-11,PRD-H03,275.99,5,299.24,1324.75
2025-02-11,PRD-H04,140.39,2,134.99,266.74
2025-02-11,PRD-B01,39.52,7,44.1,270.71
2025-02-11,PRD-B02,51.3,15,60.9,754.11
2025-02-11,PRD-B03,41.59,16,36.09,659.2
2025-02-11,PRD-B04,93.59,10,89.24,935.9
2025-02-11,PRD-S01,215.99,2,170.99,367.18
2025-02-11,PRD-S02,29.99,5,31.34,143.95
2025-02-11,PRD-S03,131.99,3,146.99,395.97
2025-02-11,PRD-S04,51.99,7,45.59,358.73
2025-02-12,PRD-E01,155.99,5,130.49,779.95
2025-02-12,PRD-E02,189.99,11,185.24,2004.39
2025-02-12,PRD-E03,237.49,2,239.0,474.98
2025-02-12,PRD-E04,56.99,9,52.24,512.91
2025-02-12,PRD-A01,64.99,5,62.0,321.7
2025-02-12,PRD-A02,113.99,4,114.99,421.76
2025-02-12,PRD-A03,50.39,10,51.83,498.86
2025-02-12,PRD-A04,83.59,11,105.84,919.49
2025-02-12,PRD-H01,45.99,9,59.39,413.91
2025-02-12,PRD-H02,159.99,2,149.99,295.98
2025-02-12,PRD-H03,275.99,1,299.24,275.99
2025-02-12,PRD-H04,140.39,10,134.99,1403.9
2025-02-12,PRD-B01,39.52,13,44.1,509.8
2025-02-12,PRD-B02,51.3,14,60.9,710.49
2025-02-12,PRD-B03,41.59,7,36.09,274.49
2025-02-12,PRD-B04,93.59,4,89.24,374.36
2025-02-12,PRD-S01,215.99,2,170.99,431.98
2025-02-12,PRD-S02,29.99,16,31.34,478.34
2025-02-12,PRD-S03,131.99,5,146.99,659.95
2025-02-12,PRD-S04,51.99,3,45.59,153.37
2025-02-13,PRD-E01,155.99,1,130.49,155.99
2025-02-13,PRD-E02,189.99,6,185.24,1101.94
2025-02-13,PRD-E03,237.49,1,239.0,237.49
2025-02-13,PRD-E04,56.99,12,52.24,658.23
2025-02-13,PRD-A01,64.99,17,62.0,1095.08
2025-02-13,PRD-A02,113.99,3,114.99,330.57
2025-02-13,PRD-A03,50.39,9,51.83,450.99
2025-02-13,PRD-A04,83.59,9,105.84,752.31
2025-02-13,PRD-H01,45.99,3,59.39,137.97
2025-02-13,PRD-H02,159.99,2,149.99,319.98
2025-02-13,PRD-H03,275.99,1,299.24,275.99
2025-02-13,PRD-H04,140.39,3,134.99,421.17
2025-02-13,PRD-B01,39.52,1,44.1,39.52
2025-02-13,PRD-B02,51.3,2,60.9,94.9
2025-02-13,PRD-B03,41.59,14,36.09,573.94
2025-02-13,PRD-B04,93.59,3,89.24,280.77
2025-02-13,PRD-S01,215.99,5,170.99,1047.55
2025-02-13,PRD-S02,29.99,19,31.34,562.31
2025-02-13,PRD-S03,131.99,0,146.99,0.0
2025-02-13,PRD-S04,51.99,11,45.59,551.09
2025-02-14,PRD-E01,155.99,7,130.49,1076.33
2025-02-14,PRD-E02,189.99,11,185.24,2089.89
2025-02-14,PRD-E03,237.49,8,239.0,1899.92
2025-02-14,PRD-E04,56.99,5,52.24,284.95
2025-02-14,PRD-A01,64.99,1,62.0,64.99
2025-02-14,PRD-A02,113.99,4,114.99,450.26
2025-02-14,PRD-A03,50.39,12,51.83,599.64
2025-02-14,PRD-A04,83.59,8,105.84,647.82
2025-02-14,PRD-H01,45.99,4,59.39,183.96
2025-02-14,PRD-H02,159.99,11,149.99,1759.89
2025-02-14,PRD-H03,275.99,0,299.24,0.0
2025-02-14,PRD-H04,140.39,5,134.99,701.95
2025-02-14,PRD-B01,39.52,9,44.1,341.85
2025-02-14,PRD-B02,51.3,13,60.9,641.25
2025-02-14,PRD-B03,41.59,6,36.09,247.46
2025-02-14,PRD-B04,93.59,2,89.24,187.18
2025-02-14,PRD-S01,215.99,7,170.99,1511.93
2025-02-14,PRD-S02,29.99,0,31.34,0.0
2025-02-14,PRD-S03,131.99,3,146.99,395.97
2025-02-14,PRD-S04,51.99,2,45.59,96.18
2025-02-15,PRD-E01,155.99,8,130.49,1224.52
2025-02-15,PRD-E02,189.99,11,185.24,2080.39
2025-02-15,PRD-E03,237.49,6,239.0,1389.32
2025-02-15,PRD-E04,56.99,0,52.24,0.0
2025-02-15,PRD-A01,64.99,6,62.0,389.94
2025-02-15,PRD-A02,113.99,19,114.99,2137.31
2025-02-15,PRD-A03,50.39,22,51.83,1093.46
2025-02-15,PRD-A04,83.59,2,105.84,167.18
2025-02-15,PRD-H01,45.99,3,59.39,135.67
2025-02-15,PRD-H02,159.99,6,149.99,959.94
2025-02-15,PRD-H03,275.99,1,299.24,262.19
2025-02-15,PRD-H04,140.39,5,134.99,694.93
2025-02-15,PRD-B01,39.52,5,44.1,197.6
2025-02-15,PRD-B02,51.3,17,60.9,859.25
2025-02-15,PRD-B03,41.59,12,36.09,492.84
2025-02-15,PRD-B04,93.59,14,89.24,1296.22
2025-02-15,PRD-S01,215.99,5,170.99,1069.15
2025-02-15,PRD-S02,29.99,12,31.34,353.88
2025-02-15,PRD-S03,131.99,1,146.99,118.79
2025-02-15,PRD-S04,51.99,6,45.59,311.94
2025-02-16,PRD-E01,155.99,5,130.49,779.95
2025-02-16,PRD-E02,189.99,4,185.24,740.96
2025-02-16,PRD-E03,237.49,2,239.0,474.98
2025-02-16,PRD-E04,56.99,5,52.24,284.95
2025-02-16,PRD-A01,64.99,4,62.0,243.71
2025-02-16,PRD-A02,113.99,6,114.99,672.54
2025-02-16,PRD-A03,50.39,8,51.83,388.0
2025-02-16,PRD-A04,83.59,5,105.84,405.41
2025-02-16,PRD-H01,45.99,12,59.39,549.58
2025-02-16,PRD-H02,159.99,2,149.99,295.98
2025-02-16,PRD-H03,275.99,4,299.24,993.56
2025-02-16,PRD-H04,140.39,2,134.99,259.72
2025-02-16,PRD-B01,39.52,14,44.1,551.3
2025-02-16,PRD-B02,51.3,7,60.9,359.1
2025-02-16,PRD-B03,41.59,6,36.09,249.54
2025-02-16,PRD-B04,93.59,0,89.24,0.0
2025-02-16,PRD-S01,215.99,8,170.99,1684.72
2025-02-16,PRD-S02,29.99,15,31.34,448.35
2025-02-16,PRD-S03,131.99,6,146.99,791.94
2025-02-16,PRD-S04,51.99,3,45.59,155.97
2025-02-17,PRD-E01,155.99,3,130.49,467.97
2025-02-17,PRD-E02,189.99,15,185.24,2849.85
2025-02-17,PRD-E03,237.49,1,239.0,237.49
2025-02-17,PRD-E04,56.99,9,52.24,507.21
2025-02-17,PRD-A01,64.99,5,62.0,321.7
2025-02-17,PRD-A02,113.99,8,114.99,894.82
2025-02-17,PRD-A03,50.39,16,51.83,803.72
2025-02-17,PRD-A04,83.59,4,105.84,334.36
2025-02-17,PRD-H01,45.99,8,59.39,367.92
2025-02-17,PRD-H02,159.99,5,149.99,799.95
2025-02-17,PRD-H03,275.99,5,299.24,1379.95
2025-02-17,PRD-H04,140.39,2,134.99,280.78
2025-02-17,PRD-B01,39.52,9,44.1,345.8
2025-02-17,PRD-B02,51.3,12,60.9,615.6
2025-02-17,PRD-B03,41.59,13,36.09,534.43
2025-02-17,PRD-B04,93.59,8,89.24,748.72
2025-02-17,PRD-S01,215.99,0,170.99,0.0
2025-02-17,PRD-S02,29.99,10,31.34,298.4
2025-02-17,PRD-S03,131.99,2,146.99,263.98
2025-02-17,PRD-S04,51.99,0,45.59,0.0
2025-02-18,PRD-E01,155.99,7,130.49,1068.53
2025-02-18,PRD-E02,189.99,1,185.24,189.99
2025-02-18,PRD-E03,237.49,7,239.0,1614.95
2025-02-18,PRD-E04,56.99,7,52.24,384.68
2025-02-18,PRD-A01,64.99,6,62.0,389.94
2025-02-18,PRD-A02,113.99,3,114.99,341.97
2025-02-18,PRD-A03,50.39,15,51.83,745.77
2025-02-18,PRD-A04,83.59,4,105.84,334.36
2025-02-18,PRD-H01,45.99,3,59.39,133.37
2025-02-18,PRD-H02,159.99,4,149.99,639.96
2025-02-18,PRD-H03,275.99,12,299.24,3311.88
2025-02-18,PRD-H04,140.39,3,134.99,414.15
2025-02-18,PRD-B01,39.52,21,44.1,818.07
2025-02-18,PRD-B02,51.3,9,60.9,459.13
2025-02-18,PRD-B03,41.59,6,36.09,239.14
2025-02-18,PRD-B04,93.59,11,89.24,935.89
2025-02-18,PRD-S01,215.99,2,170.99,431.98
2025-02-18,PRD-S02,29.99,16,31.34,469.34
2025-02-18,PRD-S03,131.99,5,146.99,659.95
2025-02-18,PRD-S04,51.99,1,45.59,51.99
2025-02-19,PRD-E01,155.99,3,130.49,467.97
2025-02-19,PRD-E02,189.99,28,185.24,5053.72
2025-02-19,PRD-E03,237.49,3,239.0,712.47
2025-02-19,PRD-E04,56.99,6,52.24,341.94
2025-02-19,PRD-A01,64.99,12,62.0,763.63
2025-02-19,PRD-A02,113.99,5,114.99,569.95
2025-02-19,PRD-A03,50.39,12,51.83,592.08
2025-02-19,PRD-A04,83.59,2,105.84,158.82
2025-02-19,PRD-H01,45.99,5,59.39,229.95
2025-02-19,PRD-H02,159.99,1,149.99,159.99
2025-02-19,PRD-H03,275.99,4,299.24,1103.96
2025-02-19,PRD-H04,140.39,8,134.99,1123.12
2025-02-19,PRD-B01,39.52,12,44.1,460.4
2025-02-19,PRD-B02,51.3,19,60.9,974.7
2025-02-19,PRD-B03,41.59,3,36.09,124.77
2025-02-19,PRD-B04,93.59,3,89.24,276.09
2025-02-19,PRD-S01,215.99,2,170.99,410.38
2025-02-19,PRD-S02,29.99,15,31.34,442.35
2025-02-19,PRD-S03,131.99,7,146.99,917.33
2025-02-19,PRD-S04,51.99,12,45.59,623.88
2025-02-20,PRD-E01,155.99,3,130.49,444.57
2025-02-20,PRD-E02,189.99,7,185.24,1320.43
2025-02-20,PRD-E03,237.49,1,239.0,189.99
2025-02-20,PRD-E04,56.99,7,52.24,398.93
2025-02-20,PRD-A01,64.99,15,62.0,896.85
2025-02-20,PRD-A02,113.99,3,114.99,330.57
2025-02-20,PRD-A03,50.39,19,51.83,949.85
2025-02-20,PRD-A04,83.59,7,105.84,585.13
2025-02-20,PRD-H01,45.99,8,59.39,340.32
2025-02-20,PRD-H02,159.99,1,149.99,159.99
2025-02-20,PRD-H03,275.99,2,299.24,551.98
2025-02-20,PRD-H04,140.39,2,134.99,280.78
2025-02-20,PRD-B01,39.52,3,44.1,118.56
2025-02-20,PRD-B02,51.3,13,60.9,654.07
2025-02-20,PRD-B03,41.59,13,36.09,526.11
2025-02-20,PRD-B04,93.59,4,89.24,346.28
2025-02-20,PRD-S01,215.99,9,170.99,1771.11
2025-02-20,PRD-S02,29.99,12,31.34,358.38
2025-02-20,PRD-S03,131.99,2,146.99,263.98
2025-02-20,PRD-S04,51.99,7,45.59,358.73
2025-02-21,PRD-E01,155.99,3,130.49,467.97
2025-02-21,PRD-E02,189.99,4,185.24,759.96
2025-02-21,PRD-E03,237.49,3,239.0,700.6
2025-02-21,PRD-E04,56.99,4,52.24,219.41
2025-02-21,PRD-A01,64.99,4,62.0,253.46
2025-02-21,PRD-A02,113.99,10,114.99,1139.9
2025-02-21,PRD-A03,50.39,16,51.83,796.16
2025-02-21,PRD-A04,83.59,5,105.84,417.95
2025-02-21,PRD-H01,45.99,8,59.39,363.32
2025-02-21,PRD-H02,159.99,6,149.99,911.94
2025-02-21,PRD-H03,275.99,9,299.24,2263.11
2025-02-21,PRD-H04,140.39,6,134.99,814.26
2025-02-21,PRD-B01,39.52,8,44.1,308.26
2025-02-21,PRD-B02,51.3,13,60.9,666.9
2025-02-21,PRD-B03,41.59,6,36.09,239.14
2025-02-21,PRD-B04,93.59,6,89.24,561.54
2025-02-21,PRD-S01,215.99,5,170.99,1058.35
2025-02-21,PRD-S02,29.99,26,31.34,779.74
2025-02-21,PRD-S03,131.99,2,146.99,250.78
2025-02-21,PRD-S04,51.99,3,45.59,140.37
2025-02-22,PRD-E01,155.99,2,130.49,311.98
2025-02-22,PRD-E02,189.99,11,185.24,2070.89
2025-02-22,PRD-E03,237.49,1,239.0,213.74
2025-02-22,PRD-E04,56.99,0,52.24,0.0
2025-02-22,PRD-A01,64.99,7,62.0,445.18
2025-02-22,PRD-A02,113.99,6,114.99,666.84
2025-02-22,PRD-A03,50.39,14,51.83,680.26
2025-02-22,PRD-A04,83.59,8,105.84,635.28
2025-02-22,PRD-H01,45.99,24,59.39,1096.86
2025-02-22,PRD-H02,159.99,11,149.99,1743.89
2025-02-22,PRD-H03,275.99,4,299.24,1103.96
2025-02-22,PRD-H04,140.39,4,134.99,547.52
2025-02-22,PRD-B01,39.52,16,44.1,628.37
2025-02-22,PRD-B02,51.3,9,60.9,451.43
2025-02-22,PRD-B03,41.59,22,36.09,898.34
2025-02-22,PRD-B04,93.59,6,89.24,561.54
2025-02-22,PRD-S01,215.99,1,170.99,215.99
2025-02-22,PRD-S02,29.99,18,31.34,524.82
2025-02-22,PRD-S03,131.99,1,146.99,131.99
2025-02-22,PRD-S04,51.99,1,45.59,51.99
2025-02-23,PRD-E01,155.99,8,130.49,1224.52
2025-02-23,PRD-E02,189.99,9,185.24,1700.41
2025-02-23,PRD-E03,237.49,4,239.0,949.96
2025-02-23,PRD-E04,56.99,7,52.24,396.08
2025-02-23,PRD-A01,64.99,26,62.0,1670.24
2025-02-23,PRD-A02,113.99,10,114.99,1139.9
2025-02-23,PRD-A03,50.39,11,51.83,549.25
2025-02-23,PRD-A04,83.59,5,105.84,409.59
2025-02-23,PRD-H01,45.99,21,59.39,965.79
2025-02-23,PRD-H02,159.99,5,149.99,791.95
2025-02-23,PRD-H03,275.99,2,299.24,551.98
2025-02-23,PRD-H04,140.39,2,134.99,280.78
2025-02-23,PRD-B01,39.52,10,44.1,391.25
2025-02-23,PRD-B02,51.3,6,60.9,307.8
2025-02-23,PRD-B03,41.59,13,36.09,536.51
2025-02-23,PRD-B04,93.59,4,89.24,360.32
2025-02-23,PRD-S01,215.99,7,170.99,1349.93
2025-02-23,PRD-S02,29.99,20,31.34,590.8
2025-02-23,PRD-S03,131.99,6,146.99,791.94
2025-02-23,PRD-S04,51.99,4,45.59,207.96
2025-02-24,PRD-E01,131.99,6,152.24,772.14
2025-02-24,PRD-E02,175.99,3,194.99,510.37
2025-02-24,PRD-E03,269.99,12,215.1,3239.88
2025-02-24,PRD-E04,67.19,1,57.74,67.19
2025-02-24,PRD-A01,59.79,11,66.96,657.69
2025-02-24,PRD-A02,110.39,4,103.49,430.52
2025-02-24,PRD-A03,46.79,6,43.19,278.4
2025-02-24,PRD-A04,98.79,2,93.1,182.76
2025-02-24,PRD-H01,47.49,16,52.24,745.59
2025-02-24,PRD-H02,166.39,4,142.49,648.92
2025-02-24,PRD-H03,311.99,2,307.79,623.98
2025-02-24,PRD-H04,129.99,4,124.99,519.96
2025-02-24,PRD-B01,34.96,3,37.8,104.88
2025-02-24,PRD-B02,56.16,7,58.0,384.69
2025-02-24,PRD-B03,37.99,8,36.09,298.22
2025-02-24,PRD-B04,82.79,1,84.99,82.79
2025-02-24,PRD-S01,189.99,11,180.49,2080.39
2025-02-24,PRD-S02,32.39,10,31.34,310.94
2025-02-24,PRD-S03,161.99,3,125.99,485.97
2025-02-24,PRD-S04,47.49,6,51.83,284.94
2025-02-25,PRD-E01,131.99,12,152.24,1544.28
2025-02-25,PRD-E02,175.99,2,194.99,351.98
2025-02-25,PRD-E03,269.99,1,215.1,269.99
2025-02-25,PRD-E04,67.19,1,57.74,57.11
2025-02-25,PRD-A01,59.79,16,66.96,947.67
2025-02-25,PRD-A02,110.39,4,103.49,441.56
2025-02-25,PRD-A03,46.79,14,43.19,655.06
2025-02-25,PRD-A04,98.79,3,93.1,251.91
2025-02-25,PRD-H01,47.49,5,52.24,220.84
2025-02-25,PRD-H02,166.39,3,142.49,490.85
2025-02-25,PRD-H03,311.99,0,307.79,0.0
2025-02-25,PRD-H04,129.99,2,124.99,240.48
2025-02-25,PRD-B01,34.96,12,37.8,407.29
2025-02-25,PRD-B02,56.16,10,58.0,561.6
2025-02-25,PRD-B03,37.99,12,36.09,450.18
2025-02-25,PRD-B04,82.79,4,84.99,331.16
2025-02-25,PRD-S01,189.99,6,180.49,1130.44
2025-02-25,PRD-S02,32.39,9,31.34,286.65
2025-02-25,PRD-S03,161.99,4,125.99,647.96
2025-02-25,PRD-S04,47.49,4,51.83,189.96
2025-02-26,PRD-E01,131.99,6,152.24,791.94
2025-02-26,PRD-E02,175.99,5,194.99,853.55
2025-02-26,PRD-E03,269.99,2,215.1,539.98
2025-02-26,PRD-E04,67.19,6,57.74,403.14
2025-02-26,PRD-A01,59.79,6,66.96,358.74
2025-02-26,PRD-A02,110.39,7,103.49,772.73
2025-02-26,PRD-A03,46.79,16,43.19,734.6
2025-02-26,PRD-A04,98.79,2,93.1,182.76
2025-02-26,PRD-H01,47.49,4,52.24,187.59
2025-02-26,PRD-H02,166.39,2,142.49,332.78
2025-02-26,PRD-H03,311.99,4,307.79,1216.76
2025-02-26,PRD-H04,129.99,10,124.99,1299.9
2025-02-26,PRD-B01,34.96,9,37.8,304.14
2025-02-26,PRD-B02,56.16,4,58.0,224.64
2025-02-26,PRD-B03,37.99,6,36.09,224.14
2025-02-26,PRD-B04,82.79,1,84.99,82.79
2025-02-26,PRD-S01,189.99,4,180.49,759.96
2025-02-26,PRD-S02,32.39,11,31.34,349.81
2025-02-26,PRD-S03,161.99,5,125.99,793.75
2025-02-26,PRD-S04,47.49,7,51.83,315.82
2025-02-27,PRD-E01,131.99,6,152.24,785.34
2025-02-27,PRD-E02,175.99,14,194.99,2375.86
2025-02-27,PRD-E03,269.99,1,215.1,269.99
2025-02-27,PRD-E04,67.19,1,57.74,67.19
2025-02-27,PRD-A01,59.79,13,66.96,777.27
2025-02-27,PRD-A02,110.39,1,103.49,99.35
2025-02-27,PRD-A03,46.79,9,43.19,414.09
2025-02-27,PRD-A04,98.79,0,93.1,0.0
2025-02-27,PRD-H01,47.49,2,52.24,94.98
2025-02-27,PRD-H02,166.39,1,142.49,166.39
2025-02-27,PRD-H03,311.99,0,307.79,0.0
2025-02-27,PRD-H04,129.99,3,124.99,389.97
2025-02-27,PRD-B01,34.96,8,37.8,274.43
2025-02-27,PRD-B02,56.16,9,58.0,499.82
2025-02-27,PRD-B03,37.99,10,36.09,379.9
2025-02-27,PRD-B04,82.79,3,84.99,240.09
2025-02-27,PRD-S01,189.99,8,180.49,1510.42
2025-02-27,PRD-S02,32.39,13,31.34,411.35
2025-02-27,PRD-S03,161.99,0,125.99,0.0
2025-02-27,PRD-S04,47.49,9,51.83,415.54
2025-02-28,PRD-E01,131.99,8,152.24,1016.32
2025-02-28,PRD-E02,175.99,7,194.99,1231.93
2025-02-28,PRD-E03,269.99,1,215.1,269.99
2025-02-28,PRD-E04,67.19,4,57.74,258.68
2025-02-28,PRD-A01,59.79,18,66.96,1061.27
2025-02-28,PRD-A02,110.39,5,103.49,551.95
2025-02-28,PRD-A03,46.79,15,43.19,673.77
2025-02-28,PRD-A04,98.79,8,93.1,790.32
2025-02-28,PRD-H01,47.49,5,52.24,213.71
2025-02-28,PRD-H02,166.39,4,142.49,665.56
2025-02-28,PRD-H03,311.99,0,307.79,0.0
2025-02-28,PRD-H04,129.99,4,124.99,506.96
2025-02-28,PRD-B01,34.96,31,37.8,1076.76
2025-02-28,PRD-B02,56.16,2,58.0,112.32
2025-02-28,PRD-B03,37.99,11,36.09,412.19
2025-02-28,PRD-B04,82.79,5,84.99,413.95
2025-02-28,PRD-S01,189.99,6,180.49,1139.94
2025-02-28,PRD-S02,32.39,14,31.34,440.5
2025-02-28,PRD-S03,161.99,1,125.99,161.99
2025-02-28,PRD-S04,47.49,2,51.83,92.61
2025-03-01,PRD-E01,131.99,12,152.24,1544.28
2025-03-01,PRD-E02,175.99,10,194.99,1759.9
2025-03-01,PRD-E03,269.99,7,215.1,1808.93
2025-03-01,PRD-E04,67.19,6,57.74,403.14
2025-03-01,PRD-A01,59.79,11,66.96,648.72
2025-03-01,PRD-A02,110.39,16,103.49,1755.2
2025-03-01,PRD-A03,46.79,3,43.19,138.03
2025-03-01,PRD-A04,98.79,4,93.1,395.16
2025-03-01,PRD-H01,47.49,4,52.24,189.96
2025-03-01,PRD-H02,166.39,7,142.49,1164.73
2025-03-01,PRD-H03,311.99,1,307.79,311.99
2025-03-01,PRD-H04,129.99,18,124.99,2313.82
2025-03-01,PRD-B01,34.96,12,37.8,409.04
2025-03-01,PRD-B02,56.16,17,58.0,918.19
2025-03-01,PRD-B03,37.99,14,36.09,524.26
2025-03-01,PRD-B04,82.79,3,84.99,235.95
2025-03-01,PRD-S01,189.99,4,180.49,759.96
2025-03-01,PRD-S02,32.39,15,31.34,479.37
2025-03-01,PRD-S03,161.99,3,125.99,485.97
2025-03-01,PRD-S04,47.49,11,51.83,522.39
2025-03-02,PRD-E01,131.99,14,152.24,1834.66
2025-03-02,PRD-E02,175.99,7,194.99,1179.13
2025-03-02,PRD-E03,269.99,2,215.1,539.98
2025-03-02,PRD-E04,67.19,4,57.74,268.76
2025-03-02,PRD-A01,59.79,3,66.96,176.38
2025-03-02,PRD-A02,110.39,10,103.49,1081.82
2025-03-02,PRD-A03,46.79,5,43.19,233.95
2025-03-02,PRD-A04,98.79,6,93.1,592.74
2025-03-02,PRD-H01,47.49,6,52.24,284.94
2025-03-02,PRD-H02,166.39,10,142.49,1663.9
2025-03-02,PRD-H03,311.99,1,307.79,311.99
2025-03-02,PRD-H04,129.99,5,124.99,649.95
2025-03-02,PRD-B01,34.96,6,37.8,197.51
2025-03-02,PRD-B02,56.16,10,58.0,550.36
2025-03-02,PRD-B03,37.99,16,36.09,588.84
2025-03-02,PRD-B04,82.79,3,84.99,240.09
2025-03-02,PRD-S01,189.99,15,180.49,2840.35
2025-03-02,PRD-S02,32.39,7,31.34,218.63
2025-03-02,PRD-S03,161.99,10,125.99,1579.4
2025-03-02,PRD-S04,47.49,11,51.83,517.64
2025-03-03,PRD-E01,131.99,5,152.24,659.95
2025-03-03,PRD-E02,175.99,6,194.99,1055.94
2025-03-03,PRD-E03,269.99,0,215.1,0.0
2025-03-03,PRD-E04,67.19,10,57.74,651.74
2025-03-03,PRD-A01,59.79,6,66.96,358.74
2025-03-03,PRD-A02,110.39,10,103.49,1103.9
2025-03-03,PRD-A03,46.79,17,43.19,774.37
2025-03-03,PRD-A04,98.79,4,93.1,375.4
2025-03-03,PRD-H01,47.49,3,52.24,142.47
2025-03-03,PRD-H02,166.39,1,142.49,166.39
2025-03-03,PRD-H03,311.99,1,307.79,311.99
2025-03-03,PRD-H04,129.99,5,124.99,649.95
2025-03-03,PRD-B01,34.96,2,37.8,69.92
2025-03-03,PRD-B02,56.16,18,58.0,926.66
2025-03-03,PRD-B03,37.99,1,36.09,37.99
2025-03-03,PRD-B04,82.79,2,84.99,157.3
2025-03-03,PRD-S01,189.99,5,180.49,911.95
2025-03-03,PRD-S02,32.39,5,31.34,160.33
2025-03-03,PRD-S03,161.99,7,125.99,1101.53
2025-03-03,PRD-S04,47.49,8,51.83,379.92
2025-03-04,PRD-E01,131.99,9,152.24,1181.31
2025-03-04,PRD-E02,175.99,14,194.99,2463.86
2025-03-04,PRD-E03,269.99,0,215.1,0.0
2025-03-04,PRD-E04,67.19,10,57.74,671.9
2025-03-04,PRD-A01,59.79,4,66.96,239.16
2025-03-04,PRD-A02,110.39,12,103.49,1308.12
2025-03-04,PRD-A03,46.79,4,43.19,187.16
2025-03-04,PRD-A04,98.79,9,93.1,889.11
2025-03-04,PRD-H01,47.49,15,52.24,712.35
2025-03-04,PRD-H02,166.39,7,142.49,1139.77
2025-03-04,PRD-H03,311.99,3,307.79,935.97
2025-03-04,PRD-H04,129.99,5,124.99,649.95
2025-03-04,PRD-B01,34.96,15,37.8,520.9
2025-03-04,PRD-B02,56.16,3,58.0,168.48
2025-03-04,PRD-B03,37.99,11,36.09,406.49
2025-03-04,PRD-B04,82.79,4,84.99,331.16
2025-03-04,PRD-S01,189.99,10,180.49,1747.9
2025-03-04,PRD-S02,32.39,5,31.34,161.95
2025-03-04,PRD-S03,161.99,1,125.99,161.99
2025-03-04,PRD-S04,47.49,9,51.83,427.41
2025-03-05,PRD-E01,131.99,13,152.24,1682.87
2025-03-05,PRD-E02,175.99,5,194.99,862.35
2025-03-05,PRD-E03,269.99,0,215.1,0.0
2025-03-05,PRD-E04,67.19,2,57.74,134.38
2025-03-05,PRD-A01,59.79,11,66.96,606.86
2025-03-05,PRD-A02,110.39,6,103.49,656.82
2025-03-05,PRD-A03,46.79,15,43.19,685.47
2025-03-05,PRD-A04,98.79,3,93.1,291.43
2025-03-05,PRD-H01,47.49,5,52.24,235.08
2025-03-05,PRD-H02,166.39,8,142.49,1322.8
2025-03-05,PRD-H03,311.99,0,307.79,0.0
2025-03-05,PRD-H04,129.99,7,124.99,896.93
2025-03-05,PRD-B01,34.96,12,37.8,416.02
2025-03-05,PRD-B02,56.16,7,58.0,384.7
2025-03-05,PRD-B03,37.99,2,36.09,75.98
2025-03-05,PRD-B04,82.79,10,84.99,815.48
2025-03-05,PRD-S01,189.99,4,180.49,759.96
2025-03-05,PRD-S02,32.39,13,31.34,414.59
2025-03-05,PRD-S03,161.99,1,125.99,161.99
2025-03-05,PRD-S04,47.49,5,51.83,237.45
2025-03-06,PRD-E01,131.99,19,152.24,2276.81
2025-03-06,PRD-E02,175.99,5,194.99,844.75
2025-03-06,PRD-E03,269.99,3,215.1,809.97
2025-03-06,PRD-E04,67.19,6,57.74,382.98
2025-03-06,PRD-A01,59.79,3,66.96,176.38
2025-03-06,PRD-A02,110.39,9,103.49,965.91
2025-03-06,PRD-A03,46.79,5,43.19,229.27
2025-03-06,PRD-A04,98.79,5,93.1,479.13
2025-03-06,PRD-H01,47.49,5,52.24,230.33
2025-03-06,PRD-H02,166.39,4,142.49,648.92
2025-03-06,PRD-H03,311.99,4,307.79,1247.96
2025-03-06,PRD-H04,129.99,4,124.99,519.96
2025-03-06,PRD-B01,34.96,18,37.8,625.78
2025-03-06,PRD-B02,56.16,10,58.0,555.98
2025-03-06,PRD-B03,37.99,11,36.09,415.99
2025-03-06,PRD-B04,82.79,3,84.99,248.37
2025-03-06,PRD-S01,189.99,5,180.49,921.45
2025-03-06,PRD-S02,32.39,10,31.34,319.04
2025-03-06,PRD-S03,161.99,4,125.99,623.66
2025-03-06,PRD-S04,47.49,4,51.83,185.21
2025-03-07,PRD-E01,131.99,5,152.24,659.95
2025-03-07,PRD-E02,175.99,2,194.99,351.98
2025-03-07,PRD-E03,269.99,2,215.1,499.48
2025-03-07,PRD-E04,67.19,8,57.74,466.96
2025-03-07,PRD-A01,59.79,4,66.96,236.17
2025-03-07,PRD-A02,110.39,2,103.49,220.78
2025-03-07,PRD-A03,46.79,10,43.19,463.22
2025-03-07,PRD-A04,98.79,14,93.1,1348.48
2025-03-07,PRD-H01,47.49,3,52.24,135.35
2025-03-07,PRD-H02,166.39,2,142.49,332.78
2025-03-07,PRD-H03,311.99,0,307.79,0.0
2025-03-07,PRD-H04,129.99,4,124.99,506.96
2025-03-07,PRD-B01,34.96,11,37.8,377.56
2025-03-07,PRD-B02,56.16,5,58.0,280.8
2025-03-07,PRD-B03,37.99,15,36.09,566.05
2025-03-07,PRD-B04,82.79,2,84.99,149.02
2025-03-07,PRD-S01,189.99,13,180.49,2374.87
2025-03-07,PRD-S02,32.39,11,31.34,346.57
2025-03-07,PRD-S03,161.99,0,125.99,0.0
2025-03-07,PRD-S04,47.49,6,51.83,280.19
2025-03-08,PRD-E01,131.99,17,152.24,2184.43
2025-03-08,PRD-E02,175.99,5,194.99,871.15
2025-03-08,PRD-E03,269.99,0,215.1,0.0
2025-03-08,PRD-E04,67.19,2,57.74,134.38
2025-03-08,PRD-A01,59.79,13,66.96,777.27
2025-03-08,PRD-A02,110.39,9,103.49,982.47
2025-03-08,PRD-A03,46.79,4,43.19,187.16
2025-03-08,PRD-A04,98.79,5,93.1,493.95
2025-03-08,PRD-H01,47.49,7,52.24,322.94
2025-03-08,PRD-H02,166.39,6,142.49,998.34
2025-03-08,PRD-H03,311.99,3,307.79,889.17
2025-03-08,PRD-H04,129.99,9,124.99,1169.91
2025-03-08,PRD-B01,34.96,11,37.8,375.82
2025-03-08,PRD-B02,56.16,16,58.0,825.58
2025-03-08,PRD-B03,37.99,6,36.09,224.14
2025-03-08,PRD-B04,82.79,9,84.99,720.27
2025-03-08,PRD-S01,189.99,8,180.49,1500.92
2025-03-08,PRD-S02,32.39,10,31.34,323.9
2025-03-08,PRD-S03,161.99,2,125.99,315.88
2025-03-08,PRD-S04,47.49,8,51.83,379.92
2025-03-09,PRD-E01,131.99,5,152.24,626.95
2025-03-09,PRD-E02,175.99,12,194.99,2076.68
2025-03-09,PRD-E03,269.99,3,215.1,809.97
2025-03-09,PRD-E04,67.19,1,57.74,67.19
2025-03-09,PRD-A01,59.79,13,66.96,741.39
2025-03-09,PRD-A02,110.39,11,103.49,1181.17
2025-03-09,PRD-A03,46.79,11,43.19,498.31
2025-03-09,PRD-A04,98.79,6,93.1,592.74
2025-03-09,PRD-H01,47.49,8,52.24,379.92
2025-03-09,PRD-H02,166.39,5,142.49,782.03
2025-03-09,PRD-H03,311.99,13,307.79,4040.27
2025-03-09,PRD-H04,129.99,8,124.99,1033.42
2025-03-09,PRD-B01,34.96,17,37.8,587.33
2025-03-09,PRD-B02,56.16,25,58.0,1367.47
2025-03-09,PRD-B03,37.99,17,36.09,643.93
2025-03-09,PRD-B04,82.79,6,84.99,488.46
2025-03-09,PRD-S01,189.99,3,180.49,569.97
2025-03-09,PRD-S02,32.39,10,31.34,315.8
2025-03-09,PRD-S03,161.99,1,125.99,161.99
2025-03-09,PRD-S04,47.49,2,51.83,90.24
2025-03-10,PRD-E01,131.99,4,152.24,527.96
2025-03-10,PRD-E02,207.99,8,194.99,1663.92
2025-03-10,PRD-E03,237.49,4,215.1,926.21
2025-03-10,PRD-E04,52.79,13,57.74,633.47
2025-03-10,PRD-A01,64.99,12,66.96,779.88
2025-03-10,PRD-A02,124.79,6,103.49,736.26
2025-03-10,PRD-A03,41.39,6,43.19,248.34
2025-03-10,PRD-A04,87.39,10,93.1,852.05
2025-03-10,PRD-H01,49.99,4,52.24,194.96
2025-03-10,PRD-H02,151.99,7,142.49,1003.13
2025-03-10,PRD-H03,311.99,1,307.79,311.99
2025-03-10,PRD-H04,123.49,7,124.99,864.43
2025-03-10,PRD-B01,36.1,7,37.8,252.7
2025-03-10,PRD-B02,54.0,9,58.0,483.3
2025-03-10,PRD-B03,35.19,17,36.09,533.11
2025-03-10,PRD-B04,85.49,2,84.99,170.98
2025-03-10,PRD-S01,189.99,7,180.49,1310.93
2025-03-10,PRD-S02,28.49,14,31.34,397.44
2025-03-10,PRD-S03,155.99,5,125.99,779.95
2025-03-10,PRD-S04,47.49,4,51.83,185.21
2025-03-11,PRD-E01,131.99,8,152.24,1036.12
2025-03-11,PRD-E02,207.99,5,194.99,1039.95
2025-03-11,PRD-E03,237.49,2,215.1,474.98
2025-03-11,PRD-E04,52.79,6,57.74,314.1
2025-03-11,PRD-A01,64.99,10,66.96,649.9
2025-03-11,PRD-A02,124.79,7,103.49,861.05
2025-03-11,PRD-A03,41.39,8,43.19,326.98
2025-03-11,PRD-A04,87.39,7,93.1,611.73
2025-03-11,PRD-H01,49.99,2,52.24,99.98
2025-03-11,PRD-H02,151.99,9,142.49,1367.91
2025-03-11,PRD-H03,311.99,3,307.79,935.97
2025-03-11,PRD-H04,123.49,1,124.99,123.49
2025-03-11,PRD-B01,36.1,15,37.8,534.28
2025-03-11,PRD-B02,54.0,5,58.0,261.9
2025-03-11,PRD-B03,35.19,13,36.09,439.87
2025-03-11,PRD-B04,85.49,0,84.99,0.0
2025-03-11,PRD-S01,189.99,0,180.49,0.0
2025-03-11,PRD-S02,28.49,7,31.34,196.58
2025-03-11,PRD-S03,155.99,10,125.99,1559.9
2025-03-11,PRD-S04,47.49,3,51.83,140.1
2025-03-12,PRD-E01,131.99,2,152.24,263.98
2025-03-12,PRD-E02,207.99,2,194.99,415.98
2025-03-12,PRD-E03,237.49,4,215.1,949.96
2025-03-12,PRD-E04,52.79,4,57.74,208.52
2025-03-12,PRD-A01,64.99,8,66.96,516.67
2025-03-12,PRD-A02,124.79,8,103.49,998.32
2025-03-12,PRD-A03,41.39,16,43.19,662.24
2025-03-12,PRD-A04,87.39,10,93.1,865.16
2025-03-12,PRD-H01,49.99,9,52.24,439.91
2025-03-12,PRD-H02,151.99,3,142.49,448.37
2025-03-12,PRD-H03,311.99,1,307.79,311.99
2025-03-12,PRD-H04,123.49,3,124.99,339.6
2025-03-12,PRD-B01,36.1,18,37.8,640.77
2025-03-12,PRD-B02,54.0,9,58.0,486.0
2025-03-12,PRD-B03,35.19,19,36.09,668.61
2025-03-12,PRD-B04,85.49,1,84.99,85.49
2025-03-12,PRD-S01,189.99,15,180.49,2849.85
2025-03-12,PRD-S02,28.49,18,31.34,501.42
2025-03-12,PRD-S03,155.99,2,125.99,311.98
2025-03-12,PRD-S04,47.49,3,51.83,132.97
2025-03-13,PRD-E01,131.99,4,152.24,527.96
2025-03-13,PRD-E02,207.99,5,194.99,1019.15
2025-03-13,PRD-E03,237.49,5,215.1,1187.45
2025-03-13,PRD-E04,52.79,4,57.74,211.16
2025-03-13,PRD-A01,64.99,13,66.96,773.37
2025-03-13,PRD-A02,124.79,11,103.49,1372.69
2025-03-13,PRD-A03,41.39,7,43.19,285.59
2025-03-13,PRD-A04,87.39,8,93.1,694.75
2025-03-13,PRD-H01,49.99,11,52.24,549.89
2025-03-13,PRD-H02,151.99,4,142.49,607.96
2025-03-13,PRD-H03,311.99,0,307.79,0.0
2025-03-13,PRD-H04,123.49,9,124.99,1099.06
2025-03-13,PRD-B01,36.1,8,37.8,288.8
2025-03-13,PRD-B02,54.0,5,58.0,264.6
2025-03-13,PRD-B03,35.19,11,36.09,387.09
2025-03-13,PRD-B04,85.49,13,84.99,1111.37
2025-03-13,PRD-S01,189.99,3,180.49,541.47
2025-03-13,PRD-S02,28.49,15,31.34,418.81
2025-03-13,PRD-S03,155.99,3,125.99,436.77
2025-03-13,PRD-S04,47.49,3,51.83,140.1
2025-03-14,PRD-E01,131.99,2,152.24,263.98
2025-03-14,PRD-E02,207.99,2,194.99,415.98
2025-03-14,PRD-E03,237.49,1,215.1,237.49
2025-03-14,PRD-E04,52.79,8,57.74,411.76
2025-03-14,PRD-A01,64.99,9,66.96,578.41
2025-03-14,PRD-A02,124.79,11,103.49,1341.49
2025-03-14,PRD-A03,41.39,8,43.19,331.12
2025-03-14,PRD-A04,87.39,4,93.1,332.08
2025-03-14,PRD-H01,49.99,6,52.24,292.44
2025-03-14,PRD-H02,151.99,7,142.49,980.33
2025-03-14,PRD-H03,311.99,1,307.79,311.99
2025-03-14,PRD-H04,123.49,9,124.99,1105.24
2025-03-14,PRD-B01,36.1,13,37.8,447.64
2025-03-14,PRD-B02,54.0,5,58.0,253.8
2025-03-14,PRD-B03,35.19,15,36.09,520.81
2025-03-14,PRD-B04,85.49,2,84.99,170.98
2025-03-14,PRD-S01,189.99,2,180.49,360.98
2025-03-14,PRD-S02,28.49,8,31.34,222.23
2025-03-14,PRD-S03,155.99,1,125.99,155.99
2025-03-14,PRD-S04,47.49,11,51.83,505.79
2025-03-15,PRD-E01,131.99,19,152.24,2468.21
2025-03-15,PRD-E02,207.99,8,194.99,1663.92
2025-03-15,PRD-E03,237.49,2,215.1,474.98
2025-03-15,PRD-E04,52.79,16,57.74,831.44
2025-03-15,PRD-A01,64.99,6,66.96,389.94
2025-03-15,PRD-A02,124.79,1,103.49,124.79
2025-03-15,PRD-A03,41.39,13,43.19,538.07
2025-03-15,PRD-A04,87.39,5,93.1,428.21
2025-03-15,PRD-H01,49.99,26,52.24,1299.74
2025-03-15,PRD-H02,151.99,20,142.49,3001.8
2025-03-15,PRD-H03,311.99,2,307.79,623.98
2025-03-15,PRD-H04,123.49,4,124.99,487.79
2025-03-15,PRD-B01,36.1,15,37.8,536.09
2025-03-15,PRD-B02,54.0,13,58.0,693.9
2025-03-15,PRD-B03,35.19,22,36.09,747.78
2025-03-15,PRD-B04,85.49,9,84.99,739.49
2025-03-15,PRD-S01,189.99,6,180.49,1139.94
2025-03-15,PRD-S02,28.49,10,31.34,276.35
2025-03-15,PRD-S03,155.99,2,125.99,311.98
2025-03-15,PRD-S04,47.49,7,51.83,330.06
2025-03-16,PRD-E01,131.99,9,152.24,1154.91
2025-03-16,PRD-E02,207.99,5,194.99,1008.75
2025-03-16,PRD-E03,237.49,2,215.1,474.98
2025-03-16,PRD-E04,52.79,11,57.74,580.69
2025-03-16,PRD-A01,64.99,3,66.96,194.97
2025-03-16,PRD-A02,124.79,5,103.49,617.71
2025-03-16,PRD-A03,41.39,16,43.19,651.89
2025-03-16,PRD-A04,87.39,6,93.1,519.97
2025-03-16,PRD-H01,49.99,2,52.24,99.98
2025-03-16,PRD-H02,151.99,19,142.49,2842.21
2025-03-16,PRD-H03,311.99,1,307.79,311.99
2025-03-16,PRD-H04,123.49,2,124.99,246.98
2025-03-16,PRD-B01,36.1,13,37.8,463.88
2025-03-16,PRD-B02,54.0,17,58.0,918.0
2025-03-16,PRD-B03,35.19,12,36.09,415.24
2025-03-16,PRD-B04,85.49,4,84.99,324.86
2025-03-16,PRD-S01,189.99,8,180.49,1472.42
2025-03-16,PRD-S02,28.49,27,31.34,769.23
2025-03-16,PRD-S03,155.99,1,125.99,155.99
2025-03-16,PRD-S04,47.49,4,51.83,189.96
2025-03-17,PRD-E01,131.99,4,137.74,501.56
2025-03-17,PRD-E02,207.99,1,185.24,207.99
2025-03-17,PRD-E03,237.49,3,250.95,700.6
2025-03-17,PRD-E04,52.79,8,52.24,419.68
2025-03-17,PRD-A01,64.99,6,62.0,386.69
2025-03-17,PRD-A02,124.79,3,120.74,374.37
2025-03-17,PRD-A03,41.39,14,45.59,546.34
2025-03-17,PRD-A04,87.39,2,98.0,174.78
2025-03-17,PRD-H01,49.99,14,54.99,697.36
2025-03-17,PRD-H02,151.99,11,149.99,1656.69
2025-03-17,PRD-H03,311.99,5,256.49,1559.95
2025-03-17,PRD-H04,123.49,9,118.74,1111.41
2025-03-17,PRD-B01,36.1,13,42.0,462.1
2025-03-17,PRD-B02,54.0,12,52.2,642.6
2025-03-17,PRD-B03,35.19,9,39.89,316.71
2025-03-17,PRD-B04,85.49,0,76.49,0.0
2025-03-17,PRD-S01,189.99,12,189.99,2279.88
2025-03-17,PRD-S02,28.49,4,31.34,113.96
2025-03-17,PRD-S03,155.99,2,139.99,311.98
2025-03-17,PRD-S04,47.49,12,47.99,520.03
2025-03-18,PRD-E01,131.99,10,137.74,1313.3
2025-03-18,PRD-E02,207.99,5,185.24,1039.95
2025-03-18,PRD-E03,237.49,2,250.95,474.98
2025-03-18,PRD-E04,52.79,8,52.24,395.92
2025-03-18,PRD-A01,64.99,5,62.0,311.95
2025-03-18,PRD-A02,124.79,4,120.74,486.68
2025-03-18,PRD-A03,41.39,8,45.59,324.91
2025-03-18,PRD-A04,87.39,7,98.0,611.73
2025-03-18,PRD-H01,49.99,6,54.99,299.94
2025-03-18,PRD-H02,151.99,6,149.99,873.94
2025-03-18,PRD-H03,311.99,1,256.49,311.99
2025-03-18,PRD-H04,123.49,5,118.74,617.45
2025-03-18,PRD-B01,36.1,13,42.0,458.47
2025-03-18,PRD-B02,54.0,6,52.2,305.1
2025-03-18,PRD-B03,35.19,14,39.89,476.82
2025-03-18,PRD-B04,85.49,1,76.49,68.39
2025-03-18,PRD-S01,189.99,7,189.99,1320.43
2025-03-18,PRD-S02,28.49,14,31.34,391.75
2025-03-18,PRD-S03,155.99,4,139.99,623.96
2025-03-18,PRD-S04,47.49,7,47.99,325.31
2025-03-19,PRD-E01,131.99,1,137.74,131.99
2025-03-19,PRD-E02,207.99,14,185.24,2849.46
2025-03-19,PRD-E03,237.49,1,250.95,237.49
2025-03-19,PRD-E04,52.79,8,52.24,395.92
2025-03-19,PRD-A01,64.99,17,62.0,1104.83
2025-03-19,PRD-A02,124.79,6,120.74,748.74
2025-03-19,PRD-A03,41.39,13,45.59,525.65
2025-03-19,PRD-A04,87.39,8,98.0,699.12
2025-03-19,PRD-H01,49.99,3,54.99,137.47
2025-03-19,PRD-H02,151.99,1,149.99,151.99
2025-03-19,PRD-H03,311.99,0,256.49,0.0
2025-03-19,PRD-H04,123.49,2,118.74,246.98
2025-03-19,PRD-B01,36.1,13,42.0,458.47
2025-03-19,PRD-B02,54.0,11,52.2,585.9
2025-03-19,PRD-B03,35.19,15,39.89,527.85
2025-03-19,PRD-B04,85.49,5,76.49,427.45
2025-03-19,PRD-S01,189.99,10,189.99,1890.4
2025-03-19,PRD-S02,28.49,1,31.34,28.49
2025-03-19,PRD-S03,155.99,1,139.99,155.99
2025-03-19,PRD-S04,47.49,3,47.99,137.72
2025-03-20,PRD-E01,131.99,6,137.74,778.74
2025-03-20,PRD-E02,207.99,5,185.24,1039.95
2025-03-20,PRD-E03,237.49,2,250.95,474.98
2025-03-20,PRD-E04,52.79,10,52.24,525.26
2025-03-20,PRD-A01,64.99,8,62.0,510.17
2025-03-20,PRD-A02,124.79,4,120.74,499.16
2025-03-20,PRD-A03,41.39,13,45.59,538.07
2025-03-20,PRD-A04,87.39,1,98.0,87.39
2025-03-20,PRD-H01,49.99,7,54.99,342.43
2025-03-20,PRD-H02,151.99,5,149.99,752.35
2025-03-20,PRD-H03,311.99,1,256.49,311.99
2025-03-20,PRD-H04,123.49,7,118.74,827.41
2025-03-20,PRD-B01,36.1,14,42.0,494.58
2025-03-20,PRD-B02,54.0,18,52.2,950.4
2025-03-20,PRD-B03,35.19,4,39.89,135.48
2025-03-20,PRD-B04,85.49,5,76.49,427.45
2025-03-20,PRD-S01,189.99,6,189.99,1139.94
2025-03-20,PRD-S02,28.49,26,31.34,740.74
2025-03-20,PRD-S03,155.99,2,139.99,311.98
2025-03-20,PRD-S04,47.49,5,47.99,232.7
2025-03-21,PRD-E01,131.99,15,137.74,1973.25
2025-03-21,PRD-E02,207.99,3,185.24,623.97
2025-03-21,PRD-E03,237.49,3,250.95,712.47
2025-03-21,PRD-E04,52.79,10,52.24,527.9
2025-03-21,PRD-A01,64.99,24,62.0,1556.51
2025-03-21,PRD-A02,124.79,5,120.74,611.47
2025-03-21,PRD-A03,41.39,12,45.59,492.54
2025-03-21,PRD-A04,87.39,2,98.0,174.78
2025-03-21,PRD-H01,49.99,5,54.99,249.95
2025-03-21,PRD-H02,151.99,5,149.99,759.95
2025-03-21,PRD-H03,311.99,1,256.49,311.99
2025-03-21,PRD-H04,123.49,3,118.74,370.47
2025-03-21,PRD-B01,36.1,21,42.0,754.49
2025-03-21,PRD-B02,54.0,9,52.2,480.6
2025-03-21,PRD-B03,35.19,14,39.89,487.38
2025-03-21,PRD-B04,85.49,2,76.49,170.98
2025-03-21,PRD-S01,189.99,6,189.99,1073.44
2025-03-21,PRD-S02,28.49,14,31.34,373.21
2025-03-21,PRD-S03,155.99,1,139.99,155.99
2025-03-21,PRD-S04,47.49,8,47.99,379.92
2025-03-22,PRD-E01,131.99,15,137.74,1946.85
2025-03-22,PRD-E02,207.99,4,185.24,831.96
2025-03-22,PRD-E03,237.49,4,250.95,949.96
2025-03-22,PRD-E04,52.79,9,52.24,467.19
2025-03-22,PRD-A01,64.99,6,62.0,389.94
2025-03-22,PRD-A02,124.79,8,120.74,992.08
2025-03-22,PRD-A03,41.39,22,45.59,902.3
2025-03-22,PRD-A04,87.39,13,98.0,1136.07
2025-03-22,PRD-H01,49.99,3,54.99,139.97
2025-03-22,PRD-H02,151.99,6,149.99,911.94
2025-03-22,PRD-H03,311.99,2,256.49,623.98
2025-03-22,PRD-H04,123.49,9,118.74,1043.5
2025-03-22,PRD-B01,36.1,10,42.0,357.39
2025-03-22,PRD-B02,54.0,5,52.2,245.7
2025-03-22,PRD-B03,35.19,18,39.89,633.42
2025-03-22,PRD-B04,85.49,8,76.49,671.11
2025-03-22,PRD-S01,189.99,9,189.99,1690.91
2025-03-22,PRD-S02,28.49,12,31.34,340.46
2025-03-22,PRD-S03,155.99,5,139.99,779.95
2025-03-22,PRD-S04,47.49,7,47.99,330.06
2025-03-23,PRD-E01,131.99,10,137.74,1319.9
2025-03-23,PRD-E02,207.99,1,185.24,207.99
2025-03-23,PRD-E03,237.49,7,250.95,1662.43
2025-03-23,PRD-E04,52.79,13,52.24,686.27
2025-03-23,PRD-A01,64.99,13,62.0,838.37
2025-03-23,PRD-A02,124.79,8,120.74,886.0
2025-03-23,PRD-A03,41.39,10,45.59,399.41
2025-03-23,PRD-A04,87.39,6,98.0,524.34
2025-03-23,PRD-H01,49.99,3,54.99,144.97
2025-03-23,PRD-H02,151.99,4,149.99,607.96
2025-03-23,PRD-H03,311.99,0,256.49,0.0
2025-03-23,PRD-H04,123.49,7,118.74,845.91
2025-03-23,PRD-B01,36.1,11,42.0,393.5
2025-03-23,PRD-B02,54.0,9,52.2,480.6
2025-03-23,PRD-B03,35.19,19,39.89,612.29
2025-03-23,PRD-B04,85.49,14,76.49,1179.76
2025-03-23,PRD-S01,189.99,4,189.99,759.96
2025-03-23,PRD-S02,28.49,6,31.34,168.09
2025-03-23,PRD-S03,155.99,8,139.99,1154.32
2025-03-23,PRD-S04,47.49,10,47.99,453.54
2025-03-24,PRD-E01,161.99,2,137.74,323.98
2025-03-24,PRD-E02,215.99,2,185.24,421.18
2025-03-24,PRD-E03,279.99,4,250.95,1105.96
2025-03-24,PRD-E04,52.79,4,52.24,211.16
2025-03-24,PRD-A01,72.79,3,62.0,203.81
2025-03-24,PRD-A02,124.79,7,120.74,873.53
2025-03-24,PRD-A03,44.99,14,45.59,591.61
2025-03-24,PRD-A04,94.99,14,98.0,1329.86
2025-03-24,PRD-H01,43.99,10,54.99,433.3
2025-03-24,PRD-H02,151.99,7,149.99,1063.93
2025-03-24,PRD-H03,299.99,10,256.49,2999.9
2025-03-24,PRD-H04,129.99,5,118.74,649.95
2025-03-24,PRD-B01,38.0,4,42.0,152.0
2025-03-24,PRD-B02,51.3,9,52.2,433.47
2025-03-24,PRD-B03,37.99,6,39.89,227.94
2025-03-24,PRD-B04,89.99,10,76.49,755.9
2025-03-24,PRD-S01,189.99,7,189.99,1301.43
2025-03-24,PRD-S02,26.39,16,31.34,422.24
2025-03-24,PRD-S03,155.99,3,139.99,460.17
2025-03-24,PRD-S04,51.99,3,47.99,155.97
2025-03-25,PRD-E01,161.99,8,137.74,1287.82
2025-03-25,PRD-E02,215.99,5,185.24,1079.95
2025-03-25,PRD-E03,279.99,4,250.95,1105.96
2025-03-25,PRD-E04,52.79,14,52.24,733.78
2025-03-25,PRD-A01,72.79,6,62.0,436.74
2025-03-25,PRD-A02,124.79,6,120.74,717.54
2025-03-25,PRD-A03,44.99,12,45.59,539.88
2025-03-25,PRD-A04,94.99,8,98.0,750.42
2025-03-25,PRD-H01,43.99,7,54.99,307.93
2025-03-25,PRD-H02,151.99,10,149.99,1489.5
2025-03-25,PRD-H03,299.99,1,256.49,299.99
2025-03-25,PRD-H04,129.99,6,118.74,708.44
2025-03-25,PRD-B01,38.0,6,42.0,222.3
2025-03-25,PRD-B02,51.3,9,52.2,425.77
2025-03-25,PRD-B03,37.99,10,39.89,374.2
2025-03-25,PRD-B04,89.99,7,76.49,629.93
2025-03-25,PRD-S01,189.99,4,189.99,721.96
2025-03-25,PRD-S02,26.39,10,31.34,259.94
2025-03-25,PRD-S03,155.99,5,139.99,764.35
2025-03-25,PRD-S04,51.99,9,47.99,460.11
2025-03-26,PRD-E01,161.99,8,137.74,1247.32
2025-03-26,PRD-E02,215.99,3,185.24,647.97
2025-03-26,PRD-E03,279.99,1,250.95,279.99
2025-03-26,PRD-E04,52.79,23,52.24,1198.33
2025-03-26,PRD-A01,72.79,8,62.0,582.32
2025-03-26,PRD-A02,124.79,15,120.74,1809.45
2025-03-26,PRD-A03,44.99,4,45.59,175.46
2025-03-26,PRD-A04,94.99,2,98.0,189.98
2025-03-26,PRD-H01,43.99,8,54.99,349.72
2025-03-26,PRD-H02,151.99,5,149.99,721.95
2025-03-26,PRD-H03,299.99,0,256.49,0.0
2025-03-26,PRD-H04,129.99,10,118.74,1260.9
2025-03-26,PRD-B01,38.0,7,42.0,258.4
2025-03-26,PRD-B02,51.3,11,52.2,564.3
2025-03-26,PRD-B03,37.99,15,39.89,562.25
2025-03-26,PRD-B04,89.99,2,76.49,179.98
2025-03-26,PRD-S01,189.99,7,189.99,1329.93
2025-03-26,PRD-S02,26.39,13,31.34,335.15
2025-03-26,PRD-S03,155.99,2,139.99,311.98
2025-03-26,PRD-S04,51.99,2,47.99,98.78
2025-03-27,PRD-E01,161.99,8,137.74,1255.42
2025-03-27,PRD-E02,215.99,5,185.24,1079.95
2025-03-27,PRD-E03,279.99,1,250.95,279.99
2025-03-27,PRD-E04,52.79,9,52.24,453.99
2025-03-27,PRD-A01,72.79,14,62.0,968.1
2025-03-27,PRD-A02,124.79,15,120.74,1853.13
2025-03-27,PRD-A03,44.99,1,45.59,44.99
2025-03-27,PRD-A04,94.99,6,98.0,565.19
2025-03-27,PRD-H01,43.99,5,54.99,208.95
2025-03-27,PRD-H02,151.99,8,149.99,1177.92
2025-03-27,PRD-H03,299.99,3,256.49,899.97
2025-03-27,PRD-H04,129.99,4,118.74,500.46
2025-03-27,PRD-B01,38.0,16,42.0,602.3
2025-03-27,PRD-B02,51.3,8,52.2,407.83
2025-03-27,PRD-B03,37.99,9,39.89,338.11
2025-03-27,PRD-B04,89.99,13,76.49,1169.87
2025-03-27,PRD-S01,189.99,1,189.99,189.99
2025-03-27,PRD-S02,26.39,4,31.34,105.56
2025-03-27,PRD-S03,155.99,2,139.99,296.38
2025-03-27,PRD-S04,51.99,4,47.99,207.96
2025-03-28,PRD-E01,161.99,17,137.74,2753.83
2025-03-28,PRD-E02,215.99,2,185.24,388.78
2025-03-28,PRD-E03,279.99,0,250.95,0.0
2025-03-28,PRD-E04,52.79,7,52.24,369.53
2025-03-28,PRD-A01,72.79,0,62.0,0.0
2025-03-28,PRD-A02,124.79,3,120.74,374.37
2025-03-28,PRD-A03,44.99,11,45.59,485.89
2025-03-28,PRD-A04,94.99,8,98.0,745.67
2025-03-28,PRD-H01,43.99,4,54.99,175.96
2025-03-28,PRD-H02,151.99,7,149.99,1063.93
2025-03-28,PRD-H03,299.99,1,256.49,299.99
2025-03-28,PRD-H04,129.99,11,118.74,1429.89
2025-03-28,PRD-B01,38.0,10,42.0,378.1
2025-03-28,PRD-B02,51.3,18,52.2,900.3
2025-03-28,PRD-B03,37.99,18,39.89,676.22
2025-03-28,PRD-B04,89.99,8,76.49,706.42
2025-03-28,PRD-S01,189.99,3,189.99,569.97
2025-03-28,PRD-S02,26.39,9,31.34,237.51
2025-03-28,PRD-S03,155.99,1,139.99,155.99
2025-03-28,PRD-S04,51.99,4,47.99,207.96
2025-03-29,PRD-E01,161.99,2,137.74,323.98
2025-03-29,PRD-E02,215.99,10,185.24,2073.5
2025-03-29,PRD-E03,279.99,2,250.95,559.98
2025-03-29,PRD-E04,52.79,12,52.24,622.92
2025-03-29,PRD-A01,72.79,8,62.0,567.76
2025-03-29,PRD-A02,124.79,6,120.74,748.74
2025-03-29,PRD-A03,44.99,21,45.59,940.29
2025-03-29,PRD-A04,94.99,10,98.0,930.9
2025-03-29,PRD-H01,43.99,10,54.99,439.9
2025-03-29,PRD-H02,151.99,7,149.99,1056.33
2025-03-29,PRD-H03,299.99,2,256.49,599.98
2025-03-29,PRD-H04,129.99,6,118.74,779.94
2025-03-29,PRD-B01,38.0,10,42.0,374.3
2025-03-29,PRD-B02,51.3,11,52.2,556.59
2025-03-29,PRD-B03,37.99,13,39.89,491.97
2025-03-29,PRD-B04,89.99,3,76.49,269.97
2025-03-29,PRD-S01,189.99,5,189.99,949.95
2025-03-29,PRD-S02,26.39,31,31.34,808.85
2025-03-29,PRD-S03,155.99,1,139.99,140.39
2025-03-29,PRD-S04,51.99,2,47.99,103.98
2025-03-30,PRD-E01,161.99,0,137.74,0.0
2025-03-30,PRD-E02,215.99,4,185.24,863.96
2025-03-30,PRD-E03,279.99,11,250.95,3065.89
2025-03-30,PRD-E04,52.79,11,52.24,575.41
2025-03-30,PRD-A01,72.79,5,62.0,363.95
2025-03-30,PRD-A02,124.79,6,120.74,748.74
2025-03-30,PRD-A03,44.99,4,45.59,179.96
2025-03-30,PRD-A04,94.99,8,98.0,745.67
2025-03-30,PRD-H01,43.99,6,54.99,257.34
2025-03-30,PRD-H02,151.99,4,149.99,607.96
2025-03-30,PRD-H03,299.99,2,256.49,599.98
2025-03-30,PRD-H04,129.99,8,118.74,1020.42
2025-03-30,PRD-B01,38.0,15,42.0,566.2
2025-03-30,PRD-B02,51.3,26,52.2,1323.53
2025-03-30,PRD-B03,37.99,5,39.89,184.25
2025-03-30,PRD-B04,89.99,5,76.49,440.95
2025-03-30,PRD-S01,189.99,5,189.99,930.95
2025-03-30,PRD-S02,26.39,24,31.34,620.16
2025-03-30,PRD-S03,155.99,3,139.99,467.97
2025-03-30,PRD-S04,51.99,10,47.99,506.9
2025-03-31,PRD-E01,161.99,2,137.74,315.88
2025-03-31,PRD-E02,215.99,3,185.24,647.97
2025-03-31,PRD-E03,279.99,0,250.95,0.0
2025-03-31,PRD-E04,52.79,9,52.24,475.11
2025-03-31,PRD-A01,72.79,5,62.0,360.31
2025-03-31,PRD-A02,124.79,3,120.74,368.13
2025-03-31,PRD-A03,44.99,16,45.59,719.84
2025-03-31,PRD-A04,94.99,5,98.0,474.95
2025-03-31,PRD-H01,43.99,5,54.99,219.95
2025-03-31,PRD-H02,151.99,4,149.99,592.76
2025-03-31,PRD-H03,299.99,2,256.49,599.98
2025-03-31,PRD-H04,129.99,6,118.74,779.94
2025-03-31,PRD-B01,38.0,13,42.0,484.5
2025-03-31,PRD-B02,51.3,17,52.2,872.1
2025-03-31,PRD-B03,37.99,10,39.89,360.9
2025-03-31,PRD-B04,89.99,5,76.49,445.45
2025-03-31,PRD-S01,189.99,2,189.99,360.98
2025-03-31,PRD-S02,26.39,9,31.34,236.19
2025-03-31,PRD-S03,155.99,0,139.99,0.0
2025-03-31,PRD-S04,51.99,4,47.99,207.96
2025-04-01,PRD-E01,161.99,4,137.74,647.96
2025-04-01,PRD-E02,215.99,3,185.24,626.37
2025-04-01,PRD-E03,279.99,6,250.95,1651.94
2025-04-01,PRD-E04,52.79,9,52.24,456.63
2025-04-01,PRD-A01,72.79,4,62.0,283.88
2025-04-01,PRD-A02,124.79,3,120.74,374.37
2025-04-01,PRD-A03,44.99,10,45.59,445.4
2025-04-01,PRD-A04,94.99,10,98.0,945.15
2025-04-01,PRD-H01,43.99,10,54.99,439.9
2025-04-01,PRD-H02,151.99,10,149.99,1504.7
2025-04-01,PRD-H03,299.99,1,256.49,299.99
2025-04-01,PRD-H04,129.99,5,118.74,643.45
2025-04-01,PRD-B01,38.0,4,42.0,148.2
2025-04-01,PRD-B02,51.3,9,52.2,461.7
2025-04-01,PRD-B03,37.99,4,39.89,151.96
2025-04-01,PRD-B04,89.99,3,76.49,251.97
2025-04-01,PRD-S01,189.99,6,189.99,1101.94
2025-04-01,PRD-S02,26.39,8,31.34,203.2
2025-04-01,PRD-S03,155.99,1,139.99,155.99
2025-04-01,PRD-S04,51.99,9,47.99,454.91
2025-04-02,PRD-E01,161.99,3,137.74,485.97
2025-04-02,PRD-E02,215.99,2,185.24,431.98
2025-04-02,PRD-E03,279.99,5,250.95,1399.95
2025-04-02,PRD-E04,52.79,17,52.24,889.51
2025-04-02,PRD-A01,72.79,4,62.0,291.16
2025-04-02,PRD-A02,124.79,2,120.74,249.58
2025-04-02,PRD-A03,44.99,5,45.59,220.45
2025-04-02,PRD-A04,94.99,3,98.0,284.97
2025-04-02,PRD-H01,43.99,9,54.99,387.11
2025-04-02,PRD-H02,151.99,18,149.99,2690.22
2025-04-02,PRD-H03,299.99,2,256.49,599.98
2025-04-02,PRD-H04,129.99,2,118.74,259.98
2025-04-02,PRD-B01,38.0,5,42.0,188.1
2025-04-02,PRD-B02,51.3,5,52.2,256.5
2025-04-02,PRD-B03,37.99,15,39.89,569.85
2025-04-02,PRD-B04,89.99,5,76.49,449.95
2025-04-02,PRD-S01,189.99,5,189.99,949.95
2025-04-02,PRD-S02,26.39,17,31.34,440.71
2025-04-02,PRD-S03,155.99,4,139.99,592.76
2025-04-02,PRD-S04,51.99,3,47.99,153.37
2025-04-03,PRD-E01,161.99,9,137.74,1457.91
2025-04-03,PRD-E02,215.99,6,185.24,1295.94
2025-04-03,PRD-E03,279.99,9,250.95,2505.91
2025-04-03,PRD-E04,52.79,6,52.24,306.18
2025-04-03,PRD-A01,72.79,6,62.0,429.46
2025-04-03,PRD-A02,124.79,8,120.74,998.32
2025-04-03,PRD-A03,44.99,4,45.59,170.96
2025-04-03,PRD-A04,94.99,15,98.0,1424.85
2025-04-03,PRD-H01,43.99,3,54.99,131.97
2025-04-03,PRD-H02,151.99,10,149.99,1512.3
2025-04-03,PRD-H03,299.99,1,256.49,299.99
2025-04-03,PRD-H04,129.99,3,118.74,370.47
2025-04-03,PRD-B01,38.0,11,42.0,410.4
2025-04-03,PRD-B02,51.3,6,52.2,297.53
2025-04-03,PRD-B03,37.99,5,39.89,189.95
2025-04-03,PRD-B04,89.99,2,76.49,179.98
2025-04-03,PRD-S01,189.99,10,189.99,1871.4
2025-04-03,PRD-S02,26.39,13,31.34,339.11
2025-04-03,PRD-S03,155.99,1,139.99,155.99
2025-04-03,PRD-S04,51.99,14,47.99,727.86
2025-04-04,PRD-E01,161.99,3,137.74,485.97
2025-04-04,PRD-E02,215.99,4,185.24,842.36
2025-04-04,PRD-E03,279.99,0,250.95,0.0
2025-04-04,PRD-E04,52.79,6,52.24,316.74
2025-04-04,PRD-A01,72.79,12,62.0,844.36
2025-04-04,PRD-A02,124.79,3,120.74,361.89
2025-04-04,PRD-A03,44.99,7,45.59,310.43
2025-04-04,PRD-A04,94.99,11,98.0,1040.14
2025-04-04,PRD-H01,43.99,9,54.99,378.31
2025-04-04,PRD-H02,151.99,6,149.99,896.74
2025-04-04,PRD-H03,299.99,1,256.49,269.99
2025-04-04,PRD-H04,129.99,1,118.74,116.99
2025-04-04,PRD-B01,38.0,10,42.0,362.9
2025-04-04,PRD-B02,51.3,8,52.2,395.01
2025-04-04,PRD-B03,37.99,14,39.89,529.96
2025-04-04,PRD-B04,89.99,15,76.49,1304.85
2025-04-04,PRD-S01,189.99,4,189.99,759.96
2025-04-04,PRD-S02,26.39,16,31.34,418.28
2025-04-04,PRD-S03,155.99,1,139.99,155.99
2025-04-04,PRD-S04,51.99,7,47.99,363.93
2025-04-05,PRD-E01,161.99,2,137.74,299.68
2025-04-05,PRD-E02,215.99,13,185.24,2743.07
2025-04-05,PRD-E03,279.99,1,250.95,279.99
2025-04-05,PRD-E04,52.79,23,52.24,1206.25
2025-04-05,PRD-A01,72.79,2,62.0,145.58
2025-04-05,PRD-A02,124.79,6,120.74,748.74
2025-04-05,PRD-A03,44.99,14,45.59,629.86
2025-04-05,PRD-A04,94.99,9,98.0,845.41
2025-04-05,PRD-H01,43.99,9,54.99,393.71
2025-04-05,PRD-H02,151.99,7,149.99,1033.53
2025-04-05,PRD-H03,299.99,7,256.49,2099.93
2025-04-05,PRD-H04,129.99,7,118.74,903.43
2025-04-05,PRD-B01,38.0,11,42.0,408.5
2025-04-05,PRD-B02,51.3,11,52.2,559.16
2025-04-05,PRD-B03,37.99,11,39.89,414.09
2025-04-05,PRD-B04,89.99,5,76.49,440.95
2025-04-05,PRD-S01,189.99,11,189.99,2004.39
2025-04-05,PRD-S02,26.39,15,31.34,378.69
2025-04-05,PRD-S03,155.99,3,139.99,467.97
2025-04-05,PRD-S04,51.99,13,47.99,631.67
2025-04-06,PRD-E01,161.99,3,137.74,485.97
2025-04-06,PRD-E02,215.99,6,185.24,1263.54
2025-04-06,PRD-E03,279.99,3,250.95,783.97
2025-04-06,PRD-E04,52.79,11,52.24,580.69
2025-04-06,PRD-A01,72.79,7,62.0,509.53
2025-04-06,PRD-A02,124.79,4,120.74,492.92
2025-04-06,PRD-A03,44.99,21,45.59,899.79
2025-04-06,PRD-A04,94.99,16,98.0,1505.59
2025-04-06,PRD-H01,43.99,9,54.99,395.91
2025-04-06,PRD-H02,151.99,12,149.99,1785.88
2025-04-06,PRD-H03,299.99,0,256.49,0.0
2025-04-06,PRD-H04,129.99,6,118.74,773.44
2025-04-06,PRD-B01,38.0,13,42.0,467.4
2025-04-06,PRD-B02,51.3,9,52.2,461.7
2025-04-06,PRD-B03,37.99,10,39.89,378.0
2025-04-06,PRD-B04,89.99,11,76.49,917.89
2025-04-06,PRD-S01,189.99,6,189.99,1101.94
2025-04-06,PRD-S02,26.39,24,31.34,622.8
2025-04-06,PRD-S03,155.99,2,139.99,311.98
2025-04-06,PRD-S04,51.99,15,47.99,766.85
2025-04-07,PRD-E01,167.99,2,144.99,293.98
2025-04-07,PRD-E02,215.99,7,185.24,1511.93
2025-04-07,PRD-E03,237.49,3,258.12,664.97
2025-04-07,PRD-E04,62.39,16,54.99,985.76
2025-04-07,PRD-A01,64.99,1,66.96,64.99
2025-04-07,PRD-A02,105.59,7,120.74,723.29
2025-04-07,PRD-A03,41.39,8,50.39,329.05
2025-04-07,PRD-A04,90.24,5,98.0,433.16
2025-04-07,PRD-H01,49.99,8,49.49,392.42
2025-04-07,PRD-H02,151.99,6,134.99,896.74
2025-04-07,PRD-H03,284.99,0,270.74,0.0
2025-04-07,PRD-H04,129.99,5,118.74,636.95
2025-04-07,PRD-B01,36.1,10,44.1,361.0
2025-04-07,PRD-B02,60.48,18,55.1,1067.47
2025-04-07,PRD-B03,43.19,3,37.99,129.57
2025-04-07,PRD-B04,100.79,5,84.99,503.95
2025-04-07,PRD-S01,199.99,2,170.99,379.98
2025-04-07,PRD-S02,33.59,13,29.69,434.99
2025-04-07,PRD-S03,149.99,2,132.99,299.98
2025-04-07,PRD-S04,53.99,9,47.99,485.91
2025-04-08,PRD-E01,167.99,3,144.99,495.57
2025-04-08,PRD-E02,215.99,5,185.24,1079.95
2025-04-08,PRD-E03,237.49,3,258.12,712.47
2025-04-08,PRD-E04,62.39,6,54.99,368.1
2025-04-08,PRD-A01,64.99,5,66.96,324.95
2025-04-08,PRD-A02,105.59,25,120.74,2586.95
2025-04-08,PRD-A03,41.39,4,50.39,157.28
2025-04-08,PRD-A04,90.24,14,98.0,1231.78
2025-04-08,PRD-H01,49.99,3,49.49,149.97
2025-04-08,PRD-H02,151.99,25,134.99,3708.55
2025-04-08,PRD-H03,284.99,2,270.74,569.98
2025-04-08,PRD-H04,129.99,2,118.74,259.98
2025-04-08,PRD-B01,36.1,10,44.1,353.78
2025-04-08,PRD-B02,60.48,5,55.1,302.4
2025-04-08,PRD-B03,43.19,7,37.99,298.01
2025-04-08,PRD-B04,100.79,4,84.99,398.12
2025-04-08,PRD-S01,199.99,5,170.99,999.95
2025-04-08,PRD-S02,33.59,9,29.69,295.59
2025-04-08,PRD-S03,149.99,4,132.99,554.96
2025-04-08,PRD-S04,53.99,3,47.99,156.57
2025-04-09,PRD-E01,167.99,1,144.99,167.99
2025-04-09,PRD-E02,215.99,1,185.24,215.99
2025-04-09,PRD-E03,237.49,8,258.12,1899.92
2025-04-09,PRD-E04,62.39,7,54.99,433.61
2025-04-09,PRD-A01,64.99,10,66.96,646.65
2025-04-09,PRD-A02,105.59,4,120.74,417.08
2025-04-09,PRD-A03,41.39,25,50.39,1011.98
2025-04-09,PRD-A04,90.24,10,98.0,902.4
2025-04-09,PRD-H01,49.99,9,49.49,444.91
2025-04-09,PRD-H02,151.99,6,134.99,904.34
2025-04-09,PRD-H03,284.99,6,270.74,1638.69
2025-04-09,PRD-H04,129.99,9,118.74,1130.91
2025-04-09,PRD-B01,36.1,6,44.1,212.99
2025-04-09,PRD-B02,60.48,4,55.1,229.82
2025-04-09,PRD-B03,43.19,8,37.99,343.36
2025-04-09,PRD-B04,100.79,2,84.99,196.54
2025-04-09,PRD-S01,199.99,5,170.99,999.95
2025-04-09,PRD-S02,33.59,10,29.69,322.46
2025-04-09,PRD-S03,149.99,1,132.99,149.99
2025-04-09,PRD-S04,53.99,3,47.99,156.57
2025-04-10,PRD-E01,167.99,2,144.99,335.98
2025-04-10,PRD-E02,215.99,2,185.24,431.98
2025-04-10,PRD-E03,237.49,2,258.12,474.98
2025-04-10,PRD-E04,62.39,9,54.99,558.39
2025-04-10,PRD-A01,64.99,19,66.96,1231.56
2025-04-10,PRD-A02,105.59,7,120.74,712.73
2025-04-10,PRD-A03,41.39,10,50.39,397.34
2025-04-10,PRD-A04,90.24,16,98.0,1439.33
2025-04-10,PRD-H01,49.99,2,49.49,99.98
2025-04-10,PRD-H02,151.99,13,134.99,1960.67
2025-04-10,PRD-H03,284.99,1,270.74,242.24
2025-04-10,PRD-H04,129.99,1,118.74,129.99
2025-04-10,PRD-B01,36.1,6,44.1,209.39
2025-04-10,PRD-B02,60.48,4,55.1,235.87
2025-04-10,PRD-B03,43.19,8,37.99,339.04
2025-04-10,PRD-B04,100.79,12,84.99,1199.4
2025-04-10,PRD-S01,199.99,1,170.99,189.99
2025-04-10,PRD-S02,33.59,4,29.69,134.36
2025-04-10,PRD-S03,149.99,3,132.99,419.97
2025-04-10,PRD-S04,53.99,3,47.99,161.97
2025-04-11,PRD-E01,167.99,5,144.99,839.95
2025-04-11,PRD-E02,215.99,7,185.24,1501.13
2025-04-11,PRD-E03,237.49,13,258.12,3039.89
2025-04-11,PRD-E04,62.39,8,54.99,486.64
2025-04-11,PRD-A01,64.99,2,66.96,120.23
2025-04-11,PRD-A02,105.59,12,120.74,1261.8
2025-04-11,PRD-A03,41.39,5,50.39,206.95
2025-04-11,PRD-A04,90.24,3,98.0,266.21
2025-04-11,PRD-H01,49.99,6,49.49,287.44
2025-04-11,PRD-H02,151.99,24,134.99,3617.36
2025-04-11,PRD-H03,284.99,0,270.74,0.0
2025-04-11,PRD-H04,129.99,8,118.74,1039.92
2025-04-11,PRD-B01,36.1,13,44.1,436.81
2025-04-11,PRD-B02,60.48,9,55.1,544.32
2025-04-11,PRD-B03,43.19,6,37.99,254.82
2025-04-11,PRD-B04,100.79,9,84.99,836.55
2025-04-11,PRD-S01,199.99,3,170.99,599.97
2025-04-11,PRD-S02,33.59,12,29.69,401.4
2025-04-11,PRD-S03,149.99,4,132.99,592.46
2025-04-11,PRD-S04,53.99,6,47.99,323.94
2025-04-12,PRD-E01,167.99,6,144.99,1007.94
2025-04-12,PRD-E02,215.99,7,185.24,1479.53
2025-04-12,PRD-E03,237.49,2,258.12,474.98
2025-04-12,PRD-E04,62.39,6,54.99,374.34
2025-04-12,PRD-A01,64.99,8,66.96,516.67
2025-04-12,PRD-A02,105.59,8,120.74,823.6
2025-04-12,PRD-A03,41.39,10,50.39,411.83
2025-04-12,PRD-A04,90.24,8,98.0,717.41
2025-04-12,PRD-H01,49.99,2,49.49,99.98
2025-04-12,PRD-H02,151.99,11,134.99,1626.29
2025-04-12,PRD-H03,284.99,3,270.74,854.97
2025-04-12,PRD-H04,129.99,5,118.74,630.45
2025-04-12,PRD-B01,36.1,14,44.1,501.8
2025-04-12,PRD-B02,60.48,17,55.1,955.57
2025-04-12,PRD-B03,43.19,8,37.99,336.88
2025-04-12,PRD-B04,100.79,3,84.99,302.37
2025-04-12,PRD-S01,199.99,2,170.99,399.98
2025-04-12,PRD-S02,33.59,15,29.69,475.29
2025-04-12,PRD-S03,149.99,3,132.99,449.97
2025-04-12,PRD-S04,53.99,5,47.99,269.95
2025-04-13,PRD-E01,167.99,12,144.99,2015.88
2025-04-13,PRD-E02,215.99,5,185.24,1036.75
2025-04-13,PRD-E03,237.49,7,258.12,1591.2
2025-04-13,PRD-E04,62.39,8,54.99,480.4
2025-04-13,PRD-A01,64.99,4,66.96,256.71
2025-04-13,PRD-A02,105.59,11,120.74,1145.65
2025-04-13,PRD-A03,41.39,9,50.39,372.51
2025-04-13,PRD-A04,90.24,7,98.0,586.58
2025-04-13,PRD-H01,49.99,13,49.49,649.87
2025-04-13,PRD-H02,151.99,9,134.99,1345.11
2025-04-13,PRD-H03,284.99,5,270.74,1396.45
2025-04-13,PRD-H04,129.99,3,118.74,363.97
2025-04-13,PRD-B01,36.1,14,44.1,492.77
2025-04-13,PRD-B02,60.48,7,55.1,405.21
2025-04-13,PRD-B03,43.19,5,37.99,213.79
2025-04-13,PRD-B04,100.79,6,84.99,549.3
2025-04-13,PRD-S01,199.99,1,170.99,199.99
2025-04-13,PRD-S02,33.59,6,29.69,201.54
2025-04-13,PRD-S03,149.99,8,132.99,1169.92
2025-04-13,PRD-S04,53.99,9,47.99,469.71
2025-04-14,PRD-E01,167.99,4,144.99,671.96
2025-04-14,PRD-E02,215.99,7,185.24,1479.53
2025-04-14,PRD-E03,237.49,3,258.12,712.47
2025-04-14,PRD-E04,62.39,4,54.99,249.56
2025-04-14,PRD-A01,64.99,4,66.96,259.96
2025-04-14,PRD-A02,105.59,22,120.74,2291.3
2025-04-14,PRD-A03,41.39,7,50.39,281.45
2025-04-14,PRD-A04,90.24,1,98.0,90.24
2025-04-14,PRD-H01,49.99,3,49.49,139.97
2025-04-14,PRD-H02,151.99,10,134.99,1497.1
2025-04-14,PRD-H03,284.99,3,270.74,826.47
2025-04-14,PRD-H04,129.99,3,118.74,389.97
2025-04-14,PRD-B01,36.1,6,44.1,213.0
2025-04-14,PRD-B02,60.48,14,55.1,828.58
2025-04-14,PRD-B03,43.19,6,37.99,256.98
2025-04-14,PRD-B04,100.79,0,84.99,0.0
2025-04-14,PRD-S01,199.99,2,170.99,379.98
2025-04-14,PRD-S02,33.59,15,29.69,478.65
2025-04-14,PRD-S03,149.99,4,132.99,599.96
2025-04-14,PRD-S04,53.99,5,47.99,269.95
2025-04-15,PRD-E01,167.99,9,144.99,1377.51
2025-04-15,PRD-E02,215.99,4,185.24,842.36
2025-04-15,PRD-E03,237.49,3,258.12,712.47
2025-04-15,PRD-E04,62.39,0,54.99,0.0
2025-04-15,PRD-A01,64.99,4,66.96,246.96
2025-04-15,PRD-A02,105.59,3,120.74,316.77
2025-04-15,PRD-A03,41.39,3,50.39,124.17
2025-04-15,PRD-A04,90.24,11,98.0,992.64
2025-04-15,PRD-H01,49.99,8,49.49,399.92
2025-04-15,PRD-H02,151.99,2,134.99,288.78
2025-04-15,PRD-H03,284.99,1,270.74,284.99
2025-04-15,PRD-H04,129.99,1,118.74,129.99
2025-04-15,PRD-B01,36.1,15,44.1,537.9
2025-04-15,PRD-B02,60.48,6,55.1,356.83
2025-04-15,PRD-B03,43.19,7,37.99,302.33
2025-04-15,PRD-B04,100.79,3,84.99,302.37
2025-04-15,PRD-S01,199.99,6,170.99,1189.94
2025-04-15,PRD-S02,33.59,17,29.69,562.63
2025-04-15,PRD-S03,149.99,6,132.99,899.94
2025-04-15,PRD-S04,53.99,14,47.99,734.26
2025-04-16,PRD-E01,167.99,3,144.99,503.97
2025-04-16,PRD-E02,215.99,1,185.24,215.99
2025-04-16,PRD-E03,237.49,4,258.12,949.96
2025-04-16,PRD-E04,62.39,10,54.99,623.9
2025-04-16,PRD-A01,64.99,7,66.96,454.93
2025-04-16,PRD-A02,105.59,12,120.74,1224.84
2025-04-16,PRD-A03,41.39,9,50.39,362.16
2025-04-16,PRD-A04,90.24,9,98.0,812.16
2025-04-16,PRD-H01,49.99,6,49.49,284.94
2025-04-16,PRD-H02,151.99,14,134.99,2105.06
2025-04-16,PRD-H03,284.99,0,270.74,0.0
2025-04-16,PRD-H04,129.99,9,118.74,1130.91
2025-04-16,PRD-B01,36.1,13,44.1,447.64
2025-04-16,PRD-B02,60.48,5,55.1,302.4
2025-04-16,PRD-B03,43.19,4,37.99,166.28
2025-04-16,PRD-B04,100.79,11,84.99,1088.53
2025-04-16,PRD-S01,199.99,1,170.99,199.99
2025-04-16,PRD-S02,33.59,10,29.69,327.5
2025-04-16,PRD-S03,149.99,5,132.99,749.95
2025-04-16,PRD-S04,53.99,7,47.99,377.93
2025-04-17,PRD-E01,167.99,12,144.99,1990.68
2025-04-17,PRD-E02,215.99,10,185.24,2159.9
2025-04-17,PRD-E03,237.49,1,258.12,237.49
2025-04-17,PRD-E04,62.39,2,54.99,124.78
2025-04-17,PRD-A01,64.99,2,66.96,116.98
2025-04-17,PRD-A02,105.59,17,120.74,1763.35
2025-04-17,PRD-A03,41.39,13,50.39,484.25
2025-04-17,PRD-A04,90.24,5,98.0,451.2
2025-04-17,PRD-H01,49.99,1,49.49,49.99
2025-04-17,PRD-H02,151.99,3,134.99,455.97
2025-04-17,PRD-H03,284.99,1,270.74,242.24
2025-04-17,PRD-H04,129.99,4,118.74,500.46
2025-04-17,PRD-B01,36.1,9,44.1,321.29
2025-04-17,PRD-B02,60.48,8,55.1,480.82
2025-04-17,PRD-B03,43.19,7,37.99,293.69
2025-04-17,PRD-B04,100.79,2,84.99,201.58
2025-04-17,PRD-S01,199.99,2,170.99,399.98
2025-04-17,PRD-S02,33.59,14,29.69,461.86
2025-04-17,PRD-S03,149.99,3,132.99,449.97
2025-04-17,PRD-S04,53.99,5,47.99,269.95
2025-04-18,PRD-E01,167.99,3,144.99,470.37
2025-04-18,PRD-E02,215.99,1,185.24,215.99
2025-04-18,PRD-E03,237.49,3,258.12,664.97
2025-04-18,PRD-E04,62.39,6,54.99,374.34
2025-04-18,PRD-A01,64.99,8,66.96,493.92
2025-04-18,PRD-A02,105.59,5,120.74,517.39
2025-04-18,PRD-A03,41.39,5,50.39,206.95
2025-04-18,PRD-A04,90.24,3,98.0,270.72
2025-04-18,PRD-H01,49.99,4,49.49,199.96
2025-04-18,PRD-H02,151.99,4,134.99,607.96
2025-04-18,PRD-H03,284.99,2,270.74,569.98
2025-04-18,PRD-H04,129.99,8,118.74,1020.42
2025-04-18,PRD-B01,36.1,9,44.1,317.68
2025-04-18,PRD-B02,60.48,7,55.1,420.34
2025-04-18,PRD-B03,43.19,7,37.99,291.53
2025-04-18,PRD-B04,100.79,1,84.99,100.79
2025-04-18,PRD-S01,199.99,6,170.99,1199.94
2025-04-18,PRD-S02,33.59,9,29.69,298.95
2025-04-18,PRD-S03,149.99,8,132.99,1184.92
2025-04-18,PRD-S04,53.99,5,47.99,251.05
2025-04-19,PRD-E01,167.99,3,144.99,503.97
2025-04-19,PRD-E02,215.99,7,185.24,1501.13
2025-04-19,PRD-E03,237.49,5,258.12,1187.45
2025-04-19,PRD-E04,62.39,4,54.99,237.08
2025-04-19,PRD-A01,64.99,6,66.96,376.94
2025-04-19,PRD-A02,105.59,15,120.74,1583.85
2025-04-19,PRD-A03,41.39,9,50.39,366.3
2025-04-19,PRD-A04,90.24,4,98.0,324.88
2025-04-19,PRD-H01,49.99,6,49.49,294.94
2025-04-19,PRD-H02,151.99,5,134.99,752.35
2025-04-19,PRD-H03,284.99,5,270.74,1396.45
2025-04-19,PRD-H04,129.99,19,118.74,2450.31
2025-04-19,PRD-B01,36.1,17,44.1,595.66
2025-04-19,PRD-B02,60.48,6,55.1,359.86
2025-04-19,PRD-B03,43.19,4,37.99,172.76
2025-04-19,PRD-B04,100.79,10,84.99,977.66
2025-04-19,PRD-S01,199.99,2,170.99,399.98
2025-04-19,PRD-S02,33.59,8,29.69,267.04
2025-04-19,PRD-S03,149.99,2,132.99,299.98
2025-04-19,PRD-S04,53.99,7,47.99,372.53
2025-04-20,PRD-E01,167.99,4,144.99,663.56
2025-04-20,PRD-E02,215.99,4,185.24,842.36
2025-04-20,PRD-E03,237.49,3,258.12,700.6
2025-04-20,PRD-E04,62.39,1,54.99,59.27
2025-04-20,PRD-A01,64.99,19,66.96,1218.56
2025-04-20,PRD-A02,105.59,6,120.74,622.98
2025-04-20,PRD-A03,41.39,5,50.39,202.81
2025-04-20,PRD-A04,90.24,9,98.0,789.6
2025-04-20,PRD-H01,49.99,13,49.49,649.87
2025-04-20,PRD-H02,151.99,6,134.99,881.54
2025-04-20,PRD-H03,284.99,3,270.74,854.97
2025-04-20,PRD-H04,129.99,4,118.74,519.96
2025-04-20,PRD-B01,36.1,11,44.1,382.67
2025-04-20,PRD-B02,60.48,7,55.1,423.36
2025-04-20,PRD-B03,43.19,8,37.99,343.36
2025-04-20,PRD-B04,100.79,6,84.99,594.66
2025-04-20,PRD-S01,199.99,2,170.99,399.98
2025-04-20,PRD-S02,33.59,17,29.69,567.67
2025-04-20,PRD-S03,149.99,4,132.99,599.96
2025-04-20,PRD-S04,53.99,4,47.99,205.16
2025-04-21,PRD-E01,167.99,6,144.99,974.34
2025-04-21,PRD-E02,199.99,6,185.24,1179.94
2025-04-21,PRD-E03,229.99,9,258.12,2069.91
2025-04-21,PRD-E04,67.19,4,54.99,268.76
2025-04-21,PRD-A01,61.74,3,66.96,182.13
2025-04-21,PRD-A02,105.59,7,120.74,739.13
2025-04-21,PRD-A03,44.99,3,50.39,134.97
2025-04-21,PRD-A04,87.39,7,98.0,598.62
2025-04-21,PRD-H01,49.99,6,49.49,299.94
2025-04-21,PRD-H02,147.19,6,134.99,868.42
2025-04-21,PRD-H03,284.99,2,270.74,484.48
2025-04-21,PRD-H04,145.59,10,118.74,1455.9
2025-04-21,PRD-B01,36.1,17,44.1,577.6
2025-04-21,PRD-B02,51.3,5,55.1,251.37
2025-04-21,PRD-B03,37.99,12,37.99,450.18
2025-04-21,PRD-B04,89.99,1,84.99,89.99
2025-04-21,PRD-S01,223.99,3,170.99,671.97
2025-04-21,PRD-S02,28.49,9,29.69,243.6
2025-04-21,PRD-S03,149.99,7,132.99,1042.43
2025-04-21,PRD-S04,47.49,11,47.99,517.65
2025-04-22,PRD-E01,167.99,1,144.99,167.99
2025-04-22,PRD-E02,199.99,3,185.24,579.97
2025-04-22,PRD-E03,229.99,4,258.12,919.96
2025-04-22,PRD-E04,67.19,1,54.99,67.19
2025-04-22,PRD-A01,61.74,5,66.96,299.44
2025-04-22,PRD-A02,105.59,24,120.74,2396.88
2025-04-22,PRD-A03,44.99,4,50.39,179.96
2025-04-22,PRD-A04,87.39,3,98.0,257.8
2025-04-22,PRD-H01,49.99,5,49.49,249.95
2025-04-22,PRD-H02,147.19,7,134.99,1008.25
2025-04-22,PRD-H03,284.99,3,270.74,854.97
2025-04-22,PRD-H04,145.59,1,118.74,145.59
2025-04-22,PRD-B01,36.1,3,44.1,108.3
2025-04-22,PRD-B02,51.3,6,55.1,305.23
2025-04-22,PRD-B03,37.99,8,37.99,303.92
2025-04-22,PRD-B04,89.99,9,84.99,805.41
2025-04-22,PRD-S01,223.99,1,170.99,223.99
2025-04-22,PRD-S02,28.49,12,29.69,339.03
2025-04-22,PRD-S03,149.99,2,132.99,299.98
2025-04-22,PRD-S04,47.49,14,47.99,655.36
2025-04-23,PRD-E01,167.99,4,144.99,671.96
2025-04-23,PRD-E02,199.99,4,185.24,799.96
2025-04-23,PRD-E03,229.99,1,258.12,229.99
2025-04-23,PRD-E04,67.19,7,54.99,450.17
2025-04-23,PRD-A01,61.74,3,66.96,185.22
2025-04-23,PRD-A02,105.59,7,120.74,739.13
2025-04-23,PRD-A03,44.99,4,50.39,179.96
2025-04-23,PRD-A04,87.39,12,98.0,1018.09
2025-04-23,PRD-H01,49.99,5,49.49,239.95
2025-04-23,PRD-H02,147.19,3,134.99,441.57
2025-04-23,PRD-H03,284.99,7,270.74,1880.93
2025-04-23,PRD-H04,145.59,6,118.74,873.54
2025-04-23,PRD-B01,36.1,21,44.1,741.84
2025-04-23,PRD-B02,51.3,8,55.1,374.46
2025-04-23,PRD-B03,37.99,8,37.99,303.92
2025-04-23,PRD-B04,89.99,1,84.99,89.99
2025-04-23,PRD-S01,223.99,1,170.99,190.39
2025-04-23,PRD-S02,28.49,15,29.69,423.09
2025-04-23,PRD-S03,149.99,3,132.99,434.97
2025-04-23,PRD-S04,47.49,8,47.99,379.92
2025-04-24,PRD-E01,167.99,4,144.99,638.36
2025-04-24,PRD-E02,199.99,3,185.24,599.97
2025-04-24,PRD-E03,229.99,3,258.12,689.97
2025-04-24,PRD-E04,67.19,11,54.99,739.09
2025-04-24,PRD-A01,61.74,9,66.96,555.66
2025-04-24,PRD-A02,105.59,5,120.74,517.39
2025-04-24,PRD-A03,44.99,8,50.39,359.92
2025-04-24,PRD-A04,87.39,15,98.0,1310.85
2025-04-24,PRD-H01,49.99,11,49.49,509.89
2025-04-24,PRD-H02,147.19,7,134.99,1000.89
2025-04-24,PRD-H03,284.99,4,270.74,1139.96
2025-04-24,PRD-H04,145.59,3,118.74,407.65
2025-04-24,PRD-B01,36.1,14,44.1,498.19
2025-04-24,PRD-B02,51.3,4,55.1,200.07
2025-04-24,PRD-B03,37.99,4,37.99,146.26
2025-04-24,PRD-B04,89.99,2,84.99,179.98
2025-04-24,PRD-S01,223.99,4,170.99,873.56
2025-04-24,PRD-S02,28.49,18,29.69,509.97
2025-04-24,PRD-S03,149.99,5,132.99,749.95
2025-04-24,PRD-S04,47.49,10,47.99,467.78
2025-04-25,PRD-E01,167.99,4,144.99,671.96
2025-04-25,PRD-E02,199.99,10,185.24,1949.9
2025-04-25,PRD-E03,229.99,12,258.12,2759.88
2025-04-25,PRD-E04,67.19,13,54.99,873.47
2025-04-25,PRD-A01,61.74,0,66.96,0.0
2025-04-25,PRD-A02,105.59,9,120.74,902.79
2025-04-25,PRD-A03,44.99,3,50.39,134.97
2025-04-25,PRD-A04,87.39,2,98.0,174.78
2025-04-25,PRD-H01,49.99,11,49.49,484.89
2025-04-25,PRD-H02,147.19,7,134.99,1030.33
2025-04-25,PRD-H03,284.99,1,270.74,227.99
2025-04-25,PRD-H04,145.59,4,118.74,567.8
2025-04-25,PRD-B01,36.1,9,44.1,324.9
2025-04-25,PRD-B02,51.3,16,55.1,759.2
2025-04-25,PRD-B03,37.99,6,37.99,222.24
2025-04-25,PRD-B04,89.99,3,84.99,256.47
2025-04-25,PRD-S01,223.99,3,170.99,627.17
2025-04-25,PRD-S02,28.49,11,29.69,307.7
2025-04-25,PRD-S03,149.99,1,132.99,149.99
2025-04-25,PRD-S04,47.49,8,47.99,370.43
2025-04-26,PRD-E01,167.99,14,144.99,2343.46
2025-04-26,PRD-E02,199.99,9,185.24,1629.91
2025-04-26,PRD-E03,229.99,4,258.12,919.96
2025-04-26,PRD-E04,67.19,5,54.99,335.95
2025-04-26,PRD-A01,61.74,4,66.96,246.96
2025-04-26,PRD-A02,105.59,26,120.74,2608.06
2025-04-26,PRD-A03,44.99,9,50.39,402.66
2025-04-26,PRD-A04,87.39,21,98.0,1695.35
2025-04-26,PRD-H01,49.99,6,49.49,299.94
2025-04-26,PRD-H02,147.19,8,134.99,1177.52
2025-04-26,PRD-H03,284.99,1,270.74,284.99
2025-04-26,PRD-H04,145.59,1,118.74,145.59
2025-04-26,PRD-B01,36.1,24,44.1,848.36
2025-04-26,PRD-B02,51.3,12,55.1,600.21
2025-04-26,PRD-B03,37.99,7,37.99,265.93
2025-04-26,PRD-B04,89.99,15,84.99,1295.85
2025-04-26,PRD-S01,223.99,4,170.99,873.56
2025-04-26,PRD-S02,28.49,10,29.69,282.05
2025-04-26,PRD-S03,149.99,0,132.99,0.0
2025-04-26,PRD-S04,47.49,7,47.99,332.43
2025-04-27,PRD-E01,167.99,1,144.99,167.99
2025-04-27,PRD-E02,199.99,5,185.24,999.95
2025-04-27,PRD-E03,229.99,11,258.12,2529.89
2025-04-27,PRD-E04,67.19,5,54.99,335.95
2025-04-27,PRD-A01,61.74,4,66.96,243.87
2025-04-27,PRD-A02,105.59,23,120.74,2386.33
2025-04-27,PRD-A03,44.99,7,50.39,312.68
2025-04-27,PRD-A04,87.39,3,98.0,262.17
2025-04-27,PRD-H01,49.99,6,49.49,279.94
2025-04-27,PRD-H02,147.19,16,134.99,2347.68
2025-04-27,PRD-H03,284.99,2,270.74,569.98
2025-04-27,PRD-H04,145.59,4,118.74,553.24
2025-04-27,PRD-B01,36.1,13,44.1,456.68
2025-04-27,PRD-B02,51.3,22,55.1,1123.46
2025-04-27,PRD-B03,37.99,3,37.99,112.07
2025-04-27,PRD-B04,89.99,2,84.99,179.98
2025-04-27,PRD-S01,223.99,3,170.99,671.97
2025-04-27,PRD-S02,28.49,14,29.69,393.16
2025-04-27,PRD-S03,149.99,3,132.99,449.97
2025-04-27,PRD-S04,47.49,11,47.99,522.39
2025-04-28,PRD-E01,167.99,4,144.99,671.96
2025-04-28,PRD-E02,199.99,3,194.99,599.97
2025-04-28,PRD-E03,229.99,2,227.05,459.98
2025-04-28,PRD-E04,67.19,4,57.74,262.04
2025-04-28,PRD-A01,61.74,3,58.9,185.22
2025-04-28,PRD-A02,105.59,5,103.49,527.95
2025-04-28,PRD-A03,44.99,11,43.19,490.39
2025-04-28,PRD-A04,87.39,8,88.2,694.75
2025-04-28,PRD-H01,49.99,7,54.99,329.93
2025-04-28,PRD-H02,147.19,8,142.49,1177.52
2025-04-28,PRD-H03,284.99,0,307.79,0.0
2025-04-28,PRD-H04,145.59,4,124.99,582.36
2025-04-28,PRD-B01,36.1,7,45.36,245.48
2025-04-28,PRD-B02,51.3,13,55.1,651.51
2025-04-28,PRD-B03,37.99,15,36.09,569.85
2025-04-28,PRD-B04,89.99,8,76.49,719.92
2025-04-28,PRD-S01,223.99,2,205.19,425.58
2025-04-28,PRD-S02,28.49,18,29.69,508.56
2025-04-28,PRD-S03,149.99,0,132.99,0.0
2025-04-28,PRD-S04,47.49,8,47.99,379.92
2025-04-29,PRD-E01,167.99,5,144.99,772.75
2025-04-29,PRD-E02,199.99,4,194.99,799.96
2025-04-29,PRD-E03,229.99,2,227.05,448.48
2025-04-29,PRD-E04,67.19,3,57.74,201.57
2025-04-29,PRD-A01,61.74,4,58.9,240.79
2025-04-29,PRD-A02,105.59,8,103.49,828.88
2025-04-29,PRD-A03,44.99,14,43.19,629.86
2025-04-29,PRD-A04,87.39,5,88.2,428.21
2025-04-29,PRD-H01,49.99,4,54.99,197.46
2025-04-29,PRD-H02,147.19,3,142.49,441.57
2025-04-29,PRD-H03,284.99,2,307.79,569.98
2025-04-29,PRD-H04,145.59,2,124.99,291.18
2025-04-29,PRD-B01,36.1,13,45.36,469.3
2025-04-29,PRD-B02,51.3,2,55.1,102.6
2025-04-29,PRD-B03,37.99,10,36.09,379.9
2025-04-29,PRD-B04,89.99,4,76.49,359.96
2025-04-29,PRD-S01,223.99,2,205.19,414.38
2025-04-29,PRD-S02,28.49,8,29.69,227.92
2025-04-29,PRD-S03,149.99,3,132.99,449.97
2025-04-29,PRD-S04,47.49,3,47.99,137.73
2025-04-30,PRD-E01,167.99,4,144.99,671.96
2025-04-30,PRD-E02,199.99,2,194.99,359.98
2025-04-30,PRD-E03,229.99,3,227.05,689.97
2025-04-30,PRD-E04,67.19,6,57.74,386.34
2025-04-30,PRD-A01,61.74,10,58.9,592.7
2025-04-30,PRD-A02,105.59,12,103.49,1267.08
2025-04-30,PRD-A03,44.99,4,43.19,179.96
2025-04-30,PRD-A04,87.39,8,88.2,672.9
2025-04-30,PRD-H01,49.99,0,54.99,0.0
2025-04-30,PRD-H02,147.19,4,142.49,581.4
2025-04-30,PRD-H03,284.99,4,307.79,1139.96
2025-04-30,PRD-H04,145.59,0,124.99,0.0
2025-04-30,PRD-B01,36.1,7,45.36,249.09
2025-04-30,PRD-B02,51.3,5,55.1,241.1
2025-04-30,PRD-B03,37.99,6,36.09,212.74
2025-04-30,PRD-B04,89.99,3,76.49,269.97
2025-04-30,PRD-S01,223.99,7,205.19,1500.73
2025-04-30,PRD-S02,28.49,12,29.69,333.33
2025-04-30,PRD-S03,149.99,1,132.99,149.99
2025-04-30,PRD-S04,47.49,4,47.99,185.21
2025-05-01,PRD-E01,167.99,6,144.99,949.14
2025-05-01,PRD-E02,199.99,0,194.99,0.0
2025-05-01,PRD-E03,229.99,3,227.05,689.97
2025-05-01,PRD-E04,67.19,10,57.74,671.9
2025-05-01,PRD-A01,61.74,4,58.9,240.79
2025-05-01,PRD-A02,105.59,8,103.49,834.16
2025-05-01,PRD-A03,44.99,6,43.19,269.94
2025-05-01,PRD-A04,87.39,3,88.2,235.95
2025-05-01,PRD-H01,49.99,5,54.99,249.95
2025-05-01,PRD-H02,147.19,10,142.49,1457.18
2025-05-01,PRD-H03,284.99,4,307.79,1139.96
2025-05-01,PRD-H04,145.59,4,124.99,575.08
2025-05-01,PRD-B01,36.1,22,45.36,787.0
2025-05-01,PRD-B02,51.3,8,55.1,405.27
2025-05-01,PRD-B03,37.99,4,36.09,151.96
2025-05-01,PRD-B04,89.99,4,76.49,350.96
2025-05-01,PRD-S01,223.99,2,205.19,447.98
2025-05-01,PRD-S02,28.49,5,29.69,141.03
2025-05-01,PRD-S03,149.99,0,132.99,0.0
2025-05-01,PRD-S04,47.49,6,47.99,277.82
2025-05-02,PRD-E01,167.99,5,144.99,839.95
2025-05-02,PRD-E02,199.99,5,194.99,999.95
2025-05-02,PRD-E03,229.99,3,227.05,689.97
2025-05-02,PRD-E04,67.19,9,57.74,597.99
2025-05-02,PRD-A01,61.74,4,58.9,246.96
2025-05-02,PRD-A02,105.59,17,103.49,1763.35
2025-05-02,PRD-A03,44.99,5,43.19,220.45
2025-05-02,PRD-A04,87.39,5,88.2,415.1
2025-05-02,PRD-H01,49.99,9,54.99,429.91
2025-05-02,PRD-H02,147.19,7,142.49,1030.33
2025-05-02,PRD-H03,284.99,0,307.79,0.0
2025-05-02,PRD-H04,145.59,6,124.99,873.54
2025-05-02,PRD-B01,36.1,6,45.36,214.8
2025-05-02,PRD-B02,51.3,10,55.1,510.43
2025-05-02,PRD-B03,37.99,7,36.09,250.73
2025-05-02,PRD-B04,89.99,2,76.49,179.98
2025-05-02,PRD-S01,223.99,4,205.19,895.96
2025-05-02,PRD-S02,28.49,14,29.69,391.74
2025-05-02,PRD-S03,149.99,3,132.99,427.47
2025-05-02,PRD-S04,47.49,10,47.99,470.15
2025-05-03,PRD-E01,167.99,5,144.99,823.15
2025-05-03,PRD-E02,199.99,16,194.99,3169.84
2025-05-03,PRD-E03,229.99,13,227.05,2886.37
2025-05-03,PRD-E04,67.19,17,57.74,1132.15
2025-05-03,PRD-A01,61.74,9,58.9,543.31
2025-05-03,PRD-A02,105.59,6,103.49,601.86
2025-05-03,PRD-A03,44.99,7,43.19,310.43
2025-05-03,PRD-A04,87.39,8,88.2,681.64
2025-05-03,PRD-H01,49.99,5,54.99,242.45
2025-05-03,PRD-H02,147.19,15,142.49,2207.85
2025-05-03,PRD-H03,284.99,1,307.79,242.24
2025-05-03,PRD-H04,145.59,0,124.99,0.0
2025-05-03,PRD-B01,36.1,14,45.36,492.76
2025-05-03,PRD-B02,51.3,8,55.1,410.4
2025-05-03,PRD-B03,37.99,11,36.09,417.89
2025-05-03,PRD-B04,89.99,1,76.49,85.49
2025-05-03,PRD-S01,223.99,15,205.19,3259.05
2025-05-03,PRD-S02,28.49,3,29.69,85.47
2025-05-03,PRD-S03,149.99,5,132.99,749.95
2025-05-03,PRD-S04,47.49,12,47.99,541.4
2025-05-04,PRD-E01,167.99,3,144.99,487.17
2025-05-04,PRD-E02,199.99,3,194.99,599.97
2025-05-04,PRD-E03,229.99,4,227.05,919.96
2025-05-04,PRD-E04,67.19,9,57.74,587.91
2025-05-04,PRD-A01,61.74,5,58.9,302.53
2025-05-04,PRD-A02,105.59,6,103.49,612.42
2025-05-04,PRD-A03,44.99,3,43.19,134.97
2025-05-04,PRD-A04,87.39,15,88.2,1302.11
2025-05-04,PRD-H01,49.99,19,54.99,939.81
2025-05-04,PRD-H02,147.19,6,142.49,838.98
2025-05-04,PRD-H03,284.99,5,307.79,1424.95
2025-05-04,PRD-H04,145.59,1,124.99,145.59
2025-05-04,PRD-B01,36.1,20,45.36,700.35
2025-05-04,PRD-B02,51.3,7,55.1,356.53
2025-05-04,PRD-B03,37.99,14,36.09,528.06
2025-05-04,PRD-B04,89.99,7,76.49,629.93
2025-05-04,PRD-S01,223.99,1,205.19,223.99
2025-05-04,PRD-S02,28.49,13,29.69,361.82
2025-05-04,PRD-S03,149.99,1,132.99,149.99
2025-05-04,PRD-S04,47.49,7,47.99,330.06
2025-05-05,PRD-E01,142.49,5,144.99,698.2
2025-05-05,PRD-E02,189.99,5,194.99,873.95
2025-05-05,PRD-E03,269.99,3,227.05,809.97
2025-05-05,PRD-E04,59.99,8,57.74,479.92
2025-05-05,PRD-A01,64.99,3,58.9,188.47
2025-05-05,PRD-A02,113.99,3,103.49,341.97
2025-05-05,PRD-A03,46.79,11,43.19,510.01
2025-05-05,PRD-A04,94.99,2,88.2,189.98
2025-05-05,PRD-H01,49.99,12,54.99,599.88
2025-05-05,PRD-H02,166.39,0,142.49,0.0
2025-05-05,PRD-H03,311.99,4,307.79,1247.96
2025-05-05,PRD-H04,129.99,2,124.99,259.98
2025-05-05,PRD-B01,36.1,10,45.36,361.0
2025-05-05,PRD-B02,49.68,8,55.1,382.54
2025-05-05,PRD-B03,36.79,6,36.09,206.02
2025-05-05,PRD-B04,82.79,3,76.49,231.81
2025-05-05,PRD-S01,223.99,5,205.19,974.35
2025-05-05,PRD-S02,29.99,14,29.69,410.86
2025-05-05,PRD-S03,149.99,1,132.99,149.99
2025-05-05,PRD-S04,47.49,3,47.99,137.73
2025-05-06,PRD-E01,142.49,3,144.99,427.47
2025-05-06,PRD-E02,189.99,4,194.99,759.96
2025-05-06,PRD-E03,269.99,1,227.05,256.49
2025-05-06,PRD-E04,59.99,7,57.74,407.93
2025-05-06,PRD-A01,64.99,7,58.9,448.43
2025-05-06,PRD-A02,113.99,10,103.49,1134.2
2025-05-06,PRD-A03,46.79,8,43.19,374.32
2025-05-06,PRD-A04,94.99,6,88.2,565.19
2025-05-06,PRD-H01,49.99,9,54.99,449.91
2025-05-06,PRD-H02,166.39,6,142.49,998.34
2025-05-06,PRD-H03,311.99,0,307.79,0.0
2025-05-06,PRD-H04,129.99,6,124.99,760.44
2025-05-06,PRD-B01,36.1,16,45.36,570.38
2025-05-06,PRD-B02,49.68,2,55.1,99.36
2025-05-06,PRD-B03,36.79,5,36.09,183.95
2025-05-06,PRD-B04,82.79,3,76.49,248.37
2025-05-06,PRD-S01,223.99,2,205.19,447.98
2025-05-06,PRD-S02,29.99,15,29.69,409.35
2025-05-06,PRD-S03,149.99,3,132.99,449.97
2025-05-06,PRD-S04,47.49,15,47.99,712.35
2025-05-07,PRD-E01,142.49,5,144.99,712.45
2025-05-07,PRD-E02,189.99,8,194.99,1519.92
2025-05-07,PRD-E03,269.99,5,227.05,1349.95
2025-05-07,PRD-E04,59.99,22,57.74,1295.78
2025-05-07,PRD-A01,64.99,2,58.9,129.98
2025-05-07,PRD-A02,113.99,8,103.49,911.92
2025-05-07,PRD-A03,46.79,12,43.19,547.44
2025-05-07,PRD-A04,94.99,8,88.2,731.42
2025-05-07,PRD-H01,49.99,5,54.99,234.95
2025-05-07,PRD-H02,166.39,3,142.49,499.17
2025-05-07,PRD-H03,311.99,5,307.79,1528.75
2025-05-07,PRD-H04,129.99,6,124.99,779.94
2025-05-07,PRD-B01,36.1,9,45.36,324.9
2025-05-07,PRD-B02,49.68,3,55.1,149.04
2025-05-07,PRD-B03,36.79,11,36.09,404.69
2025-05-07,PRD-B04,82.79,8,76.49,629.2
2025-05-07,PRD-S01,223.99,4,205.19,884.76
2025-05-07,PRD-S02,29.99,7,29.69,200.93
2025-05-07,PRD-S03,149.99,14,132.99,2077.36
2025-05-07,PRD-S04,47.49,9,47.99,403.66
2025-05-08,PRD-E01,142.49,6,144.99,840.69
2025-05-08,PRD-E02,189.99,6,194.99,1139.94
2025-05-08,PRD-E03,269.99,2,227.05,526.48
2025-05-08,PRD-E04,59.99,14,57.74,827.86
2025-05-08,PRD-A01,64.99,2,58.9,129.98
2025-05-08,PRD-A02,113.99,1,103.49,113.99
2025-05-08,PRD-A03,46.79,5,43.19,224.59
2025-05-08,PRD-A04,94.99,4,88.2,370.46
2025-05-08,PRD-H01,49.99,8,54.99,394.92
2025-05-08,PRD-H02,166.39,2,142.49,299.5
2025-05-08,PRD-H03,311.99,1,307.79,249.59
2025-05-08,PRD-H04,129.99,3,124.99,389.97
2025-05-08,PRD-B01,36.1,12,45.36,433.2
2025-05-08,PRD-B02,49.68,17,55.1,844.56
2025-05-08,PRD-B03,36.79,7,36.09,257.53
2025-05-08,PRD-B04,82.79,3,76.49,248.37
2025-05-08,PRD-S01,223.99,1,205.19,201.59
2025-05-08,PRD-S02,29.99,8,29.69,232.42
2025-05-08,PRD-S03,149.99,2,132.99,299.98
2025-05-08,PRD-S04,47.49,13,47.99,600.75
2025-05-09,PRD-E01,142.49,3,144.99,384.72
2025-05-09,PRD-E02,189.99,4,194.99,759.96
2025-05-09,PRD-E03,269.99,2,227.05,526.48
2025-05-09,PRD-E04,59.99,7,57.74,419.93
2025-05-09,PRD-A01,64.99,4,58.9,250.21
2025-05-09,PRD-A02,113.99,10,103.49,1117.1
2025-05-09,PRD-A03,46.79,5,43.19,233.95
2025-05-09,PRD-A04,94.99,7,88.2,655.43
2025-05-09,PRD-H01,49.99,2,54.99,99.98
2025-05-09,PRD-H02,166.39,3,142.49,499.17
2025-05-09,PRD-H03,311.99,2,307.79,623.98
2025-05-09,PRD-H04,129.99,10,124.99,1273.9
2025-05-09,PRD-B01,36.1,9,45.36,324.9
2025-05-09,PRD-B02,49.68,11,55.1,541.51
2025-05-09,PRD-B03,36.79,5,36.09,176.59
2025-05-09,PRD-B04,82.79,6,76.49,496.74
2025-05-09,PRD-S01,223.99,2,205.19,436.78
2025-05-09,PRD-S02,29.99,3,29.69,86.97
2025-05-09,PRD-S03,149.99,2,132.99,299.98
2025-05-09,PRD-S04,47.49,5,47.99,237.45
2025-05-10,PRD-E01,142.49,4,144.99,569.96
2025-05-10,PRD-E02,189.99,3,194.99,541.47
2025-05-10,PRD-E03,269.99,5,227.05,1309.45
2025-05-10,PRD-E04,59.99,22,57.74,1181.78
2025-05-10,PRD-A01,64.99,12,58.9,740.88
2025-05-10,PRD-A02,113.99,18,103.49,2051.82
2025-05-10,PRD-A03,46.79,6,43.19,280.74
2025-05-10,PRD-A04,94.99,11,88.2,1035.39
2025-05-10,PRD-H01,49.99,13,54.99,632.37
2025-05-10,PRD-H02,166.39,6,142.49,981.7
2025-05-10,PRD-H03,311.99,3,307.79,935.97
2025-05-10,PRD-H04,129.99,7,124.99,870.93
2025-05-10,PRD-B01,36.1,7,45.36,249.09
2025-05-10,PRD-B02,49.68,11,55.1,544.0
2025-05-10,PRD-B03,36.79,10,36.09,360.54
2025-05-10,PRD-B04,82.79,6,76.49,496.74
2025-05-10,PRD-S01,223.99,4,205.19,895.96
2025-05-10,PRD-S02,29.99,7,29.69,208.43
2025-05-10,PRD-S03,149.99,3,132.99,449.97
2025-05-10,PRD-S04,47.49,9,47.99,417.91
2025-05-11,PRD-E01,142.49,5,144.99,683.95
2025-05-11,PRD-E02,189.99,6,194.99,1111.44
2025-05-11,PRD-E03,269.99,4,227.05,1079.96
2025-05-11,PRD-E04,59.99,16,57.74,950.84
2025-05-11,PRD-A01,64.99,5,58.9,315.2
2025-05-11,PRD-A02,113.99,25,103.49,2570.45
2025-05-11,PRD-A03,46.79,4,43.19,182.48
2025-05-11,PRD-A04,94.99,2,88.2,189.98
2025-05-11,PRD-H01,49.99,11,54.99,517.39
2025-05-11,PRD-H02,166.39,2,142.49,332.78
2025-05-11,PRD-H03,311.99,1,307.79,311.99
2025-05-11,PRD-H04,129.99,2,124.99,240.48
2025-05-11,PRD-B01,36.1,9,45.36,321.3
2025-05-11,PRD-B02,49.68,11,55.1,539.03
2025-05-11,PRD-B03,36.79,9,36.09,321.91
2025-05-11,PRD-B04,82.79,4,76.49,331.16
2025-05-11,PRD-S01,223.99,2,205.19,436.78
2025-05-11,PRD-S02,29.99,13,29.69,388.37
2025-05-11,PRD-S03,149.99,10,132.99,1499.9
2025-05-11,PRD-S04,47.49,11,47.99,505.77
2025-05-12,PRD-E01,142.49,3,144.99,427.47
2025-05-12,PRD-E02,189.99,5,194.99,930.95
2025-05-12,PRD-E03,269.99,3,227.05,809.97
2025-05-12,PRD-E04,59.99,7,57.74,413.93
2025-05-12,PRD-A01,64.99,7,58.9,448.43
2025-05-12,PRD-A02,113.99,7,103.49,746.63
2025-05-12,PRD-A03,46.79,7,43.19,325.19
2025-05-12,PRD-A04,94.99,8,88.2,736.17
2025-05-12,PRD-H01,49.99,6,54.99,299.94
2025-05-12,PRD-H02,166.39,5,142.49,831.95
2025-05-12,PRD-H03,311.99,1,307.79,311.99
2025-05-12,PRD-H04,129.99,3,124.99,389.97
2025-05-12,PRD-B01,36.1,11,45.36,397.1
2025-05-12,PRD-B02,49.68,12,55.1,593.68
2025-05-12,PRD-B03,36.79,9,36.09,327.43
2025-05-12,PRD-B04,82.79,13,76.49,1059.71
2025-05-12,PRD-S01,223.99,0,205.19,0.0
2025-05-12,PRD-S02,29.99,14,29.69,409.36
2025-05-12,PRD-S03,149.99,15,132.99,2219.85
2025-05-12,PRD-S04,47.49,7,47.99,332.43
2025-05-13,PRD-E01,142.49,6,144.99,769.46
2025-05-13,PRD-E02,189.99,4,194.99,759.96
2025-05-13,PRD-E03,269.99,5,227.05,1309.45
2025-05-13,PRD-E04,59.99,5,57.74,296.95
2025-05-13,PRD-A01,64.99,6,58.9,386.69
2025-05-13,PRD-A02,113.99,15,103.49,1544.55
2025-05-13,PRD-A03,46.79,8,43.19,374.32
2025-05-13,PRD-A04,94.99,4,88.2,360.96
2025-05-13,PRD-H01,49.99,7,54.99,329.93
2025-05-13,PRD-H02,166.39,10,142.49,1655.58
2025-05-13,PRD-H03,311.99,1,307.79,311.99
2025-05-13,PRD-H04,129.99,2,124.99,259.98
2025-05-13,PRD-B01,36.1,17,45.36,611.9
2025-05-13,PRD-B02,49.68,5,55.1,218.58
2025-05-13,PRD-B03,36.79,7,36.09,246.49
2025-05-13,PRD-B04,82.79,6,76.49,476.04
2025-05-13,PRD-S01,223.99,10,205.19,2239.9
2025-05-13,PRD-S02,29.99,10,29.69,293.9
2025-05-13,PRD-S03,149.99,1,132.99,149.99
2025-05-13,PRD-S04,47.49,10,47.99,472.53
2025-05-14,PRD-E01,142.49,8,144.99,1139.92
2025-05-14,PRD-E02,189.99,7,194.99,1329.93
2025-05-14,PRD-E03,269.99,8,227.05,2146.42
2025-05-14,PRD-E04,59.99,20,57.74,1184.8
2025-05-14,PRD-A01,64.99,3,58.9,194.97
2025-05-14,PRD-A02,113.99,6,103.49,666.84
2025-05-14,PRD-A03,46.79,4,43.19,182.48
2025-05-14,PRD-A04,94.99,2,88.2,180.48
2025-05-14,PRD-H01,49.99,5,54.99,227.45
2025-05-14,PRD-H02,166.39,7,142.49,1156.41
2025-05-14,PRD-H03,311.99,7,307.79,2059.13
2025-05-14,PRD-H04,129.99,3,124.99,389.97
2025-05-14,PRD-B01,36.1,19,45.36,675.07
2025-05-14,PRD-B02,49.68,13,55.1,633.42
2025-05-14,PRD-B03,36.79,5,36.09,183.95
2025-05-14,PRD-B04,82.79,18,76.49,1357.74
2025-05-14,PRD-S01,223.99,7,205.19,1534.33
2025-05-14,PRD-S02,29.99,15,29.69,446.85
2025-05-14,PRD-S03,149.99,4,132.99,577.46
2025-05-14,PRD-S04,47.49,12,47.99,569.88
2025-05-15,PRD-E01,142.49,10,144.99,1417.78
2025-05-15,PRD-E02,189.99,5,194.99,911.95
2025-05-15,PRD-E03,269.99,5,227.05,1255.45
2025-05-15,PRD-E04,59.99,2,57.74,119.98
2025-05-15,PRD-A01,64.99,10,58.9,643.4
2025-05-15,PRD-A02,113.99,13,103.49,1453.37
2025-05-15,PRD-A03,46.79,7,43.19,318.17
2025-05-15,PRD-A04,94.99,5,88.2,470.2
2025-05-15,PRD-H01,49.99,8,54.99,394.92
2025-05-15,PRD-H02,166.39,8,142.49,1314.48
2025-05-15,PRD-H03,311.99,4,307.79,1185.56
2025-05-15,PRD-H04,129.99,5,124.99,649.95
2025-05-15,PRD-B01,36.1,20,45.36,722.0
2025-05-15,PRD-B02,49.68,7,55.1,347.76
2025-05-15,PRD-B03,36.79,20,36.09,722.92
2025-05-15,PRD-B04,82.79,5,76.49,413.95
2025-05-15,PRD-S01,223.99,1,205.19,223.99
2025-05-15,PRD-S02,29.99,13,29.69,383.87
2025-05-15,PRD-S03,149.99,9,132.99,1207.41
2025-05-15,PRD-S04,47.49,7,47.99,315.81
2025-05-16,PRD-E01,142.49,12,144.99,1688.51
2025-05-16,PRD-E02,189.99,5,194.99,883.45
2025-05-16,PRD-E03,269.99,2,227.05,539.98
2025-05-16,PRD-E04,59.99,11,57.74,647.89
2025-05-16,PRD-A01,64.99,2,58.9,129.98
2025-05-16,PRD-A02,113.99,10,103.49,1128.5
2025-05-16,PRD-A03,46.79,3,43.19,140.37
2025-05-16,PRD-A04,94.99,12,88.2,1130.38
2025-05-16,PRD-H01,49.99,5,54.99,242.45
2025-05-16,PRD-H02,166.39,13,142.49,2163.07
2025-05-16,PRD-H03,311.99,1,307.79,311.99
2025-05-16,PRD-H04,129.99,6,124.99,773.44
2025-05-16,PRD-B01,36.1,16,45.36,570.38
2025-05-16,PRD-B02,49.68,18,55.1,861.95
2025-05-16,PRD-B03,36.79,20,36.09,724.76
2025-05-16,PRD-B04,82.79,1,76.49,82.79
2025-05-16,PRD-S01,223.99,3,205.19,671.97
2025-05-16,PRD-S02,29.99,17,29.69,508.33
2025-05-16,PRD-S03,149.99,3,132.99,449.97
2025-05-16,PRD-S04,47.49,9,47.99,413.19
2025-05-17,PRD-E01,142.49,8,144.99,1139.92
2025-05-17,PRD-E02,189.99,12,194.99,2270.38
2025-05-17,PRD-E03,269.99,7,227.05,1889.93
2025-05-17,PRD-E04,59.99,10,57.74,593.9
2025-05-17,PRD-A01,64.99,8,58.9,513.42
2025-05-17,PRD-A02,113.99,12,103.49,1362.18
2025-05-17,PRD-A03,46.79,3,43.19,140.37
2025-05-17,PRD-A04,94.99,1,88.2,90.24
2025-05-17,PRD-H01,49.99,1,54.99,39.99
2025-05-17,PRD-H02,166.39,4,142.49,665.56
2025-05-17,PRD-H03,311.99,0,307.79,0.0
2025-05-17,PRD-H04,129.99,8,124.99,1033.42
2025-05-17,PRD-B01,36.1,8,45.36,277.97
2025-05-17,PRD-B02,49.68,6,55.1,288.14
2025-05-17,PRD-B03,36.79,6,36.09,206.02
2025-05-17,PRD-B04,82.79,3,76.49,248.37
2025-05-17,PRD-S01,223.99,8,205.19,1780.72
2025-05-17,PRD-S02,29.99,18,29.69,529.32
2025-05-17,PRD-S03,149.99,3,132.99,449.97
2025-05-17,PRD-S04,47.49,20,47.99,947.43
2025-05-18,PRD-E01,142.49,14,144.99,1959.24
2025-05-18,PRD-E02,189.99,11,194.99,2089.89
2025-05-18,PRD-E03,269.99,0,227.05,0.0
2025-05-18,PRD-E04,59.99,7,57.74,410.93
2025-05-18,PRD-A01,64.99,6,58.9,373.69
2025-05-18,PRD-A02,113.99,7,103.49,797.93
2025-05-18,PRD-A03,46.79,7,43.19,327.53
2025-05-18,PRD-A04,94.99,3,88.2,284.97
2025-05-18,PRD-H01,49.99,8,54.99,399.92
2025-05-18,PRD-H02,166.39,8,142.49,1314.48
2025-05-18,PRD-H03,311.99,2,307.79,623.98
2025-05-18,PRD-H04,129.99,9,124.99,1169.91
2025-05-18,PRD-B01,36.1,13,45.36,453.06
2025-05-18,PRD-B02,49.68,11,55.1,534.06
2025-05-18,PRD-B03,36.79,6,36.09,220.74
2025-05-18,PRD-B04,82.79,12,76.49,993.48
2025-05-18,PRD-S01,223.99,3,205.19,671.97
2025-05-18,PRD-S02,29.99,15,29.69,443.85
2025-05-18,PRD-S03,149.99,7,132.99,1049.93
2025-05-18,PRD-S04,47.49,16,47.99,750.34
2025-05-19,PRD-E01,161.99,15,137.74,2421.75
2025-05-19,PRD-E02,215.99,0,175.49,0.0
2025-05-19,PRD-E03,269.99,9,227.05,2375.91
2025-05-19,PRD-E04,64.79,10,57.74,621.98
2025-05-19,PRD-A01,64.99,4,58.9,259.96
2025-05-19,PRD-A02,119.99,11,120.74,1283.89
2025-05-19,PRD-A03,41.39,4,50.39,149.0
2025-05-19,PRD-A04,94.99,6,102.9,560.44
2025-05-19,PRD-H01,43.99,12,54.99,521.28
2025-05-19,PRD-H02,147.19,5,142.49,706.51
2025-05-19,PRD-H03,275.99,2,284.99,551.98
2025-05-19,PRD-H04,123.49,6,112.49,740.94
2025-05-19,PRD-B01,38.0,7,42.0,256.5
2025-05-19,PRD-B02,49.68,7,58.0,337.82
2025-05-19,PRD-B03,39.99,8,37.99,313.92
2025-05-19,PRD-B04,89.99,3,91.79,251.97
2025-05-19,PRD-S01,215.99,0,199.49,0.0
2025-05-19,PRD-S02,33.59,4,29.69,134.36
2025-05-19,PRD-S03,155.99,4,125.99,623.96
2025-05-19,PRD-S04,51.99,5,51.83,259.95
2025-05-20,PRD-E01,161.99,1,137.74,161.99
2025-05-20,PRD-E02,215.99,7,175.49,1511.93
2025-05-20,PRD-E03,269.99,6,227.05,1619.94
2025-05-20,PRD-E04,64.79,5,57.74,323.95
2025-05-20,PRD-A01,64.99,7,58.9,435.43
2025-05-20,PRD-A02,119.99,5,120.74,599.95
2025-05-20,PRD-A03,41.39,2,50.39,78.64
2025-05-20,PRD-A04,94.99,4,102.9,379.96
2025-05-20,PRD-H01,43.99,11,54.99,479.49
2025-05-20,PRD-H02,147.19,13,142.49,1913.47
2025-05-20,PRD-H03,275.99,4,284.99,1103.96
2025-05-20,PRD-H04,123.49,5,112.49,586.59
2025-05-20,PRD-B01,38.0,14,42.0,528.2
2025-05-20,PRD-B02,49.68,10,58.0,489.35
2025-05-20,PRD-B03,39.99,6,37.99,239.94
2025-05-20,PRD-B04,89.99,4,91.79,350.96
2025-05-20,PRD-S01,215.99,8,199.49,1727.92
2025-05-20,PRD-S02,33.59,11,29.69,364.45
2025-05-20,PRD-S03,155.99,16,125.99,2433.44
2025-05-20,PRD-S04,51.99,14,51.83,688.86
2025-05-21,PRD-E01,161.99,2,137.74,307.78
2025-05-21,PRD-E02,215.99,6,175.49,1295.94
2025-05-21,PRD-E03,269.99,5,227.05,1295.95
2025-05-21,PRD-E04,64.79,14,57.74,887.62
2025-05-21,PRD-A01,64.99,6,58.9,337.94
2025-05-21,PRD-A02,119.99,3,120.74,359.97
2025-05-21,PRD-A03,41.39,8,50.39,324.91
2025-05-21,PRD-A04,94.99,2,102.9,175.73
2025-05-21,PRD-H01,43.99,7,54.99,307.93
2025-05-21,PRD-H02,147.19,5,142.49,735.95
2025-05-21,PRD-H03,275.99,3,284.99,800.37
2025-05-21,PRD-H04,123.49,8,112.49,987.92
2025-05-21,PRD-B01,38.0,5,42.0,184.3
2025-05-21,PRD-B02,49.68,7,58.0,342.79
2025-05-21,PRD-B03,39.99,4,37.99,159.96
2025-05-21,PRD-B04,89.99,6,91.79,521.94
2025-05-21,PRD-S01,215.99,5,199.49,1079.95
2025-05-21,PRD-S02,33.59,10,29.69,327.5
2025-05-21,PRD-S03,155.99,9,125.99,1388.31
2025-05-21,PRD-S04,51.99,5,51.83,249.55
2025-05-22,PRD-E01,161.99,2,137.74,323.98
2025-05-22,PRD-E02,215.99,3,175.49,637.17
2025-05-22,PRD-E03,269.99,1,227.05,269.99
2025-05-22,PRD-E04,64.79,7,57.74,453.53
2025-05-22,PRD-A01,64.99,7,58.9,445.18
2025-05-22,PRD-A02,119.99,12,120.74,1427.88
2025-05-22,PRD-A03,41.39,8,50.39,331.12
2025-05-22,PRD-A04,94.99,9,102.9,783.66
2025-05-22,PRD-H01,43.99,11,54.99,483.89
2025-05-22,PRD-H02,147.19,5,142.49,713.87
2025-05-22,PRD-H03,275.99,4,284.99,1076.36
2025-05-22,PRD-H04,123.49,0,112.49,0.0
2025-05-22,PRD-B01,38.0,7,42.0,254.6
2025-05-22,PRD-B02,49.68,14,58.0,673.16
2025-05-22,PRD-B03,39.99,2,37.99,77.98
2025-05-22,PRD-B04,89.99,6,91.79,535.44
2025-05-22,PRD-S01,215.99,2,199.49,431.98
2025-05-22,PRD-S02,33.59,4,29.69,134.36
2025-05-22,PRD-S03,155.99,4,125.99,623.96
2025-05-22,PRD-S04,51.99,10,51.83,517.3
2025-05-23,PRD-E01,161.99,11,137.74,1725.19
2025-05-23,PRD-E02,215.99,1,175.49,215.99
2025-05-23,PRD-E03,269.99,3,227.05,809.97
2025-05-23,PRD-E04,64.79,5,57.74,323.95
2025-05-23,PRD-A01,64.99,10,58.9,636.9
2025-05-23,PRD-A02,119.99,10,120.74,1145.9
2025-05-23,PRD-A03,41.39,5,50.39,206.95
2025-05-23,PRD-A04,94.99,9,102.9,854.91
2025-05-23,PRD-H01,43.99,10,54.99,426.7
2025-05-23,PRD-H02,147.19,4,142.49,574.04
2025-05-23,PRD-H03,275.99,4,284.99,1103.96
2025-05-23,PRD-H04,123.49,11,112.49,1358.39
2025-05-23,PRD-B01,38.0,11,42.0,410.4
2025-05-23,PRD-B02,49.68,5,58.0,245.92
2025-05-23,PRD-B03,39.99,7,37.99,275.93
2025-05-23,PRD-B04,89.99,1,91.79,89.99
2025-05-23,PRD-S01,215.99,7,199.49,1511.93
2025-05-23,PRD-S02,33.59,7,29.69,228.41
2025-05-23,PRD-S03,155.99,11,125.99,1715.89
2025-05-23,PRD-S04,51.99,23,51.83,1180.17
2025-05-24,PRD-E01,161.99,15,137.74,2397.45
2025-05-24,PRD-E02,215.99,6,175.49,1274.34
2025-05-24,PRD-E03,269.99,0,227.05,0.0
2025-05-24,PRD-E04,64.79,16,57.74,1036.64
2025-05-24,PRD-A01,64.99,4,58.9,259.96
2025-05-24,PRD-A02,119.99,8,120.74,941.92
2025-05-24,PRD-A03,41.39,7,50.39,277.31
2025-05-24,PRD-A04,94.99,5,102.9,465.45
2025-05-24,PRD-H01,43.99,14,54.99,611.46
2025-05-24,PRD-H02,147.19,5,142.49,735.95
2025-05-24,PRD-H03,275.99,6,284.99,1517.94
2025-05-24,PRD-H04,123.49,8,112.49,969.41
2025-05-24,PRD-B01,38.0,13,42.0,484.5
2025-05-24,PRD-B02,49.68,17,58.0,829.65
2025-05-24,PRD-B03,39.99,6,37.99,239.94
2025-05-24,PRD-B04,89.99,6,91.79,539.94
2025-05-24,PRD-S01,215.99,7,199.49,1511.93
2025-05-24,PRD-S02,33.59,11,29.69,369.49
2025-05-24,PRD-S03,155.99,3,125.99,452.37
2025-05-24,PRD-S04,51.99,11,51.83,571.89
2025-05-25,PRD-E01,161.99,20,137.74,3231.7
2025-05-25,PRD-E02,215.99,5,175.49,1079.95
2025-05-25,PRD-E03,269.99,1,227.05,269.99
2025-05-25,PRD-E04,64.79,12,57.74,764.52
2025-05-25,PRD-A01,64.99,8,58.9,510.17
2025-05-25,PRD-A02,119.99,5,120.74,593.95
2025-05-25,PRD-A03,41.39,7,50.39,281.45
2025-05-25,PRD-A04,94.99,8,102.9,740.92
2025-05-25,PRD-H01,43.99,6,54.99,263.94
2025-05-25,PRD-H02,147.19,11,142.49,1619.09
2025-05-25,PRD-H03,275.99,1,284.99,275.99
2025-05-25,PRD-H04,123.49,8,112.49,987.92
2025-05-25,PRD-B01,38.0,8,42.0,302.1
2025-05-25,PRD-B02,49.68,30,58.0,1415.9
2025-05-25,PRD-B03,39.99,10,37.99,395.9
2025-05-25,PRD-B04,89.99,5,91.79,377.95
2025-05-25,PRD-S01,215.99,10,199.49,2116.7
2025-05-25,PRD-S02,33.59,10,29.69,330.86
2025-05-25,PRD-S03,155.99,6,125.99,912.54
2025-05-25,PRD-S04,51.99,13,51.83,657.67
2025-05-26,PRD-E01,161.99,5,137.74,777.55
2025-05-26,PRD-E02,215.99,0,175.49,0.0
2025-05-26,PRD-E03,269.99,2,227.05,539.98
2025-05-26,PRD-E04,64.79,7,57.74,434.09
2025-05-26,PRD-A01,64.99,11,58.9,698.64
2025-05-26,PRD-A02,119.99,17,120.74,2039.83
2025-05-26,PRD-A03,41.39,15,50.39,533.91
2025-05-26,PRD-A04,94.99,1,102.9,94.99
2025-05-26,PRD-H01,43.99,14,54.99,615.86
2025-05-26,PRD-H02,147.19,4,142.49,566.68
2025-05-26,PRD-H03,275.99,6,284.99,1573.14
2025-05-26,PRD-H04,123.49,6,112.49,740.94
2025-05-26,PRD-B01,38.0,10,42.0,380.0
2025-05-26,PRD-B02,49.68,5,58.0,243.43
2025-05-26,PRD-B03,39.99,4,37.99,159.96
2025-05-26,PRD-B04,89.99,3,91.79,260.97
2025-05-26,PRD-S01,215.99,2,199.49,431.98
2025-05-26,PRD-S02,33.59,12,29.69,376.2
2025-05-26,PRD-S03,155.99,3,125.99,467.97
2025-05-26,PRD-S04,51.99,14,51.83,709.66
2025-05-27,PRD-E01,161.99,8,137.74,1295.92
2025-05-27,PRD-E02,215.99,4,175.49,853.16
2025-05-27,PRD-E03,269.99,4,227.05,1039.46
2025-05-27,PRD-E04,64.79,4,57.74,246.2
2025-05-27,PRD-A01,64.99,6,58.9,363.94
2025-05-27,PRD-A02,119.99,5,120.74,593.95
2025-05-27,PRD-A03,41.39,4,50.39,165.56
2025-05-27,PRD-A04,94.99,0,102.9,0.0
2025-05-27,PRD-H01,43.99,6,54.99,261.74
2025-05-27,PRD-H02,147.19,0,142.49,0.0
2025-05-27,PRD-H03,275.99,2,284.99,538.18
2025-05-27,PRD-H04,123.49,6,112.49,740.94
2025-05-27,PRD-B01,38.0,16,42.0,604.2
2025-05-27,PRD-B02,49.68,10,58.0,479.41
2025-05-27,PRD-B03,39.99,2,37.99,79.98
2025-05-27,PRD-B04,89.99,5,91.79,431.95
2025-05-27,PRD-S01,215.99,3,199.49,647.97
2025-05-27,PRD-S02,33.59,5,29.69,167.95
2025-05-27,PRD-S03,155.99,5,125.99,779.95
2025-05-27,PRD-S04,51.99,6,51.83,306.74
2025-05-28,PRD-E01,161.99,4,137.74,647.96
2025-05-28,PRD-E02,215.99,1,175.49,215.99
2025-05-28,PRD-E03,269.99,3,227.05,809.97
2025-05-28,PRD-E04,64.79,7,57.74,453.53
2025-05-28,PRD-A01,64.99,13,58.9,789.62
2025-05-28,PRD-A02,119.99,4,120.74,479.96
2025-05-28,PRD-A03,41.39,4,50.39,165.56
2025-05-28,PRD-A04,94.99,5,102.9,474.95
2025-05-28,PRD-H01,43.99,13,54.99,563.07
2025-05-28,PRD-H02,147.19,11,142.49,1604.37
2025-05-28,PRD-H03,275.99,1,284.99,275.99
2025-05-28,PRD-H04,123.49,5,112.49,617.45
2025-05-28,PRD-B01,38.0,28,42.0,1041.2
2025-05-28,PRD-B02,49.68,8,58.0,394.96
2025-05-28,PRD-B03,39.99,14,37.99,557.86
2025-05-28,PRD-B04,89.99,2,91.79,175.48
2025-05-28,PRD-S01,215.99,8,199.49,1695.52
2025-05-28,PRD-S02,33.59,7,29.69,233.45
2025-05-28,PRD-S03,155.99,3,125.99,421.17
2025-05-28,PRD-S04,51.99,16,51.83,831.84
2025-05-29,PRD-E01,161.99,6,137.74,955.74
2025-05-29,PRD-E02,215.99,2,175.49,421.18
2025-05-29,PRD-E03,269.99,7,227.05,1889.93
2025-05-29,PRD-E04,64.79,15,57.74,971.85
2025-05-29,PRD-A01,64.99,3,58.9,194.97
2025-05-29,PRD-A02,119.99,5,120.74,599.95
2025-05-29,PRD-A03,41.39,5,50.39,182.11
2025-05-29,PRD-A04,94.99,2,102.9,189.98
2025-05-29,PRD-H01,43.99,4,54.99,169.36
2025-05-29,PRD-H02,147.19,5,142.49,735.95
2025-05-29,PRD-H03,275.99,0,284.99,0.0
2025-05-29,PRD-H04,123.49,4,112.49,487.79
2025-05-29,PRD-B01,38.0,6,42.0,228.0
2025-05-29,PRD-B02,49.68,8,58.0,392.47
2025-05-29,PRD-B03,39.99,17,37.99,675.83
2025-05-29,PRD-B04,89.99,12,91.79,1061.88
2025-05-29,PRD-S01,215.99,1,199.49,215.99
2025-05-29,PRD-S02,33.59,10,29.69,335.9
2025-05-29,PRD-S03,155.99,4,125.99,616.16
2025-05-29,PRD-S04,51.99,8,51.83,415.92
2025-05-30,PRD-E01,161.99,3,137.74,469.77
2025-05-30,PRD-E02,215.99,5,175.49,1079.95
2025-05-30,PRD-E03,269.99,2,227.05,485.98
2025-05-30,PRD-E04,64.79,9,57.74,579.87
2025-05-30,PRD-A01,64.99,8,58.9,500.42
2025-05-30,PRD-A02,119.99,10,120.74,1181.9
2025-05-30,PRD-A03,41.39,9,50.39,372.51
2025-05-30,PRD-A04,94.99,10,102.9,873.9
2025-05-30,PRD-H01,43.99,4,54.99,169.36
2025-05-30,PRD-H02,147.19,7,142.49,1030.33
2025-05-30,PRD-H03,275.99,5,284.99,1379.95
2025-05-30,PRD-H04,123.49,6,112.49,728.59
2025-05-30,PRD-B01,38.0,13,42.0,494.0
2025-05-30,PRD-B02,49.68,13,58.0,633.43
2025-05-30,PRD-B03,39.99,8,37.99,311.92
2025-05-30,PRD-B04,89.99,10,91.79,899.9
2025-05-30,PRD-S01,215.99,3,199.49,626.37
2025-05-30,PRD-S02,33.59,9,29.69,288.87
2025-05-30,PRD-S03,155.99,2,125.99,311.98
2025-05-30,PRD-S04,51.99,5,51.83,259.95
2025-05-31,PRD-E01,161.99,1,137.74,161.99
2025-05-31,PRD-E02,215.99,2,175.49,431.98
2025-05-31,PRD-E03,269.99,0,227.05,0.0
2025-05-31,PRD-E04,64.79,21,57.74,1347.63
2025-05-31,PRD-A01,64.99,4,58.9,240.46
2025-05-31,PRD-A02,119.99,8,120.74,941.92
2025-05-31,PRD-A03,41.39,3,50.39,124.17
2025-05-31,PRD-A04,94.99,7,102.9,660.18
2025-05-31,PRD-H01,43.99,8,54.99,351.92
2025-05-31,PRD-H02,147.19,8,142.49,1170.16
2025-05-31,PRD-H03,275.99,3,284.99,814.17
2025-05-31,PRD-H04,123.49,4,112.49,493.96
2025-05-31,PRD-B01,38.0,14,42.0,530.1
2025-05-31,PRD-B02,49.68,14,58.0,693.04
2025-05-31,PRD-B03,39.99,6,37.99,239.94
2025-05-31,PRD-B04,89.99,5,91.79,445.45
2025-05-31,PRD-S01,215.99,2,199.49,431.98
2025-05-31,PRD-S02,33.59,6,29.69,189.78
2025-05-31,PRD-S03,155.99,4,125.99,623.96
2025-05-31,PRD-S04,51.99,6,51.83,296.34
2025-06-01,PRD-E01,161.99,4,137.74,647.96
2025-06-01,PRD-E02,215.99,2,175.49,410.38
2025-06-01,PRD-E03,269.99,1,227.05,269.99
2025-06-01,PRD-E04,64.79,11,57.74,686.77
2025-06-01,PRD-A01,64.99,10,58.9,643.4
2025-06-01,PRD-A02,119.99,7,120.74,785.93
2025-06-01,PRD-A03,41.39,5,50.39,202.81
2025-06-01,PRD-A04,94.99,13,102.9,1234.87
2025-06-01,PRD-H01,43.99,13,54.99,554.27
2025-06-01,PRD-H02,147.19,3,142.49,441.57
2025-06-01,PRD-H03,275.99,4,284.99,1103.96
2025-06-01,PRD-H04,123.49,24,112.49,2951.42
2025-06-01,PRD-B01,38.0,27,42.0,1018.4
2025-06-01,PRD-B02,49.68,26,58.0,1234.53
2025-06-01,PRD-B03,39.99,16,37.99,635.84
2025-06-01,PRD-B04,89.99,4,91.79,359.96
2025-06-01,PRD-S01,215.99,2,199.49,431.98
2025-06-01,PRD-S02,33.59,17,29.69,565.99
2025-06-01,PRD-S03,155.99,8,125.99,1247.92
2025-06-01,PRD-S04,51.99,9,51.83,465.31
2025-06-02,PRD-E01,142.49,2,137.74,284.98
2025-06-02,PRD-E02,189.99,7,175.49,1282.43
2025-06-02,PRD-E03,219.99,12,227.05,2606.88
2025-06-02,PRD-E04,55.19,17,57.74,896.83
2025-06-02,PRD-A01,67.59,7,58.9,469.75
2025-06-02,PRD-A02,124.79,7,120.74,867.29
2025-06-02,PRD-A03,42.74,2,50.39,85.48
2025-06-02,PRD-A04,94.99,4,102.9,351.46
2025-06-02,PRD-H01,47.49,8,54.99,379.92
2025-06-02,PRD-H02,140.79,6,142.49,844.74
2025-06-02,PRD-H03,284.99,2,284.99,541.48
2025-06-02,PRD-H04,140.39,1,112.49,140.39
2025-06-02,PRD-B01,36.1,5,42.0,180.5
2025-06-02,PRD-B02,58.32,10,58.0,548.21
2025-06-02,PRD-B03,41.59,5,37.99,207.95
2025-06-02,PRD-B04,97.19,0,91.79,0.0
2025-06-02,PRD-S01,183.99,1,199.49,165.59
2025-06-02,PRD-S02,28.49,9,29.69,256.41
2025-06-02,PRD-S03,149.99,12,125.99,1799.88
2025-06-02,PRD-S04,45.99,22,51.83,1011.78
2025-06-03,PRD-E01,142.49,7,137.74,976.06
2025-06-03,PRD-E02,189.99,6,175.49,1139.94
2025-06-03,PRD-E03,219.99,12,227.05,2452.88
2025-06-03,PRD-E04,55.19,16,57.74,883.04
2025-06-03,PRD-A01,67.59,4,58.9,270.36
2025-06-03,PRD-A02,124.79,3,120.74,361.89
2025-06-03,PRD-A03,42.74,1,50.39,42.74
2025-06-03,PRD-A04,94.99,8,102.9,759.92
2025-06-03,PRD-H01,47.49,3,54.99,142.47
2025-06-03,PRD-H02,140.79,8,142.49,1126.32
2025-06-03,PRD-H03,284.99,2,284.99,569.98
2025-06-03,PRD-H04,140.39,7,112.49,961.67
2025-06-03,PRD-B01,36.1,14,42.0,496.38
2025-06-03,PRD-B02,58.32,8,58.0,443.24
2025-06-03,PRD-B03,41.59,7,37.99,286.97
2025-06-03,PRD-B04,97.19,4,91.79,388.76
2025-06-03,PRD-S01,183.99,6,199.49,1103.94
2025-06-03,PRD-S02,28.49,9,29.69,256.41
2025-06-03,PRD-S03,149.99,5,125.99,734.95
2025-06-03,PRD-S04,45.99,7,51.83,319.63
2025-06-04,PRD-E01,142.49,6,137.74,854.94
2025-06-04,PRD-E02,189.99,8,175.49,1519.92
2025-06-04,PRD-E03,219.99,16,227.05,3519.84
2025-06-04,PRD-E04,55.19,11,57.74,596.05
2025-06-04,PRD-A01,67.59,1,58.9,67.59
2025-06-04,PRD-A02,124.79,5,120.74,605.23
2025-06-04,PRD-A03,42.74,5,50.39,209.42
2025-06-04,PRD-A04,94.99,8,102.9,759.92
2025-06-04,PRD-H01,47.49,13,54.99,617.37
2025-06-04,PRD-H02,140.79,8,142.49,1126.32
2025-06-04,PRD-H03,284.99,0,284.99,0.0
2025-06-04,PRD-H04,140.39,6,112.49,821.28
2025-06-04,PRD-B01,36.1,8,42.0,288.8
2025-06-04,PRD-B02,58.32,9,58.0,524.88
2025-06-04,PRD-B03,41.59,3,37.99,124.77
2025-06-04,PRD-B04,97.19,11,91.79,991.33
2025-06-04,PRD-S01,183.99,4,199.49,735.96
2025-06-04,PRD-S02,28.49,12,29.69,327.63
2025-06-04,PRD-S03,149.99,4,125.99,599.96
2025-06-04,PRD-S04,45.99,18,51.83,818.62
2025-06-05,PRD-E01,142.49,4,137.74,569.96
2025-06-05,PRD-E02,189.99,3,175.49,550.97
2025-06-05,PRD-E03,219.99,9,227.05,1913.91
2025-06-05,PRD-E04,55.19,19,57.74,1045.85
2025-06-05,PRD-A01,67.59,5,58.9,327.81
2025-06-05,PRD-A02,124.79,4,120.74,499.16
2025-06-05,PRD-A03,42.74,9,50.39,367.58
2025-06-05,PRD-A04,94.99,4,102.9,379.96
2025-06-05,PRD-H01,47.49,8,54.99,379.92
2025-06-05,PRD-H02,140.79,4,142.49,563.16
2025-06-05,PRD-H03,284.99,0,284.99,0.0
2025-06-05,PRD-H04,140.39,3,112.49,421.17
2025-06-05,PRD-B01,36.1,11,42.0,397.1
2025-06-05,PRD-B02,58.32,7,58.0,399.48
2025-06-05,PRD-B03,41.59,14,37.99,567.7
2025-06-05,PRD-B04,97.19,3,91.79,291.57
2025-06-05,PRD-S01,183.99,3,199.49,533.57
2025-06-05,PRD-S02,28.49,8,29.69,223.66
2025-06-05,PRD-S03,149.99,5,125.99,674.95
2025-06-05,PRD-S04,45.99,12,51.83,540.38
2025-06-06,PRD-E01,142.49,5,137.74,698.2
2025-06-06,PRD-E02,189.99,6,175.49,1063.94
2025-06-06,PRD-E03,219.99,1,227.05,197.99
2025-06-06,PRD-E04,55.19,18,57.74,968.58
2025-06-06,PRD-A01,67.59,11,58.9,736.73
2025-06-06,PRD-A02,124.79,9,120.74,1085.67
2025-06-06,PRD-A03,42.74,8,50.39,341.92
2025-06-06,PRD-A04,94.99,10,102.9,935.65
2025-06-06,PRD-H01,47.49,9,54.99,417.92
2025-06-06,PRD-H02,140.79,7,142.49,985.53
2025-06-06,PRD-H03,284.99,15,284.99,3989.85
2025-06-06,PRD-H04,140.39,2,112.49,280.78
2025-06-06,PRD-B01,36.1,14,42.0,496.39
2025-06-06,PRD-B02,58.32,5,58.0,291.6
2025-06-06,PRD-B03,41.59,7,37.99,286.97
2025-06-06,PRD-B04,97.19,3,91.79,291.57
2025-06-06,PRD-S01,183.99,7,199.49,1278.73
2025-06-06,PRD-S02,28.49,15,29.69,420.23
2025-06-06,PRD-S03,149.99,0,125.99,0.0
2025-06-06,PRD-S04,45.99,7,51.83,310.43
2025-06-07,PRD-E01,142.49,7,137.74,997.43
2025-06-07,PRD-E02,189.99,1,175.49,189.99
2025-06-07,PRD-E03,219.99,18,227.05,3849.82
2025-06-07,PRD-E04,55.19,30,57.74,1622.58
2025-06-07,PRD-A01,67.59,3,58.9,202.77
2025-06-07,PRD-A02,124.79,12,120.74,1497.48
2025-06-07,PRD-A03,42.74,2,50.39,85.48
2025-06-07,PRD-A04,94.99,5,102.9,474.95
2025-06-07,PRD-H01,47.49,12,54.99,569.88
2025-06-07,PRD-H02,140.79,5,142.49,703.95
2025-06-07,PRD-H03,284.99,5,284.99,1424.95
2025-06-07,PRD-H04,140.39,1,112.49,140.39
2025-06-07,PRD-B01,36.1,10,42.0,357.4
2025-06-07,PRD-B02,58.32,5,58.0,291.6
2025-06-07,PRD-B03,41.59,12,37.99,490.76
2025-06-07,PRD-B04,97.19,8,91.79,767.8
2025-06-07,PRD-S01,183.99,4,199.49,717.56
2025-06-07,PRD-S02,28.49,13,29.69,356.13
2025-06-07,PRD-S03,149.99,3,125.99,419.97
2025-06-07,PRD-S04,45.99,14,51.83,630.06
2025-06-08,PRD-E01,142.49,7,137.74,997.43
2025-06-08,PRD-E02,189.99,2,175.49,370.48
2025-06-08,PRD-E03,219.99,5,227.05,1099.95
2025-06-08,PRD-E04,55.19,16,57.74,858.2
2025-06-08,PRD-A01,67.59,10,58.9,662.38
2025-06-08,PRD-A02,124.79,7,120.74,842.33
2025-06-08,PRD-A03,42.74,11,50.39,470.14
2025-06-08,PRD-A04,94.99,3,102.9,284.97
2025-06-08,PRD-H01,47.49,10,54.99,474.9
2025-06-08,PRD-H02,140.79,1,142.49,140.79
2025-06-08,PRD-H03,284.99,3,284.99,854.97
2025-06-08,PRD-H04,140.39,5,112.49,701.95
2025-06-08,PRD-B01,36.1,23,42.0,819.49
2025-06-08,PRD-B02,58.32,10,58.0,562.79
2025-06-08,PRD-B03,41.59,7,37.99,272.41
2025-06-08,PRD-B04,97.19,7,91.79,680.33
2025-06-08,PRD-S01,183.99,6,199.49,1103.94
2025-06-08,PRD-S02,28.49,5,29.69,142.45
2025-06-08,PRD-S03,149.99,2,125.99,299.98
2025-06-08,PRD-S04,45.99,21,51.83,954.29
2025-06-09,PRD-E01,142.49,8,152.24,1125.67
2025-06-09,PRD-E02,189.99,6,194.99,1130.44
2025-06-09,PRD-E03,219.99,11,215.1,2386.89
2025-06-09,PRD-E04,55.19,3,54.99,165.57
2025-06-09,PRD-A01,67.59,2,55.8,135.18
2025-06-09,PRD-A02,124.79,3,109.24,374.37
2025-06-09,PRD-A03,42.74,8,45.59,331.24
2025-06-09,PRD-A04,94.99,1,105.84,94.99
2025-06-09,PRD-H01,47.49,3,54.99,142.47
2025-06-09,PRD-H02,140.79,8,149.99,1112.24
2025-06-09,PRD-H03,284.99,6,307.79,1709.94
2025-06-09,PRD-H04,140.39,5,118.74,701.95
2025-06-09,PRD-B01,36.1,8,42.0,283.39
2025-06-09,PRD-B02,58.32,3,55.1,174.96
2025-06-09,PRD-B03,41.59,5,36.09,203.79
2025-06-09,PRD-B04,97.19,3,80.74,291.57
2025-06-09,PRD-S01,183.99,1,170.99,183.99
2025-06-09,PRD-S02,28.49,17,29.69,470.09
2025-06-09,PRD-S03,149.99,16,139.99,2369.84
2025-06-09,PRD-S04,45.99,12,47.99,538.08
2025-06-10,PRD-E01,142.49,7,152.24,990.31
2025-06-10,PRD-E02,189.99,4,194.99,712.46
2025-06-10,PRD-E03,219.99,6,215.1,1319.94
2025-06-10,PRD-E04,55.19,18,54.99,974.1
2025-06-10,PRD-A01,67.59,2,55.8,135.18
2025-06-10,PRD-A02,124.79,8,109.24,985.84
2025-06-10,PRD-A03,42.74,4,45.59,166.68
2025-06-10,PRD-A04,94.99,1,105.84,94.99
2025-06-10,PRD-H01,47.49,2,54.99,92.61
2025-06-10,PRD-H02,140.79,4,149.99,563.16
2025-06-10,PRD-H03,284.99,8,307.79,2279.92
2025-06-10,PRD-H04,140.39,17,118.74,2309.41
2025-06-10,PRD-B01,36.1,16,42.0,575.8
2025-06-10,PRD-B02,58.32,8,55.1,440.32
2025-06-10,PRD-B03,41.59,7,36.09,291.13
2025-06-10,PRD-B04,97.19,0,80.74,0.0
2025-06-10,PRD-S01,183.99,1,170.99,183.99
2025-06-10,PRD-S02,28.49,11,29.69,311.97
2025-06-10,PRD-S03,149.99,9,139.99,1319.91
2025-06-10,PRD-S04,45.99,15,47.99,685.25
2025-06-11,PRD-E01,142.49,10,152.24,1424.9
2025-06-11,PRD-E02,189.99,13,194.99,2469.87
2025-06-11,PRD-E03,219.99,5,215.1,1077.95
2025-06-11,PRD-E04,55.19,24,54.99,1247.28
2025-06-11,PRD-A01,67.59,3,55.8,189.25
2025-06-11,PRD-A02,124.79,0,109.24,0.0
2025-06-11,PRD-A03,42.74,13,45.59,530.0
2025-06-11,PRD-A04,94.99,2,105.84,185.23
2025-06-11,PRD-H01,47.49,10,54.99,474.9
2025-06-11,PRD-H02,140.79,8,149.99,1126.32
2025-06-11,PRD-H03,284.99,10,307.79,2792.9
2025-06-11,PRD-H04,140.39,2,118.74,259.72
2025-06-11,PRD-B01,36.1,16,42.0,575.8
2025-06-11,PRD-B02,58.32,4,55.1,224.53
2025-06-11,PRD-B03,41.59,15,36.09,603.05
2025-06-11,PRD-B04,97.19,5,80.74,427.63
2025-06-11,PRD-S01,183.99,3,170.99,551.97
2025-06-11,PRD-S02,28.49,0,29.69,0.0
2025-06-11,PRD-S03,149.99,3,139.99,427.47
2025-06-11,PRD-S04,45.99,17,47.99,774.93
2025-06-12,PRD-E01,142.49,15,152.24,2123.1
2025-06-12,PRD-E02,189.99,2,194.99,370.48
2025-06-12,PRD-E03,219.99,6,215.1,1297.94
2025-06-12,PRD-E04,55.19,20,54.99,1103.8
2025-06-12,PRD-A01,67.59,4,55.8,270.36
2025-06-12,PRD-A02,124.79,3,109.24,374.37
2025-06-12,PRD-A03,42.74,4,45.59,170.96
2025-06-12,PRD-A04,94.99,4,105.84,370.46
2025-06-12,PRD-H01,47.49,11,54.99,517.64
2025-06-12,PRD-H02,140.79,8,149.99,1126.32
2025-06-12,PRD-H03,284.99,3,307.79,854.97
2025-06-12,PRD-H04,140.39,2,118.74,280.78
2025-06-12,PRD-B01,36.1,8,42.0,288.8
2025-06-12,PRD-B02,58.32,10,55.1,568.61
2025-06-12,PRD-B03,41.59,5,36.09,203.79
2025-06-12,PRD-B04,97.19,2,80.74,189.52
2025-06-12,PRD-S01,183.99,3,170.99,551.97
2025-06-12,PRD-S02,28.49,5,29.69,142.45
2025-06-12,PRD-S03,149.99,13,139.99,1874.87
2025-06-12,PRD-S04,45.99,5,47.99,229.95
2025-06-13,PRD-E01,142.49,4,152.24,569.96
2025-06-13,PRD-E02,189.99,13,194.99,2412.87
2025-06-13,PRD-E03,219.99,6,215.1,1297.94
2025-06-13,PRD-E04,55.19,11,54.99,604.33
2025-06-13,PRD-A01,67.59,2,55.8,135.18
2025-06-13,PRD-A02,124.79,4,109.24,486.68
2025-06-13,PRD-A03,42.74,9,45.59,376.12
2025-06-13,PRD-A04,94.99,4,105.84,379.96
2025-06-13,PRD-H01,47.49,5,54.99,237.45
2025-06-13,PRD-H02,140.79,2,149.99,281.58
2025-06-13,PRD-H03,284.99,1,307.79,284.99
2025-06-13,PRD-H04,140.39,1,118.74,140.39
2025-06-13,PRD-B01,36.1,6,42.0,214.8
2025-06-13,PRD-B02,58.32,12,55.1,676.52
2025-06-13,PRD-B03,41.59,12,36.09,497.0
2025-06-13,PRD-B04,97.19,4,80.74,388.76
2025-06-13,PRD-S01,183.99,12,170.99,2161.88
2025-06-13,PRD-S02,28.49,14,29.69,396.02
2025-06-13,PRD-S03,149.99,6,139.99,899.94
2025-06-13,PRD-S04,45.99,13,47.99,577.17
2025-06-14,PRD-E01,142.49,9,152.24,1225.41
2025-06-14,PRD-E02,189.99,1,194.99,161.49
2025-06-14,PRD-E03,219.99,14,215.1,3057.86
2025-06-14,PRD-E04,55.19,11,54.99,607.09
2025-06-14,PRD-A01,67.59,12,55.8,757.0
2025-06-14,PRD-A02,124.79,7,109.24,848.57
2025-06-14,PRD-A03,42.74,6,45.59,252.17
2025-06-14,PRD-A04,94.99,5,105.84,474.95
2025-06-14,PRD-H01,47.49,2,54.99,94.98
2025-06-14,PRD-H02,140.79,7,149.99,971.45
2025-06-14,PRD-H03,284.99,6,307.79,1681.44
2025-06-14,PRD-H04,140.39,8,118.74,1123.12
2025-06-14,PRD-B01,36.1,11,42.0,380.84
2025-06-14,PRD-B02,58.32,8,55.1,451.98
2025-06-14,PRD-B03,41.59,8,36.09,324.4
2025-06-14,PRD-B04,97.19,3,80.74,272.13
2025-06-14,PRD-S01,183.99,2,170.99,367.98
2025-06-14,PRD-S02,28.49,17,29.69,454.43
2025-06-14,PRD-S03,149.99,0,139.99,0.0
2025-06-14,PRD-S04,45.99,16,47.99,728.94
2025-06-15,PRD-E01,142.49,5,152.24,691.08
2025-06-15,PRD-E02,189.99,3,194.99,569.97
2025-06-15,PRD-E03,219.99,12,215.1,2617.88
2025-06-15,PRD-E04,55.19,18,54.99,985.14
2025-06-15,PRD-A01,67.59,4,55.8,270.36
2025-06-15,PRD-A02,124.79,4,109.24,480.44
2025-06-15,PRD-A03,42.74,7,45.59,286.35
2025-06-15,PRD-A04,94.99,9,105.84,850.16
2025-06-15,PRD-H01,47.49,19,54.99,899.94
2025-06-15,PRD-H02,140.79,7,149.99,985.53
2025-06-15,PRD-H03,284.99,9,307.79,2507.91
2025-06-15,PRD-H04,140.39,5,118.74,701.95
2025-06-15,PRD-B01,36.1,21,42.0,718.38
2025-06-15,PRD-B02,58.32,4,55.1,221.62
2025-06-15,PRD-B03,41.59,11,36.09,449.17
2025-06-15,PRD-B04,97.19,2,80.74,194.38
2025-06-15,PRD-S01,183.99,2,170.99,367.98
2025-06-15,PRD-S02,28.49,10,29.69,280.63
2025-06-15,PRD-S03,149.99,8,139.99,1199.92
2025-06-15,PRD-S04,45.99,27,47.99,1195.73
2025-06-16,PRD-E01,142.49,9,152.24,1253.91
2025-06-16,PRD-E02,199.99,5,194.99,999.95
2025-06-16,PRD-E03,237.49,4,215.1,914.34
2025-06-16,PRD-E04,59.99,13,54.99,764.87
2025-06-16,PRD-A01,67.59,4,55.8,270.36
2025-06-16,PRD-A02,110.39,14,109.24,1545.46
2025-06-16,PRD-A03,39.59,9,45.59,348.39
2025-06-16,PRD-A04,94.99,2,105.84,189.98
2025-06-16,PRD-H01,49.99,7,54.99,334.93
2025-06-16,PRD-H02,159.99,6,149.99,935.94
2025-06-16,PRD-H03,335.99,0,307.79,0.0
2025-06-16,PRD-H04,129.99,3,118.74,389.97
2025-06-16,PRD-B01,36.1,4,42.0,140.8
2025-06-16,PRD-B02,51.3,10,55.1,510.43
2025-06-16,PRD-B03,37.99,5,36.09,186.15
2025-06-16,PRD-B04,89.99,3,80.74,269.97
2025-06-16,PRD-S01,175.99,8,170.99,1407.92
2025-06-16,PRD-S02,31.19,8,29.69,238.6
2025-06-16,PRD-S03,142.49,3,139.99,427.47
2025-06-16,PRD-S04,53.99,8,47.99,429.22
2025-06-17,PRD-E01,142.49,6,152.24,812.19
2025-06-17,PRD-E02,199.99,2,194.99,389.98
2025-06-17,PRD-E03,237.49,9,215.1,2137.41
2025-06-17,PRD-E04,59.99,8,54.99,473.92
2025-06-17,PRD-A01,67.59,5,55.8,337.95
2025-06-17,PRD-A02,110.39,5,109.24,546.43
2025-06-17,PRD-A03,39.59,13,45.59,498.83
2025-06-17,PRD-A04,94.99,0,105.84,0.0
2025-06-17,PRD-H01,49.99,5,54.99,249.95
2025-06-17,PRD-H02,159.99,7,149.99,1119.93
2025-06-17,PRD-H03,335.99,0,307.79,0.0
2025-06-17,PRD-H04,129.99,3,118.74,389.97
2025-06-17,PRD-B01,36.1,18,42.0,637.16
2025-06-17,PRD-B02,51.3,4,55.1,197.5
2025-06-17,PRD-B03,37.99,3,36.09,113.97
2025-06-17,PRD-B04,89.99,2,80.74,143.98
2025-06-17,PRD-S01,175.99,6,170.99,1055.94
2025-06-17,PRD-S02,31.19,5,29.69,154.39
2025-06-17,PRD-S03,142.49,3,139.99,420.35
2025-06-17,PRD-S04,53.99,5,47.99,269.95
2025-06-18,PRD-E01,142.49,11,152.24,1538.89
2025-06-18,PRD-E02,199.99,1,194.99,199.99
2025-06-18,PRD-E03,237.49,3,215.1,712.47
2025-06-18,PRD-E04,59.99,9,54.99,515.91
2025-06-18,PRD-A01,67.59,8,55.8,537.34
2025-06-18,PRD-A02,110.39,5,109.24,551.95
2025-06-18,PRD-A03,39.59,12,45.59,475.08
2025-06-18,PRD-A04,94.99,2,105.84,170.98
2025-06-18,PRD-H01,49.99,4,54.99,192.46
2025-06-18,PRD-H02,159.99,5,149.99,791.95
2025-06-18,PRD-H03,335.99,1,307.79,319.19
2025-06-18,PRD-H04,129.99,3,118.74,370.47
2025-06-18,PRD-B01,36.1,5,42.0,175.08
2025-06-18,PRD-B02,51.3,4,55.1,205.2
2025-06-18,PRD-B03,37.99,1,36.09,37.99
2025-06-18,PRD-B04,89.99,5,80.74,449.95
2025-06-18,PRD-S01,175.99,3,170.99,527.97
2025-06-18,PRD-S02,31.19,18,29.69,561.42
2025-06-18,PRD-S03,142.49,4,139.99,555.71
2025-06-18,PRD-S04,53.99,11,47.99,561.49
2025-06-19,PRD-E01,142.49,8,152.24,1125.67
2025-06-19,PRD-E02,199.99,5,194.99,999.95
2025-06-19,PRD-E03,237.49,3,215.1,712.47
2025-06-19,PRD-E04,59.99,3,54.99,179.97
2025-06-19,PRD-A01,67.59,0,55.8,0.0
2025-06-19,PRD-A02,110.39,12,109.24,1308.12
2025-06-19,PRD-A03,39.59,4,45.59,158.36
2025-06-19,PRD-A04,94.99,4,105.84,379.96
2025-06-19,PRD-H01,49.99,1,54.99,49.99
2025-06-19,PRD-H02,159.99,8,149.99,1279.92
2025-06-19,PRD-H03,335.99,2,307.79,671.98
2025-06-19,PRD-H04,129.99,11,118.74,1397.39
2025-06-19,PRD-B01,36.1,10,42.0,353.78
2025-06-19,PRD-B02,51.3,3,55.1,153.9
2025-06-19,PRD-B03,37.99,8,36.09,303.92
2025-06-19,PRD-B04,89.99,3,80.74,269.97
2025-06-19,PRD-S01,175.99,0,170.99,0.0
2025-06-19,PRD-S02,31.19,6,29.69,169.98
2025-06-19,PRD-S03,142.49,7,139.99,976.06
2025-06-19,PRD-S04,53.99,11,47.99,588.49
2025-06-20,PRD-E01,142.49,4,152.24,548.59
2025-06-20,PRD-E02,199.99,5,194.99,999.95
2025-06-20,PRD-E03,237.49,3,215.1,712.47
2025-06-20,PRD-E04,59.99,10,54.99,590.9
2025-06-20,PRD-A01,67.59,4,55.8,270.36
2025-06-20,PRD-A02,110.39,12,109.24,1324.68
2025-06-20,PRD-A03,39.59,3,45.59,118.77
2025-06-20,PRD-A04,94.99,7,105.84,664.93
2025-06-20,PRD-H01,49.99,4,54.99,199.96
2025-06-20,PRD-H02,159.99,5,149.99,767.95
2025-06-20,PRD-H03,335.99,2,307.79,621.58
2025-06-20,PRD-H04,129.99,1,118.74,129.99
2025-06-20,PRD-B01,36.1,13,42.0,440.42
2025-06-20,PRD-B02,51.3,16,55.1,810.53
2025-06-20,PRD-B03,37.99,1,36.09,37.99
2025-06-20,PRD-B04,89.99,1,80.74,71.99
2025-06-20,PRD-S01,175.99,3,170.99,527.97
2025-06-20,PRD-S02,31.19,7,29.69,210.53
2025-06-20,PRD-S03,142.49,6,139.99,840.69
2025-06-20,PRD-S04,53.99,10,47.99,539.9
2025-06-21,PRD-E01,142.49,12,152.24,1610.13
2025-06-21,PRD-E02,199.99,7,194.99,1399.93
2025-06-21,PRD-E03,237.49,9,215.1,2113.66
2025-06-21,PRD-E04,59.99,13,54.99,770.87
2025-06-21,PRD-A01,67.59,3,55.8,196.01
2025-06-21,PRD-A02,110.39,5,109.24,551.95
2025-06-21,PRD-A03,39.59,9,45.59,352.35
2025-06-21,PRD-A04,94.99,7,105.84,645.93
2025-06-21,PRD-H01,49.99,8,54.99,397.42
2025-06-21,PRD-H02,159.99,1,149.99,159.99
2025-06-21,PRD-H03,335.99,8,307.79,2654.32
2025-06-21,PRD-H04,129.99,6,118.74,773.44
2025-06-21,PRD-B01,36.1,16,42.0,574.0
2025-06-21,PRD-B02,51.3,8,55.1,405.27
2025-06-21,PRD-B03,37.99,13,36.09,493.87
2025-06-21,PRD-B04,89.99,5,80.74,436.45
2025-06-21,PRD-S01,175.99,10,170.99,1759.9
2025-06-21,PRD-S02,31.19,6,29.69,173.1
2025-06-21,PRD-S03,142.49,12,139.99,1688.51
2025-06-21,PRD-S04,53.99,10,47.99,529.1
2025-06-22,PRD-E01,142.49,6,152.24,847.82
2025-06-22,PRD-E02,199.99,3,194.99,569.97
2025-06-22,PRD-E03,237.49,9,215.1,2137.41
2025-06-22,PRD-E04,59.99,8,54.99,455.92
2025-06-22,PRD-A01,67.59,3,55.8,202.77
2025-06-22,PRD-A02,110.39,5,109.24,551.95
2025-06-22,PRD-A03,39.59,6,45.59,233.58
2025-06-22,PRD-A04,94.99,4,105.84,375.21
2025-06-22,PRD-H01,49.99,6,54.99,299.94
2025-06-22,PRD-H02,159.99,4,149.99,615.96
2025-06-22,PRD-H03,335.99,2,307.79,638.38
2025-06-22,PRD-H04,129.99,4,118.74,506.96
2025-06-22,PRD-B01,36.1,15,42.0,527.07
2025-06-22,PRD-B02,51.3,6,55.1,307.8
2025-06-22,PRD-B03,37.99,6,36.09,224.14
2025-06-22,PRD-B04,89.99,3,80.74,269.97
2025-06-22,PRD-S01,175.99,3,170.99,510.37
2025-06-22,PRD-S02,31.19,26,29.69,756.34
2025-06-22,PRD-S03,142.49,17,139.99,2365.37
2025-06-22,PRD-S04,53.99,6,47.99,307.74
2025-06-23,PRD-E01,142.49,6,152.24,797.94
2025-06-23,PRD-E02,199.99,3,194.99,569.97
2025-06-23,PRD-E03,237.49,8,215.1,1899.92
2025-06-23,PRD-E04,59.99,8,54.99,479.92
2025-06-23,PRD-A01,67.59,1,55.8,67.59
2025-06-23,PRD-A02,110.39,10,109.24,1103.9
2025-06-23,PRD-A03,39.59,15,45.59,591.87
2025-06-23,PRD-A04,94.99,8,105.84,759.92
2025-06-23,PRD-H01,49.99,9,54.99,414.91
2025-06-23,PRD-H02,159.99,7,149.99,1103.93
2025-06-23,PRD-H03,335.99,0,307.79,0.0
2025-06-23,PRD-H04,129.99,2,118.74,253.48
2025-06-23,PRD-B01,36.1,13,42.0,467.5
2025-06-23,PRD-B02,51.3,11,55.1,554.02
2025-06-23,PRD-B03,37.99,7,36.09,260.23
2025-06-23,PRD-B04,89.99,3,80.74,269.97
2025-06-23,PRD-S01,175.99,5,170.99,862.35
2025-06-23,PRD-S02,31.19,5,29.69,146.59
2025-06-23,PRD-S03,142.49,3,139.99,427.47
2025-06-23,PRD-S04,53.99,10,47.99,521.0
2025-06-24,PRD-E01,142.49,9,152.24,1282.41
2025-06-24,PRD-E02,199.99,0,194.99,0.0
2025-06-24,PRD-E03,237.49,3,215.1,712.47
2025-06-24,PRD-E04,59.99,3,54.99,170.97
2025-06-24,PRD-A01,67.59,0,55.8,0.0
2025-06-24,PRD-A02,110.39,19,109.24,2053.25
2025-06-24,PRD-A03,39.59,9,45.59,356.31
2025-06-24,PRD-A04,94.99,13,105.84,1230.12
2025-06-24,PRD-H01,49.99,9,54.99,424.91
2025-06-24,PRD-H02,159.99,7,149.99,1095.93
2025-06-24,PRD-H03,335.99,4,307.79,1343.96
2025-06-24,PRD-H04,129.99,1,118.74,129.99
2025-06-24,PRD-B01,36.1,6,42.0,212.99
2025-06-24,PRD-B02,51.3,5,55.1,248.8
2025-06-24,PRD-B03,37.99,6,36.09,227.94
2025-06-24,PRD-B04,89.99,7,80.74,625.43
2025-06-24,PRD-S01,175.99,8,170.99,1390.32
2025-06-24,PRD-S02,31.19,13,29.69,399.23
2025-06-24,PRD-S03,142.49,4,139.99,562.84
2025-06-24,PRD-S04,53.99,8,47.99,429.22
2025-06-25,PRD-E01,142.49,4,152.24,527.21
2025-06-25,PRD-E02,199.99,10,194.99,1979.9
2025-06-25,PRD-E03,237.49,2,215.1,474.98
2025-06-25,PRD-E04,59.99,10,54.99,599.9
2025-06-25,PRD-A01,67.59,2,55.8,114.9
2025-06-25,PRD-A02,110.39,15,109.24,1622.73
2025-06-25,PRD-A03,39.59,13,45.59,514.67
2025-06-25,PRD-A04,94.99,4,105.84,379.96
2025-06-25,PRD-H01,49.99,6,54.99,279.94
2025-06-25,PRD-H02,159.99,3,149.99,479.97
2025-06-25,PRD-H03,335.99,3,307.79,974.37
2025-06-25,PRD-H04,129.99,2,118.74,253.48
2025-06-25,PRD-B01,36.1,4,42.0,144.4
2025-06-25,PRD-B02,51.3,17,55.1,815.67
2025-06-25,PRD-B03,37.99,5,36.09,182.35
2025-06-25,PRD-B04,89.99,7,80.74,620.93
2025-06-25,PRD-S01,175.99,11,170.99,1900.69
2025-06-25,PRD-S02,31.19,5,29.69,152.83
2025-06-25,PRD-S03,142.49,6,139.99,826.45
2025-06-25,PRD-S04,53.99,14,47.99,753.16
2025-06-26,PRD-E01,142.49,8,152.24,1139.92
2025-06-26,PRD-E02,199.99,10,194.99,1979.9
2025-06-26,PRD-E03,237.49,12,215.1,2838.01
2025-06-26,PRD-E04,59.99,10,54.99,596.9
2025-06-26,PRD-A01,67.59,3,55.8,192.63
2025-06-26,PRD-A02,110.39,11,109.24,1203.25
2025-06-26,PRD-A03,39.59,16,45.59,623.54
2025-06-26,PRD-A04,94.99,11,105.84,1040.14
2025-06-26,PRD-H01,49.99,5,54.99,249.95
2025-06-26,PRD-H02,159.99,5,149.99,703.95
2025-06-26,PRD-H03,335.99,10,307.79,3359.9
2025-06-26,PRD-H04,129.99,5,118.74,649.95
2025-06-26,PRD-B01,36.1,11,42.0,397.1
2025-06-26,PRD-B02,51.3,11,55.1,551.46
2025-06-26,PRD-B03,37.99,3,36.09,113.97
2025-06-26,PRD-B04,89.99,12,80.74,1016.88
2025-06-26,PRD-S01,175.99,4,170.99,686.36
2025-06-26,PRD-S02,31.19,10,29.69,307.22
2025-06-26,PRD-S03,142.49,3,139.99,427.47
2025-06-26,PRD-S04,53.99,2,47.99,105.28
2025-06-27,PRD-E01,142.49,9,152.24,1268.16
2025-06-27,PRD-E02,199.99,7,194.99,1339.93
2025-06-27,PRD-E03,237.49,12,215.1,2838.01
2025-06-27,PRD-E04,59.99,17,54.99,1019.83
2025-06-27,PRD-A01,67.59,0,55.8,0.0
2025-06-27,PRD-A02,110.39,6,109.24,662.34
2025-06-27,PRD-A03,39.59,6,45.59,237.54
2025-06-27,PRD-A04,94.99,2,105.84,189.98
2025-06-27,PRD-H01,49.99,1,54.99,49.99
2025-06-27,PRD-H02,159.99,2,149.99,311.98
2025-06-27,PRD-H03,335.99,0,307.79,0.0
2025-06-27,PRD-H04,129.99,2,118.74,259.98
2025-06-27,PRD-B01,36.1,14,42.0,494.57
2025-06-27,PRD-B02,51.3,10,55.1,502.74
2025-06-27,PRD-B03,37.99,3,36.09,113.97
2025-06-27,PRD-B04,89.99,5,80.74,449.95
2025-06-27,PRD-S01,175.99,8,170.99,1363.92
2025-06-27,PRD-S02,31.19,11,29.69,343.09
2025-06-27,PRD-S03,142.49,13,139.99,1852.37
2025-06-27,PRD-S04,53.99,11,47.99,547.99
2025-06-28,PRD-E01,142.49,11,152.24,1553.14
2025-06-28,PRD-E02,199.99,2,194.99,389.98
2025-06-28,PRD-E03,237.49,9,215.1,2089.91
2025-06-28,PRD-E04,59.99,4,54.99,233.96
2025-06-28,PRD-A01,67.59,2,55.8,125.04
2025-06-28,PRD-A02,110.39,12,109.24,1269.48
2025-06-28,PRD-A03,39.59,11,45.59,431.53
2025-06-28,PRD-A04,94.99,1,105.84,94.99
2025-06-28,PRD-H01,49.99,7,54.99,349.93
2025-06-28,PRD-H02,159.99,4,149.99,639.96
2025-06-28,PRD-H03,335.99,2,307.79,638.38
2025-06-28,PRD-H04,129.99,3,118.74,389.97
2025-06-28,PRD-B01,36.1,13,42.0,469.3
2025-06-28,PRD-B02,51.3,6,55.1,305.23
2025-06-28,PRD-B03,37.99,9,36.09,341.91
2025-06-28,PRD-B04,89.99,2,80.74,179.98
2025-06-28,PRD-S01,175.99,10,170.99,1742.3
2025-06-28,PRD-S02,31.19,8,29.69,246.4
2025-06-28,PRD-S03,142.49,9,139.99,1168.41
2025-06-28,PRD-S04,53.99,16,47.99,863.84
2025-06-29,PRD-E01,142.49,5,152.24,698.2
2025-06-29,PRD-E02,199.99,5,194.99,969.95
2025-06-29,PRD-E03,237.49,11,215.1,2612.39
2025-06-29,PRD-E04,59.99,18,54.99,1070.82
2025-06-29,PRD-A01,67.59,4,55.8,270.36
2025-06-29,PRD-A02,110.39,11,109.24,1214.29
2025-06-29,PRD-A03,39.59,10,45.59,387.98
2025-06-29,PRD-A04,94.99,4,105.84,379.96
2025-06-29,PRD-H01,49.99,4,54.99,179.96
2025-06-29,PRD-H02,159.99,1,149.99,159.99
2025-06-29,PRD-H03,335.99,10,307.79,3309.5
2025-06-29,PRD-H04,129.99,2,118.74,259.98
2025-06-29,PRD-B01,36.1,8,42.0,281.58
2025-06-29,PRD-B02,51.3,10,55.1,507.86
2025-06-29,PRD-B03,37.99,9,36.09,336.21
2025-06-29,PRD-B04,89.99,15,80.74,1349.85
2025-06-29,PRD-S01,175.99,3,170.99,527.97
2025-06-29,PRD-S02,31.19,10,29.69,305.66
2025-06-29,PRD-S03,142.49,8,139.99,1118.56
2025-06-29,PRD-S04,53.99,1,47.99,53.99
2025-06-30,PRD-E01,137.99,3,130.49,400.17
2025-06-30,PRD-E02,215.99,2,185.24,431.98
2025-06-30,PRD-E03,259.99,5,239.0,1299.95
2025-06-30,PRD-E04,59.99,9,52.24,533.91
2025-06-30,PRD-A01,64.99,4,65.1,246.96
2025-06-30,PRD-A02,113.99,7,103.49,797.93
2025-06-30,PRD-A03,50.39,4,47.99,201.56
2025-06-30,PRD-A04,83.59,6,98.0,497.36
2025-06-30,PRD-H01,49.99,4,49.49,189.96
2025-06-30,PRD-H02,172.79,2,157.49,311.02
2025-06-30,PRD-H03,284.99,1,284.99,284.99
2025-06-30,PRD-H04,129.99,3,124.99,389.97
2025-06-30,PRD-B01,34.96,21,42.0,734.16
2025-06-30,PRD-B02,54.0,6,58.0,315.9
2025-06-30,PRD-B03,35.19,8,36.09,281.52
2025-06-30,PRD-B04,89.99,6,89.24,521.94
2025-06-30,PRD-S01,189.99,9,189.99,1681.41
2025-06-30,PRD-S02,29.99,13,34.64,362.87
2025-06-30,PRD-S03,167.99,2,139.99,335.98
2025-06-30,PRD-S04,45.99,18,47.99,816.32
2025-07-01,PRD-E01,137.99,12,130.49,1655.88
2025-07-01,PRD-E02,215.99,5,185.24,1069.15
2025-07-01,PRD-E03,259.99,2,239.0,519.98
2025-07-01,PRD-E04,59.99,11,52.24,638.89
2025-07-01,PRD-A01,64.99,7,65.1,445.18
2025-07-01,PRD-A02,113.99,11,103.49,1213.99
2025-07-01,PRD-A03,50.39,7,47.99,347.69
2025-07-01,PRD-A04,83.59,10,98.0,760.66
2025-07-01,PRD-H01,49.99,9,49.49,449.91
2025-07-01,PRD-H02,172.79,2,157.49,345.58
2025-07-01,PRD-H03,284.99,5,284.99,1353.7
2025-07-01,PRD-H04,129.99,3,124.99,389.97
2025-07-01,PRD-B01,34.96,12,42.0,417.77
2025-07-01,PRD-B02,54.0,8,58.0,426.6
2025-07-01,PRD-B03,35.19,10,36.09,344.86
2025-07-01,PRD-B04,89.99,3,89.24,269.97
2025-07-01,PRD-S01,189.99,2,189.99,379.98
2025-07-01,PRD-S02,29.99,15,34.64,448.35
2025-07-01,PRD-S03,167.99,3,139.99,503.97
2025-07-01,PRD-S04,45.99,11,47.99,487.49
2025-07-02,PRD-E01,137.99,1,130.49,131.09
2025-07-02,PRD-E02,215.99,1,185.24,215.99
2025-07-02,PRD-E03,259.99,5,239.0,1299.95
2025-07-02,PRD-E04,59.99,6,52.24,347.94
2025-07-02,PRD-A01,64.99,2,65.1,129.98
2025-07-02,PRD-A02,113.99,7,103.49,797.93
2025-07-02,PRD-A03,50.39,8,47.99,398.08
2025-07-02,PRD-A04,83.59,1,98.0,83.59
2025-07-02,PRD-H01,49.99,0,49.49,0.0
2025-07-02,PRD-H02,172.79,4,157.49,665.24
2025-07-02,PRD-H03,284.99,0,284.99,0.0
2025-07-02,PRD-H04,129.99,6,124.99,779.94
2025-07-02,PRD-B01,34.96,10,42.0,349.6
2025-07-02,PRD-B02,54.0,8,58.0,432.0
2025-07-02,PRD-B03,35.19,14,36.09,492.66
2025-07-02,PRD-B04,89.99,1,89.24,89.99
2025-07-02,PRD-S01,189.99,2,189.99,379.98
2025-07-02,PRD-S02,29.99,25,34.64,745.25
2025-07-02,PRD-S03,167.99,7,139.99,1159.13
2025-07-02,PRD-S04,45.99,8,47.99,344.92
2025-07-03,PRD-E01,137.99,6,130.49,827.94
2025-07-03,PRD-E02,215.99,2,185.24,431.98
2025-07-03,PRD-E03,259.99,4,239.0,1039.96
2025-07-03,PRD-E04,59.99,14,52.24,815.86
2025-07-03,PRD-A01,64.99,4,65.1,259.96
2025-07-03,PRD-A02,113.99,4,103.49,455.96
2025-07-03,PRD-A03,50.39,7,47.99,342.65
2025-07-03,PRD-A04,83.59,5,98.0,417.95
2025-07-03,PRD-H01,49.99,7,49.49,329.93
2025-07-03,PRD-H02,172.79,5,157.49,846.67
2025-07-03,PRD-H03,284.99,1,284.99,284.99
2025-07-03,PRD-H04,129.99,6,124.99,740.94
2025-07-03,PRD-B01,34.96,10,42.0,347.85
2025-07-03,PRD-B02,54.0,10,58.0,534.6
2025-07-03,PRD-B03,35.19,12,36.09,418.76
2025-07-03,PRD-B04,89.99,5,89.24,449.95
2025-07-03,PRD-S01,189.99,5,189.99,930.95
2025-07-03,PRD-S02,29.99,18,34.64,536.82
2025-07-03,PRD-S03,167.99,14,139.99,2351.86
2025-07-03,PRD-S04,45.99,9,47.99,413.91
2025-07-04,PRD-E01,137.99,7,130.49,959.03
2025-07-04,PRD-E02,215.99,5,185.24,1069.15
2025-07-04,PRD-E03,259.99,5,239.0,1260.95
2025-07-04,PRD-E04,59.99,10,52.24,599.9
2025-07-04,PRD-A01,64.99,1,65.1,61.74
2025-07-04,PRD-A02,113.99,6,103.49,683.94
2025-07-04,PRD-A03,50.39,11,47.99,549.25
2025-07-04,PRD-A04,83.59,3,98.0,250.77
2025-07-04,PRD-H01,49.99,3,49.49,149.97
2025-07-04,PRD-H02,172.79,1,157.49,155.51
2025-07-04,PRD-H03,284.99,2,284.99,555.73
2025-07-04,PRD-H04,129.99,0,124.99,0.0
2025-07-04,PRD-B01,34.96,6,42.0,202.76
2025-07-04,PRD-B02,54.0,15,58.0,804.6
2025-07-04,PRD-B03,35.19,8,36.09,274.48
2025-07-04,PRD-B04,89.99,3,89.24,265.47
2025-07-04,PRD-S01,189.99,5,189.99,930.95
2025-07-04,PRD-S02,29.99,7,34.64,202.43
2025-07-04,PRD-S03,167.99,2,139.99,335.98
2025-07-04,PRD-S04,45.99,16,47.99,728.94
2025-07-05,PRD-E01,137.99,5,130.49,669.25
2025-07-05,PRD-E02,215.99,4,185.24,863.96
2025-07-05,PRD-E03,259.99,4,239.0,1026.96
2025-07-05,PRD-E04,59.99,7,52.24,416.93
2025-07-05,PRD-A01,64.99,17,65.1,1104.83
2025-07-05,PRD-A02,113.99,11,103.49,1242.49
2025-07-05,PRD-A03,50.39,5,47.99,241.87
2025-07-05,PRD-A04,83.59,5,98.0,417.95
2025-07-05,PRD-H01,49.99,6,49.49,299.94
2025-07-05,PRD-H02,172.79,2,157.49,345.58
2025-07-05,PRD-H03,284.99,2,284.99,569.98
2025-07-05,PRD-H04,129.99,7,124.99,909.93
2025-07-05,PRD-B01,34.96,16,42.0,559.36
2025-07-05,PRD-B02,54.0,8,58.0,410.4
2025-07-05,PRD-B03,35.19,8,36.09,279.76
2025-07-05,PRD-B04,89.99,7,89.24,629.93
2025-07-05,PRD-S01,189.99,3,189.99,560.47
2025-07-05,PRD-S02,29.99,13,34.64,389.87
2025-07-05,PRD-S03,167.99,9,139.99,1461.51
2025-07-05,PRD-S04,45.99,32,47.99,1464.78
2025-07-06,PRD-E01,137.99,8,130.49,1055.62
2025-07-06,PRD-E02,215.99,7,185.24,1511.93
2025-07-06,PRD-E03,259.99,4,239.0,1039.96
2025-07-06,PRD-E04,59.99,19,52.24,1133.81
2025-07-06,PRD-A01,64.99,5,65.1,324.95
2025-07-06,PRD-A02,113.99,23,103.49,2422.27
2025-07-06,PRD-A03,50.39,6,47.99,302.34
2025-07-06,PRD-A04,83.59,1,98.0,83.59
2025-07-06,PRD-H01,49.99,16,49.49,744.84
2025-07-06,PRD-H02,172.79,2,157.49,319.66
2025-07-06,PRD-H03,284.99,1,284.99,284.99
2025-07-06,PRD-H04,129.99,7,124.99,877.43
2025-07-06,PRD-B01,34.96,17,42.0,590.82
2025-07-06,PRD-B02,54.0,11,58.0,594.0
2025-07-06,PRD-B03,35.19,6,36.09,204.1
2025-07-06,PRD-B04,89.99,4,89.24,359.96
2025-07-06,PRD-S01,189.99,4,189.99,731.46
2025-07-06,PRD-S02,29.99,8,34.64,229.42
2025-07-06,PRD-S03,167.99,3,139.99,487.17
2025-07-06,PRD-S04,45.99,18,47.99,811.72
2025-07-07,PRD-E01,137.99,4,130.49,551.96
2025-07-07,PRD-E02,215.99,1,185.24,215.99
2025-07-07,PRD-E03,259.99,4,239.0,1013.96
2025-07-07,PRD-E04,59.99,2,52.24,119.98
2025-07-07,PRD-A01,64.99,12,65.1,770.13
2025-07-07,PRD-A02,113.99,2,103.49,227.98
2025-07-07,PRD-A03,50.39,5,47.99,251.95
2025-07-07,PRD-A04,83.59,6,98.0,484.82
2025-07-07,PRD-H01,49.99,5,49.49,247.45
2025-07-07,PRD-H02,172.79,2,157.49,345.58
2025-07-07,PRD-H03,284.99,9,284.99,2450.91
2025-07-07,PRD-H04,129.99,5,124.99,623.95
2025-07-07,PRD-B01,34.96,13,42.0,449.24
2025-07-07,PRD-B02,54.0,6,58.0,324.0
2025-07-07,PRD-B03,35.19,13,36.09,450.43
2025-07-07,PRD-B04,89.99,4,89.24,346.46
2025-07-07,PRD-S01,189.99,3,189.99,569.97
2025-07-07,PRD-S02,29.99,15,34.64,428.85
2025-07-07,PRD-S03,167.99,4,139.99,655.16
2025-07-07,PRD-S04,45.99,10,47.99,450.7
2025-07-08,PRD-E01,137.99,4,130.49,551.96
2025-07-08,PRD-E02,215.99,3,185.24,647.97
2025-07-08,PRD-E03,259.99,7,239.0,1819.93
2025-07-08,PRD-E04,59.99,18,52.24,1079.82
2025-07-08,PRD-A01,64.99,3,65.1,194.97
2025-07-08,PRD-A02,113.99,9,103.49,1020.21
2025-07-08,PRD-A03,50.39,10,47.99,503.9
2025-07-08,PRD-A04,83.59,6,98.0,501.54
2025-07-08,PRD-H01,49.99,5,49.49,244.95
2025-07-08,PRD-H02,172.79,2,157.49,345.58
2025-07-08,PRD-H03,284.99,7,284.99,1994.93
2025-07-08,PRD-H04,129.99,1,124.99,129.99
2025-07-08,PRD-B01,34.96,9,42.0,309.39
2025-07-08,PRD-B02,54.0,10,58.0,537.3
2025-07-08,PRD-B03,35.19,1,36.09,35.19
2025-07-08,PRD-B04,89.99,3,89.24,260.97
2025-07-08,PRD-S01,189.99,10,189.99,1899.9
2025-07-08,PRD-S02,29.99,9,34.64,256.41
2025-07-08,PRD-S03,167.99,1,139.99,167.99
2025-07-08,PRD-S04,45.99,10,47.99,455.3
2025-07-09,PRD-E01,137.99,2,130.49,255.28
2025-07-09,PRD-E02,215.99,2,185.24,431.98
2025-07-09,PRD-E03,259.99,5,239.0,1247.95
2025-07-09,PRD-E04,59.99,11,52.24,647.89
2025-07-09,PRD-A01,64.99,5,65.1,318.45
2025-07-09,PRD-A02,113.99,6,103.49,632.64
2025-07-09,PRD-A03,50.39,4,47.99,201.56
2025-07-09,PRD-A04,83.59,2,98.0,167.18
2025-07-09,PRD-H01,49.99,7,49.49,349.93
2025-07-09,PRD-H02,172.79,1,157.49,172.79
2025-07-09,PRD-H03,284.99,4,284.99,1082.96
2025-07-09,PRD-H04,129.99,0,124.99,0.0
2025-07-09,PRD-B01,34.96,12,42.0,407.27
2025-07-09,PRD-B02,54.0,10,58.0,531.9
2025-07-09,PRD-B03,35.19,0,36.09,0.0
2025-07-09,PRD-B04,89.99,2,89.24,170.98
2025-07-09,PRD-S01,189.99,0,189.99,0.0
2025-07-09,PRD-S02,29.99,9,34.64,266.91
2025-07-09,PRD-S03,167.99,4,139.99,671.96
2025-07-09,PRD-S04,45.99,21,47.99,961.19
2025-07-10,PRD-E01,137.99,5,130.49,689.95
2025-07-10,PRD-E02,215.99,2,185.24,410.38
2025-07-10,PRD-E03,259.99,5,239.0,1208.95
2025-07-10,PRD-E04,59.99,6,52.24,350.94
2025-07-10,PRD-A01,64.99,1,65.1,58.49
2025-07-10,PRD-A02,113.99,6,103.49,638.34
2025-07-10,PRD-A03,50.39,3,47.99,151.17
2025-07-10,PRD-A04,83.59,1,98.0,83.59
2025-07-10,PRD-H01,49.99,5,49.49,249.95
2025-07-10,PRD-H02,172.79,4,157.49,673.88
2025-07-10,PRD-H03,284.99,0,284.99,0.0
2025-07-10,PRD-H04,129.99,10,124.99,1299.9
2025-07-10,PRD-B01,34.96,12,42.0,405.53
2025-07-10,PRD-B02,54.0,18,58.0,972.0
2025-07-10,PRD-B03,35.19,3,36.09,105.57
2025-07-10,PRD-B04,89.99,4,89.24,350.96
2025-07-10,PRD-S01,189.99,2,189.99,379.98
2025-07-10,PRD-S02,29.99,7,34.64,206.93
2025-07-10,PRD-S03,167.99,0,139.99,0.0
2025-07-10,PRD-S04,45.99,15,47.99,680.65
2025-07-11,PRD-E01,137.99,13,130.49,1786.97
2025-07-11,PRD-E02,215.99,2,185.24,431.98
2025-07-11,PRD-E03,259.99,8,239.0,2027.92
2025-07-11,PRD-E04,59.99,15,52.24,899.85
2025-07-11,PRD-A01,64.99,4,65.1,246.96
2025-07-11,PRD-A02,113.99,4,103.49,433.16
2025-07-11,PRD-A03,50.39,6,47.99,302.34
2025-07-11,PRD-A04,83.59,2,98.0,167.18
2025-07-11,PRD-H01,49.99,0,49.49,0.0
2025-07-11,PRD-H02,172.79,5,157.49,863.95
2025-07-11,PRD-H03,284.99,4,284.99,1054.46
2025-07-11,PRD-H04,129.99,7,124.99,909.93
2025-07-11,PRD-B01,34.96,10,42.0,335.61
2025-07-11,PRD-B02,54.0,3,58.0,156.6
2025-07-11,PRD-B03,35.19,5,36.09,175.95
2025-07-11,PRD-B04,89.99,5,89.24,431.95
2025-07-11,PRD-S01,189.99,1,189.99,189.99
2025-07-11,PRD-S02,29.99,8,34.64,239.92
2025-07-11,PRD-S03,167.99,8,139.99,1335.52
2025-07-11,PRD-S04,45.99,6,47.99,271.34
2025-07-12,PRD-E01,137.99,4,130.49,551.96
2025-07-12,PRD-E02,215.99,2,185.24,431.98
2025-07-12,PRD-E03,259.99,9,239.0,2339.91
2025-07-12,PRD-E04,59.99,12,52.24,707.88
2025-07-12,PRD-A01,64.99,10,65.1,604.4
2025-07-12,PRD-A02,113.99,7,103.49,797.93
2025-07-12,PRD-A03,50.39,4,47.99,199.04
2025-07-12,PRD-A04,83.59,12,98.0,1003.08
2025-07-12,PRD-H01,49.99,4,49.49,199.96
2025-07-12,PRD-H02,172.79,2,157.49,345.58
2025-07-12,PRD-H03,284.99,9,284.99,2550.66
2025-07-12,PRD-H04,129.99,7,124.99,909.93
2025-07-12,PRD-B01,34.96,20,42.0,699.2
2025-07-12,PRD-B02,54.0,15,58.0,804.6
2025-07-12,PRD-B03,35.19,11,36.09,364.21
2025-07-12,PRD-B04,89.99,4,89.24,332.96
2025-07-12,PRD-S01,189.99,5,189.99,930.95
2025-07-12,PRD-S02,29.99,7,34.64,209.93
2025-07-12,PRD-S03,167.99,3,139.99,495.57
2025-07-12,PRD-S04,45.99,7,47.99,321.93
2025-07-13,PRD-E01,137.99,5,130.49,689.95
2025-07-13,PRD-E02,215.99,4,185.24,831.56
2025-07-13,PRD-E03,259.99,8,239.0,2079.92
2025-07-13,PRD-E04,59.99,14,52.24,809.86
2025-07-13,PRD-A01,64.99,5,65.1,324.95
2025-07-13,PRD-A02,113.99,13,103.49,1481.87
2025-07-13,PRD-A03,50.39,3,47.99,151.17
2025-07-13,PRD-A04,83.59,10,98.0,835.9
2025-07-13,PRD-H01,49.99,8,49.49,399.92
2025-07-13,PRD-H02,172.79,3,157.49,509.73
2025-07-13,PRD-H03,284.99,6,284.99,1709.94
2025-07-13,PRD-H04,129.99,3,124.99,389.97
2025-07-13,PRD-B01,34.96,14,42.0,475.45
2025-07-13,PRD-B02,54.0,10,58.0,540.0
2025-07-13,PRD-B03,35.19,15,36.09,510.25
2025-07-13,PRD-B04,89.99,5,89.24,436.45
2025-07-13,PRD-S01,189.99,2,189.99,379.98
2025-07-13,PRD-S02,29.99,12,34.64,350.88
2025-07-13,PRD-S03,167.99,6,139.99,1007.94
2025-07-13,PRD-S04,45.99,9,47.99,407.01
2025-07-14,PRD-E01,155.99,4,130.49,623.96
2025-07-14,PRD-E02,183.99,5,185.24,919.95
2025-07-14,PRD-E03,249.99,6,239.0,1462.44
2025-07-14,PRD-E04,55.19,7,52.24,386.33
2025-07-14,PRD-A01,64.99,5,65.1,324.95
2025-07-14,PRD-A02,113.99,7,103.49,797.93
2025-07-14,PRD-A03,42.74,3,47.99,128.22
2025-07-14,PRD-A04,98.79,2,98.0,197.58
2025-07-14,PRD-H01,45.99,3,49.49,137.97
2025-07-14,PRD-H02,151.99,3,157.49,455.97
2025-07-14,PRD-H03,299.99,2,284.99,569.98
2025-07-14,PRD-H04,129.99,2,124.99,259.98
2025-07-14,PRD-B01,36.1,16,42.0,564.98
2025-07-14,PRD-B02,58.32,11,58.0,594.88
2025-07-14,PRD-B03,37.99,8,36.09,300.12
2025-07-14,PRD-B04,93.59,3,89.24,266.73
2025-07-14,PRD-S01,223.99,3,189.99,671.97
2025-07-14,PRD-S02,29.99,11,34.64,328.39
2025-07-14,PRD-S03,137.99,11,139.99,1497.19
2025-07-14,PRD-S04,53.99,6,47.99,323.94
2025-07-15,PRD-E01,155.99,11,130.49,1692.49
2025-07-15,PRD-E02,183.99,3,185.24,515.17
2025-07-15,PRD-E03,249.99,14,239.0,3474.86
2025-07-15,PRD-E04,55.19,18,52.24,971.34
2025-07-15,PRD-A01,64.99,1,65.1,55.24
2025-07-15,PRD-A02,113.99,0,103.49,0.0
2025-07-15,PRD-A03,42.74,10,47.99,423.12
2025-07-15,PRD-A04,98.79,1,98.0,88.91
2025-07-15,PRD-H01,45.99,6,49.49,275.94
2025-07-15,PRD-H02,151.99,3,157.49,455.97
2025-07-15,PRD-H03,299.99,0,284.99,0.0
2025-07-15,PRD-H04,129.99,3,124.99,376.97
2025-07-15,PRD-B01,36.1,8,42.0,288.8
2025-07-15,PRD-B02,58.32,8,58.0,454.9
2025-07-15,PRD-B03,37.99,11,36.09,412.19
2025-07-15,PRD-B04,93.59,7,89.24,655.13
2025-07-15,PRD-S01,223.99,2,189.99,447.98
2025-07-15,PRD-S02,29.99,15,34.64,413.85
2025-07-15,PRD-S03,137.99,7,139.99,938.33
2025-07-15,PRD-S04,53.99,8,47.99,426.52
2025-07-16,PRD-E01,155.99,10,130.49,1505.3
2025-07-16,PRD-E02,183.99,8,185.24,1435.12
2025-07-16,PRD-E03,249.99,6,239.0,1499.94
2025-07-16,PRD-E04,55.19,24,52.24,1316.28
2025-07-16,PRD-A01,64.99,11,65.1,714.89
2025-07-16,PRD-A02,113.99,14,103.49,1550.26
2025-07-16,PRD-A03,42.74,5,47.99,213.7
2025-07-16,PRD-A04,98.79,6,98.0,592.74
2025-07-16,PRD-H01,45.99,4,49.49,183.96
2025-07-16,PRD-H02,151.99,0,157.49,0.0
2025-07-16,PRD-H03,299.99,1,284.99,299.99
2025-07-16,PRD-H04,129.99,3,124.99,370.47
2025-07-16,PRD-B01,36.1,12,42.0,425.98
2025-07-16,PRD-B02,58.32,14,58.0,813.56
2025-07-16,PRD-B03,37.99,9,36.09,340.01
2025-07-16,PRD-B04,93.59,3,89.24,262.05
2025-07-16,PRD-S01,223.99,4,189.99,895.96
2025-07-16,PRD-S02,29.99,8,34.64,239.92
2025-07-16,PRD-S03,137.99,6,139.99,800.34
2025-07-16,PRD-S04,53.99,11,47.99,591.19
2025-07-17,PRD-E01,155.99,4,130.49,608.36
2025-07-17,PRD-E02,183.99,3,185.24,551.97
2025-07-17,PRD-E03,249.99,7,239.0,1724.93
2025-07-17,PRD-E04,55.19,11,52.24,593.29
2025-07-17,PRD-A01,64.99,4,65.1,259.96
2025-07-17,PRD-A02,113.99,10,103.49,1122.8
2025-07-17,PRD-A03,42.74,4,47.99,170.96
2025-07-17,PRD-A04,98.79,5,98.0,484.07
2025-07-17,PRD-H01,45.99,19,49.49,809.41
2025-07-17,PRD-H02,151.99,3,157.49,440.77
2025-07-17,PRD-H03,299.99,2,284.99,599.98
2025-07-17,PRD-H04,129.99,2,124.99,259.98
2025-07-17,PRD-B01,36.1,20,42.0,720.2
2025-07-17,PRD-B02,58.32,12,58.0,653.19
2025-07-17,PRD-B03,37.99,6,36.09,227.94
2025-07-17,PRD-B04,93.59,2,89.24,173.14
2025-07-17,PRD-S01,223.99,2,189.99,425.58
2025-07-17,PRD-S02,29.99,4,34.64,109.46
2025-07-17,PRD-S03,137.99,8,139.99,1048.72
2025-07-17,PRD-S04,53.99,11,47.99,585.79
2025-07-18,PRD-E01,155.99,7,130.49,1084.13
2025-07-18,PRD-E02,183.99,4,185.24,735.96
2025-07-18,PRD-E03,249.99,13,239.0,3199.87
2025-07-18,PRD-E04,55.19,11,52.24,590.53
2025-07-18,PRD-A01,64.99,3,65.1,194.97
2025-07-18,PRD-A02,113.99,5,103.49,547.15
2025-07-18,PRD-A03,42.74,3,47.99,128.22
2025-07-18,PRD-A04,98.79,10,98.0,987.9
2025-07-18,PRD-H01,45.99,5,49.49,220.75
2025-07-18,PRD-H02,151.99,4,157.49,607.96
2025-07-18,PRD-H03,299.99,2,284.99,599.98
2025-07-18,PRD-H04,129.99,5,124.99,643.45
2025-07-18,PRD-B01,36.1,6,42.0,214.8
2025-07-18,PRD-B02,58.32,12,58.0,688.18
2025-07-18,PRD-B03,37.99,20,36.09,759.8
2025-07-18,PRD-B04,93.59,14,89.24,1310.26
2025-07-18,PRD-S01,223.99,1,189.99,212.79
2025-07-18,PRD-S02,29.99,5,34.64,149.95
2025-07-18,PRD-S03,137.99,3,139.99,413.97
2025-07-18,PRD-S04,53.99,17,47.99,909.73
2025-07-19,PRD-E01,155.99,3,130.49,467.97
2025-07-19,PRD-E02,183.99,6,185.24,1085.54
2025-07-19,PRD-E03,249.99,7,239.0,1749.93
2025-07-19,PRD-E04,55.19,19,52.24,1029.29
2025-07-19,PRD-A01,64.99,3,65.1,188.47
2025-07-19,PRD-A02,113.99,6,103.49,683.94
2025-07-19,PRD-A03,42.74,6,47.99,247.9
2025-07-19,PRD-A04,98.79,0,98.0,0.0
2025-07-19,PRD-H01,45.99,18,49.49,823.22
2025-07-19,PRD-H02,151.99,19,157.49,2872.61
2025-07-19,PRD-H03,299.99,1,284.99,299.99
2025-07-19,PRD-H04,129.99,8,124.99,1039.92
2025-07-19,PRD-B01,36.1,14,42.0,474.69
2025-07-19,PRD-B02,58.32,13,58.0,752.32
2025-07-19,PRD-B03,37.99,5,36.09,189.95
2025-07-19,PRD-B04,93.59,2,89.24,182.5
2025-07-19,PRD-S01,223.99,1,189.99,223.99
2025-07-19,PRD-S02,29.99,23,34.64,674.77
2025-07-19,PRD-S03,137.99,4,139.99,551.96
2025-07-19,PRD-S04,53.99,8,47.99,431.92
2025-07-20,PRD-E01,155.99,3,130.49,452.37
2025-07-20,PRD-E02,183.99,5,185.24,919.95
2025-07-20,PRD-E03,249.99,5,239.0,1237.45
2025-07-20,PRD-E04,55.19,20,52.24,1095.52
2025-07-20,PRD-A01,64.99,3,65.1,194.97
2025-07-20,PRD-A02,113.99,9,103.49,1020.21
2025-07-20,PRD-A03,42.74,4,47.99,170.96
2025-07-20,PRD-A04,98.79,5,98.0,484.07
2025-07-20,PRD-H01,45.99,3,49.49,137.97
2025-07-20,PRD-H02,151.99,1,157.49,151.99
2025-07-20,PRD-H03,299.99,5,284.99,1304.95
2025-07-20,PRD-H04,129.99,3,124.99,389.97
2025-07-20,PRD-B01,36.1,11,42.0,391.69
2025-07-20,PRD-B02,58.32,10,58.0,583.2
2025-07-20,PRD-B03,37.99,12,36.09,446.38
2025-07-20,PRD-B04,93.59,2,89.24,187.18
2025-07-20,PRD-S01,223.99,10,189.99,2239.9
2025-07-20,PRD-S02,29.99,18,34.64,523.32
2025-07-20,PRD-S03,137.99,18,139.99,2435.52
2025-07-20,PRD-S04,53.99,16,47.99,853.04
2025-07-21,PRD-E01,155.99,10,152.24,1520.9
2025-07-21,PRD-E02,183.99,5,194.99,901.55
2025-07-21,PRD-E03,249.99,9,239.0,2224.91
2025-07-21,PRD-E04,55.19,22,52.24,1175.54
2025-07-21,PRD-A01,64.99,8,66.96,519.92
2025-07-21,PRD-A02,113.99,6,120.74,683.94
2025-07-21,PRD-A03,42.74,5,43.19,213.7
2025-07-21,PRD-A04,98.79,1,98.0,98.79
2025-07-21,PRD-H01,45.99,5,52.24,218.45
2025-07-21,PRD-H02,151.99,8,134.99,1215.92
2025-07-21,PRD-H03,299.99,1,284.99,299.99
2025-07-21,PRD-H04,129.99,6,118.74,779.94
2025-07-21,PRD-B01,36.1,6,39.9,207.58
2025-07-21,PRD-B02,58.32,13,58.0,749.41
2025-07-21,PRD-B03,37.99,6,41.03,227.94
2025-07-21,PRD-B04,93.59,2,89.24,187.18
2025-07-21,PRD-S01,223.99,0,189.99,0.0
2025-07-21,PRD-S02,29.99,13,35.63,382.37
2025-07-21,PRD-S03,137.99,3,125.99,413.97
2025-07-21,PRD-S04,53.99,10,51.83,539.9
2025-07-22,PRD-E01,155.99,8,152.24,1247.92
2025-07-22,PRD-E02,183.99,4,194.99,717.56
2025-07-22,PRD-E03,249.99,3,239.0,749.97
2025-07-22,PRD-E04,55.19,15,52.24,827.85
2025-07-22,PRD-A01,64.99,7,66.96,454.93
2025-07-22,PRD-A02,113.99,7,120.74,792.23
2025-07-22,PRD-A03,42.74,5,43.19,213.7
2025-07-22,PRD-A04,98.79,6,98.0,592.74
2025-07-22,PRD-H01,45.99,5,52.24,229.95
2025-07-22,PRD-H02,151.99,3,134.99,455.97
2025-07-22,PRD-H03,299.99,2,284.99,599.98
2025-07-22,PRD-H04,129.99,8,118.74,968.42
2025-07-22,PRD-B01,36.1,5,39.9,180.5
2025-07-22,PRD-B02,58.32,4,58.0,233.28
2025-07-22,PRD-B03,37.99,7,41.03,248.83
2025-07-22,PRD-B04,93.59,2,89.24,177.82
2025-07-22,PRD-S01,223.99,1,189.99,223.99
2025-07-22,PRD-S02,29.99,8,35.63,233.92
2025-07-22,PRD-S03,137.99,2,125.99,269.08
2025-07-22,PRD-S04,53.99,19,51.83,1020.41
2025-07-23,PRD-E01,155.99,5,152.24,764.35
2025-07-23,PRD-E02,183.99,5,194.99,919.95
2025-07-23,PRD-E03,249.99,13,239.0,3149.87
2025-07-23,PRD-E04,55.19,13,52.24,714.71
2025-07-23,PRD-A01,64.99,3,66.96,194.97
2025-07-23,PRD-A02,113.99,8,120.74,860.62
2025-07-23,PRD-A03,42.74,2,43.19,68.38
2025-07-23,PRD-A04,98.79,0,98.0,0.0
2025-07-23,PRD-H01,45.99,5,52.24,229.95
2025-07-23,PRD-H02,151.99,4,134.99,592.76
2025-07-23,PRD-H03,299.99,0,284.99,0.0
2025-07-23,PRD-H04,129.99,6,118.74,714.94
2025-07-23,PRD-B01,36.1,11,39.9,375.45
2025-07-23,PRD-B02,58.32,7,58.0,390.74
2025-07-23,PRD-B03,37.99,5,41.03,189.95
2025-07-23,PRD-B04,93.59,7,89.24,655.13
2025-07-23,PRD-S01,223.99,2,189.99,436.78
2025-07-23,PRD-S02,29.99,4,35.63,119.96
2025-07-23,PRD-S03,137.99,1,125.99,137.99
2025-07-23,PRD-S04,53.99,10,51.83,531.8
2025-07-24,PRD-E01,155.99,1,152.24,155.99
2025-07-24,PRD-E02,183.99,5,194.99,873.95
2025-07-24,PRD-E03,249.99,3,239.0,749.97
2025-07-24,PRD-E04,55.19,17,52.24,935.47
2025-07-24,PRD-A01,64.99,10,66.96,636.9
2025-07-24,PRD-A02,113.99,3,120.74,341.97
2025-07-24,PRD-A03,42.74,6,43.19,256.44
2025-07-24,PRD-A04,98.79,2,98.0,197.58
2025-07-24,PRD-H01,45.99,2,52.24,91.98
2025-07-24,PRD-H02,151.99,10,134.99,1519.9
2025-07-24,PRD-H03,299.99,0,284.99,0.0
2025-07-24,PRD-H04,129.99,6,118.74,779.94
2025-07-24,PRD-B01,36.1,15,39.9,528.87
2025-07-24,PRD-B02,58.32,8,58.0,443.24
2025-07-24,PRD-B03,37.99,7,41.03,265.93
2025-07-24,PRD-B04,93.59,3,89.24,262.05
2025-07-24,PRD-S01,223.99,1,189.99,223.99
2025-07-24,PRD-S02,29.99,9,35.63,256.41
2025-07-24,PRD-S03,137.99,3,125.99,407.07
2025-07-24,PRD-S04,53.99,6,51.83,313.14
2025-07-25,PRD-E01,155.99,5,152.24,764.35
2025-07-25,PRD-E02,183.99,3,194.99,551.97
2025-07-25,PRD-E03,249.99,3,239.0,699.97
2025-07-25,PRD-E04,55.19,17,52.24,938.23
2025-07-25,PRD-A01,64.99,1,66.96,61.74
2025-07-25,PRD-A02,113.99,9,120.74,1025.91
2025-07-25,PRD-A03,42.74,15,43.19,641.1
2025-07-25,PRD-A04,98.79,2,98.0,197.58
2025-07-25,PRD-H01,45.99,10,52.24,459.9
2025-07-25,PRD-H02,151.99,1,134.99,151.99
2025-07-25,PRD-H03,299.99,4,284.99,1199.96
2025-07-25,PRD-H04,129.99,2,118.74,207.98
2025-07-25,PRD-B01,36.1,13,39.9,469.3
2025-07-25,PRD-B02,58.32,14,58.0,793.16
2025-07-25,PRD-B03,37.99,8,41.03,288.72
2025-07-25,PRD-B04,93.59,3,89.24,280.77
2025-07-25,PRD-S01,223.99,2,189.99,447.98
2025-07-25,PRD-S02,29.99,13,35.63,386.87
2025-07-25,PRD-S03,137.99,8,125.99,1048.72
2025-07-25,PRD-S04,53.99,10,51.83,518.3
2025-07-26,PRD-E01,155.99,7,152.24,1021.73
2025-07-26,PRD-E02,183.99,3,194.99,551.97
2025-07-26,PRD-E03,249.99,7,239.0,1737.43
2025-07-26,PRD-E04,55.19,22,52.24,1125.86
2025-07-26,PRD-A01,64.99,5,66.96,324.95
2025-07-26,PRD-A02,113.99,14,120.74,1498.96
2025-07-26,PRD-A03,42.74,3,43.19,123.95
2025-07-26,PRD-A04,98.79,4,98.0,395.16
2025-07-26,PRD-H01,45.99,11,52.24,501.29
2025-07-26,PRD-H02,151.99,4,134.99,516.76
2025-07-26,PRD-H03,299.99,7,284.99,2054.93
2025-07-26,PRD-H04,129.99,9,118.74,1169.91
2025-07-26,PRD-B01,36.1,17,39.9,611.9
2025-07-26,PRD-B02,58.32,12,58.0,699.84
2025-07-26,PRD-B03,37.99,12,41.03,444.48
2025-07-26,PRD-B04,93.59,6,89.24,561.54
2025-07-26,PRD-S01,223.99,7,189.99,1489.53
2025-07-26,PRD-S02,29.99,14,35.63,413.86
2025-07-26,PRD-S03,137.99,12,125.99,1628.28
2025-07-26,PRD-S04,53.99,10,51.83,537.2
2025-07-27,PRD-E01,155.99,10,152.24,1559.9
2025-07-27,PRD-E02,183.99,18,194.99,3238.22
2025-07-27,PRD-E03,249.99,4,239.0,999.96
2025-07-27,PRD-E04,55.19,12,52.24,662.28
2025-07-27,PRD-A01,64.99,6,66.96,389.94
2025-07-27,PRD-A02,113.99,6,120.74,666.84
2025-07-27,PRD-A03,42.74,12,43.19,500.06
2025-07-27,PRD-A04,98.79,9,98.0,859.47
2025-07-27,PRD-H01,45.99,6,52.24,275.94
2025-07-27,PRD-H02,151.99,11,134.99,1626.29
2025-07-27,PRD-H03,299.99,1,284.99,299.99
2025-07-27,PRD-H04,129.99,7,118.74,909.93
2025-07-27,PRD-B01,36.1,27,39.9,971.09
2025-07-27,PRD-B02,58.32,3,58.0,163.3
2025-07-27,PRD-B03,37.99,14,41.03,518.56
2025-07-27,PRD-B04,93.59,10,89.24,870.38
2025-07-27,PRD-S01,223.99,2,189.99,447.98
2025-07-27,PRD-S02,29.99,17,35.63,506.83
2025-07-27,PRD-S03,137.99,13,125.99,1745.57
2025-07-27,PRD-S04,53.99,7,51.83,364.43
2025-07-28,PRD-E01,142.49,8,152.24,1139.92
2025-07-28,PRD-E02,183.99,1,194.99,183.99
2025-07-28,PRD-E03,269.99,6,239.0,1619.94
2025-07-28,PRD-E04,52.79,11,52.24,570.13
2025-07-28,PRD-A01,61.74,12,66.96,737.79
2025-07-28,PRD-A02,110.39,11,120.74,1214.29
2025-07-28,PRD-A03,46.79,1,43.19,46.79
2025-07-28,PRD-A04,98.79,5,98.0,459.37
2025-07-28,PRD-H01,51.99,6,52.24,311.94
2025-07-28,PRD-H02,147.19,6,134.99,868.42
2025-07-28,PRD-H03,275.99,2,284.99,551.98
2025-07-28,PRD-H04,123.49,6,118.74,740.94
2025-07-28,PRD-B01,36.1,18,39.9,613.7
2025-07-28,PRD-B02,54.0,9,58.0,475.2
2025-07-28,PRD-B03,41.59,23,41.03,931.61
2025-07-28,PRD-B04,79.19,0,89.24,0.0
2025-07-28,PRD-S01,199.99,4,189.99,779.96
2025-07-28,PRD-S02,28.49,12,35.63,341.88
2025-07-28,PRD-S03,149.99,8,125.99,1192.42
2025-07-28,PRD-S04,49.99,7,51.83,344.93
2025-07-29,PRD-E01,142.49,4,152.24,548.6
2025-07-29,PRD-E02,183.99,2,194.99,367.98
2025-07-29,PRD-E03,269.99,7,239.0,1889.93
2025-07-29,PRD-E04,52.79,11,52.24,541.09
2025-07-29,PRD-A01,61.74,9,66.96,549.48
2025-07-29,PRD-A02,110.39,6,120.74,662.34
2025-07-29,PRD-A03,46.79,7,43.19,308.81
2025-07-29,PRD-A04,98.79,1,98.0,98.79
2025-07-29,PRD-H01,51.99,8,52.24,408.12
2025-07-29,PRD-H02,147.19,6,134.99,883.14
2025-07-29,PRD-H03,275.99,4,284.99,1090.16
2025-07-29,PRD-H04,123.49,5,118.74,617.45
2025-07-29,PRD-B01,36.1,22,39.9,779.8
2025-07-29,PRD-B02,54.0,18,58.0,963.9
2025-07-29,PRD-B03,41.59,0,41.03,0.0
2025-07-29,PRD-B04,79.19,2,89.24,158.38
2025-07-29,PRD-S01,199.99,3,189.99,559.97
2025-07-29,PRD-S02,28.49,5,35.63,141.03
2025-07-29,PRD-S03,149.99,4,125.99,599.96
2025-07-29,PRD-S04,49.99,11,51.83,542.39
2025-07-30,PRD-E01,142.49,4,152.24,548.59
2025-07-30,PRD-E02,183.99,1,194.99,183.99
2025-07-30,PRD-E03,269.99,5,239.0,1349.95
2025-07-30,PRD-E04,52.79,26,52.24,1346.14
2025-07-30,PRD-A01,61.74,6,66.96,361.18
2025-07-30,PRD-A02,110.39,5,120.74,551.95
2025-07-30,PRD-A03,46.79,7,43.19,318.17
2025-07-30,PRD-A04,98.79,8,98.0,790.32
2025-07-30,PRD-H01,51.99,3,52.24,155.97
2025-07-30,PRD-H02,147.19,1,134.99,147.19
2025-07-30,PRD-H03,275.99,1,284.99,262.19
2025-07-30,PRD-H04,123.49,6,118.74,740.94
2025-07-30,PRD-B01,36.1,5,39.9,180.5
2025-07-30,PRD-B02,54.0,11,58.0,583.2
2025-07-30,PRD-B03,41.59,11,41.03,457.49
2025-07-30,PRD-B04,79.19,4,89.24,316.76
2025-07-30,PRD-S01,199.99,1,189.99,169.99
2025-07-30,PRD-S02,28.49,12,35.63,336.19
2025-07-30,PRD-S03,149.99,2,125.99,299.98
2025-07-30,PRD-S04,49.99,6,51.83,292.44
2025-07-31,PRD-E01,142.49,3,152.24,406.1
2025-07-31,PRD-E02,183.99,9,194.99,1655.91
2025-07-31,PRD-E03,269.99,4,239.0,1079.96
2025-07-31,PRD-E04,52.79,18,52.24,937.02
2025-07-31,PRD-A01,61.74,6,66.96,358.1
2025-07-31,PRD-A02,110.39,5,120.74,551.95
2025-07-31,PRD-A03,46.79,3,43.19,140.37
2025-07-31,PRD-A04,98.79,6,98.0,553.22
2025-07-31,PRD-H01,51.99,5,52.24,259.95
2025-07-31,PRD-H02,147.19,0,134.99,0.0
2025-07-31,PRD-H03,275.99,3,284.99,827.97
2025-07-31,PRD-H04,123.49,3,118.74,370.47
2025-07-31,PRD-B01,36.1,15,39.9,532.47
2025-07-31,PRD-B02,54.0,19,58.0,1026.0
2025-07-31,PRD-B03,41.59,5,41.03,207.95
2025-07-31,PRD-B04,79.19,4,89.24,312.8
2025-07-31,PRD-S01,199.99,2,189.99,379.98
2025-07-31,PRD-S02,28.49,16,35.63,450.14
2025-07-31,PRD-S03,149.99,7,125.99,997.43
2025-07-31,PRD-S04,49.99,5,51.83,239.95
2025-08-01,PRD-E01,142.49,7,152.24,911.94
2025-08-01,PRD-E02,183.99,4,194.99,735.96
2025-08-01,PRD-E03,269.99,3,239.0,809.97
2025-08-01,PRD-E04,52.79,10,52.24,527.9
2025-08-01,PRD-A01,61.74,5,66.96,296.36
2025-08-01,PRD-A02,110.39,1,120.74,110.39
2025-08-01,PRD-A03,46.79,7,43.19,327.53
2025-08-01,PRD-A04,98.79,3,98.0,296.37
2025-08-01,PRD-H01,51.99,4,52.24,197.56
2025-08-01,PRD-H02,147.19,2,134.99,294.38
2025-08-01,PRD-H03,275.99,4,284.99,1103.96
2025-08-01,PRD-H04,123.49,7,118.74,864.43
2025-08-01,PRD-B01,36.1,20,39.9,714.79
2025-08-01,PRD-B02,54.0,16,58.0,861.3
2025-08-01,PRD-B03,41.59,6,41.03,239.14
2025-08-01,PRD-B04,79.19,5,89.24,380.11
2025-08-01,PRD-S01,199.99,10,189.99,1999.9
2025-08-01,PRD-S02,28.49,18,35.63,474.39
2025-08-01,PRD-S03,149.99,7,125.99,1049.93
2025-08-01,PRD-S04,49.99,4,51.83,194.96
2025-08-02,PRD-E01,142.49,7,152.24,919.06
2025-08-02,PRD-E02,183.99,9,194.99,1628.31
2025-08-02,PRD-E03,269.99,8,239.0,2132.92
2025-08-02,PRD-E04,52.79,28,52.24,1427.96
2025-08-02,PRD-A01,61.74,6,66.96,370.44
2025-08-02,PRD-A02,110.39,5,120.74,546.43
2025-08-02,PRD-A03,46.79,6,43.19,278.4
2025-08-02,PRD-A04,98.79,2,98.0,197.58
2025-08-02,PRD-H01,51.99,6,52.24,311.94
2025-08-02,PRD-H02,147.19,9,134.99,1258.47
2025-08-02,PRD-H03,275.99,3,284.99,827.97
2025-08-02,PRD-H04,123.49,5,118.74,617.45
2025-08-02,PRD-B01,36.1,16,39.9,575.8
2025-08-02,PRD-B02,54.0,16,58.0,850.5
2025-08-02,PRD-B03,41.59,8,41.03,332.72
2025-08-02,PRD-B04,79.19,4,89.24,316.76
2025-08-02,PRD-S01,199.99,15,189.99,2989.85
2025-08-02,PRD-S02,28.49,15,35.63,427.35
2025-08-02,PRD-S03,149.99,5,125.99,749.95
2025-08-02,PRD-S04,49.99,24,51.83,1199.76
2025-08-03,PRD-E01,142.49,9,152.24,1168.41
2025-08-03,PRD-E02,183.99,11,194.99,1977.89
2025-08-03,PRD-E03,269.99,10,239.0,2618.9
2025-08-03,PRD-E04,52.79,20,52.24,1050.52
2025-08-03,PRD-A01,61.74,4,66.96,234.61
2025-08-03,PRD-A02,110.39,9,120.74,993.51
2025-08-03,PRD-A03,46.79,8,43.19,369.64
2025-08-03,PRD-A04,98.79,6,98.0,582.86
2025-08-03,PRD-H01,51.99,9,52.24,467.91
2025-08-03,PRD-H02,147.19,1,134.99,132.47
2025-08-03,PRD-H03,275.99,3,284.99,786.57
2025-08-03,PRD-H04,123.49,9,118.74,1099.07
2025-08-03,PRD-B01,36.1,13,39.9,445.83
2025-08-03,PRD-B02,54.0,8,58.0,432.0
2025-08-03,PRD-B03,41.59,14,41.03,565.62
2025-08-03,PRD-B04,79.19,5,89.24,391.99
2025-08-03,PRD-S01,199.99,3,189.99,559.97
2025-08-03,PRD-S02,28.49,11,35.63,294.87
2025-08-03,PRD-S03,149.99,5,125.99,749.95
2025-08-03,PRD-S04,49.99,20,51.83,999.8
2025-08-04,PRD-E01,142.49,10,152.24,1382.15
2025-08-04,PRD-E02,183.99,14,194.99,2502.26
2025-08-04,PRD-E03,269.99,6,239.0,1619.94
2025-08-04,PRD-E04,52.79,8,52.24,422.32
2025-08-04,PRD-A01,61.74,5,66.96,302.53
2025-08-04,PRD-A02,110.39,21,120.74,2274.03
2025-08-04,PRD-A03,46.79,2,43.19,93.58
2025-08-04,PRD-A04,98.79,3,98.0,296.37
2025-08-04,PRD-H01,51.99,11,52.24,561.49
2025-08-04,PRD-H02,147.19,3,134.99,441.57
2025-08-04,PRD-H03,275.99,0,284.99,0.0
2025-08-04,PRD-H04,123.49,5,118.74,617.45
2025-08-04,PRD-B01,36.1,14,39.9,496.38
2025-08-04,PRD-B02,54.0,4,58.0,216.0
2025-08-04,PRD-B03,41.59,12,41.03,492.84
2025-08-04,PRD-B04,79.19,6,89.24,475.14
2025-08-04,PRD-S01,199.99,0,189.99,0.0
2025-08-04,PRD-S02,28.49,3,35.63,82.63
2025-08-04,PRD-S03,149.99,3,125.99,442.47
2025-08-04,PRD-S04,49.99,4,51.83,199.96
2025-08-05,PRD-E01,142.49,9,152.24,1282.41
2025-08-05,PRD-E02,183.99,5,194.99,919.95
2025-08-05,PRD-E03,269.99,3,239.0,796.47
2025-08-05,PRD-E04,52.79,8,52.24,414.4
2025-08-05,PRD-A01,61.74,4,66.96,234.62
2025-08-05,PRD-A02,110.39,4,120.74,430.52
2025-08-05,PRD-A03,46.79,4,43.19,182.48
2025-08-05,PRD-A04,98.79,3,98.0,281.55
2025-08-05,PRD-H01,51.99,3,52.24,148.17
2025-08-05,PRD-H02,147.19,3,134.99,419.49
2025-08-05,PRD-H03,275.99,2,284.99,551.98
2025-08-05,PRD-H04,123.49,4,118.74,469.26
2025-08-05,PRD-B01,36.1,10,39.9,355.59
2025-08-05,PRD-B02,54.0,3,58.0,159.3
2025-08-05,PRD-B03,41.59,5,41.03,201.71
2025-08-05,PRD-B04,79.19,7,89.24,554.33
2025-08-05,PRD-S01,199.99,2,189.99,379.98
2025-08-05,PRD-S02,28.49,3,35.63,81.2
2025-08-05,PRD-S03,149.99,1,125.99,149.99
2025-08-05,PRD-S04,49.99,13,51.83,647.37
2025-08-06,PRD-E01,142.49,11,152.24,1567.39
2025-08-06,PRD-E02,183.99,4,194.99,699.16
2025-08-06,PRD-E03,269.99,7,239.0,1889.93
2025-08-06,PRD-E04,52.79,24,52.24,1261.68
2025-08-06,PRD-A01,61.74,2,66.96,117.31
2025-08-06,PRD-A02,110.39,8,120.74,861.04
2025-08-06,PRD-A03,46.79,6,43.19,271.38
2025-08-06,PRD-A04,98.79,7,98.0,691.53
2025-08-06,PRD-H01,51.99,7,52.24,348.33
2025-08-06,PRD-H02,147.19,3,134.99,441.57
2025-08-06,PRD-H03,275.99,4,284.99,1103.96
2025-08-06,PRD-H04,123.49,1,118.74,123.49
2025-08-06,PRD-B01,36.1,5,39.9,175.09
2025-08-06,PRD-B02,54.0,4,58.0,210.6
2025-08-06,PRD-B03,41.59,9,41.03,370.15
2025-08-06,PRD-B04,79.19,6,89.24,475.14
2025-08-06,PRD-S01,199.99,2,189.99,379.98
2025-08-06,PRD-S02,28.49,5,35.63,141.03
2025-08-06,PRD-S03,149.99,0,125.99,0.0
2025-08-06,PRD-S04,49.99,5,51.83,249.95
2025-08-07,PRD-E01,142.49,7,152.24,968.94
2025-08-07,PRD-E02,183.99,10,194.99,1839.9
2025-08-07,PRD-E03,269.99,5,239.0,1349.95
2025-08-07,PRD-E04,52.79,13,52.24,686.27
2025-08-07,PRD-A01,61.74,4,66.96,243.87
2025-08-07,PRD-A02,110.39,4,120.74,441.56
2025-08-07,PRD-A03,46.79,9,43.19,374.31
2025-08-07,PRD-A04,98.79,1,98.0,93.85
2025-08-07,PRD-H01,51.99,12,52.24,608.28
2025-08-07,PRD-H02,147.19,1,134.99,147.19
2025-08-07,PRD-H03,275.99,1,284.99,275.99
2025-08-07,PRD-H04,123.49,5,118.74,617.45
2025-08-07,PRD-B01,36.1,14,39.9,503.6
2025-08-07,PRD-B02,54.0,13,58.0,702.0
2025-08-07,PRD-B03,41.59,4,41.03,164.28
2025-08-07,PRD-B04,79.19,5,89.24,395.95
2025-08-07,PRD-S01,199.99,3,189.99,559.97
2025-08-07,PRD-S02,28.49,9,35.63,256.41
2025-08-07,PRD-S03,149.99,1,125.99,149.99
2025-08-07,PRD-S04,49.99,13,51.83,642.37
2025-08-08,PRD-E01,142.49,15,152.24,2101.75
2025-08-08,PRD-E02,183.99,2,194.99,367.98
2025-08-08,PRD-E03,269.99,3,239.0,755.97
2025-08-08,PRD-E04,52.79,5,52.24,263.95
2025-08-08,PRD-A01,61.74,2,66.96,123.48
2025-08-08,PRD-A02,110.39,3,120.74,331.17
2025-08-08,PRD-A03,46.79,1,43.19,46.79
2025-08-08,PRD-A04,98.79,3,98.0,281.55
2025-08-08,PRD-H01,51.99,0,52.24,0.0
2025-08-08,PRD-H02,147.19,3,134.99,441.57
2025-08-08,PRD-H03,275.99,2,284.99,551.98
2025-08-08,PRD-H04,123.49,2,118.74,246.98
2025-08-08,PRD-B01,36.1,9,39.9,324.9
2025-08-08,PRD-B02,54.0,11,58.0,580.5
2025-08-08,PRD-B03,41.59,3,41.03,118.53
2025-08-08,PRD-B04,79.19,6,89.24,435.54
2025-08-08,PRD-S01,199.99,3,189.99,599.97
2025-08-08,PRD-S02,28.49,7,35.63,193.73
2025-08-08,PRD-S03,149.99,3,125.99,442.47
2025-08-08,PRD-S04,49.99,23,51.83,1139.77
2025-08-09,PRD-E01,142.49,14,152.24,1745.51
2025-08-09,PRD-E02,183.99,9,194.99,1600.71
2025-08-09,PRD-E03,269.99,7,239.0,1889.93
2025-08-09,PRD-E04,52.79,6,52.24,316.74
2025-08-09,PRD-A01,61.74,16,66.96,987.84
2025-08-09,PRD-A02,110.39,8,120.74,855.52
2025-08-09,PRD-A03,46.79,7,43.19,327.53
2025-08-09,PRD-A04,98.79,2,98.0,197.58
2025-08-09,PRD-H01,51.99,5,52.24,259.95
2025-08-09,PRD-H02,147.19,2,134.99,264.94
2025-08-09,PRD-H03,275.99,0,284.99,0.0
2025-08-09,PRD-H04,123.49,18,118.74,2062.31
2025-08-09,PRD-B01,36.1,11,39.9,397.1
2025-08-09,PRD-B02,54.0,11,58.0,585.9
2025-08-09,PRD-B03,41.59,2,41.03,79.02
2025-08-09,PRD-B04,79.19,7,89.24,542.45
2025-08-09,PRD-S01,199.99,7,189.99,1339.93
2025-08-09,PRD-S02,28.49,16,35.63,430.2
2025-08-09,PRD-S03,149.99,2,125.99,284.98
2025-08-09,PRD-S04,49.99,23,51.83,1139.77
2025-08-10,PRD-E01,142.49,10,152.24,1424.9
2025-08-10,PRD-E02,183.99,3,194.99,478.37
2025-08-10,PRD-E03,269.99,9,239.0,2429.91
2025-08-10,PRD-E04,52.79,12,52.24,633.48
2025-08-10,PRD-A01,61.74,4,66.96,240.79
2025-08-10,PRD-A02,110.39,5,120.74,551.95
2025-08-10,PRD-A03,46.79,12,43.19,540.42
2025-08-10,PRD-A04,98.79,6,98.0,592.74
2025-08-10,PRD-H01,51.99,6,52.24,296.34
2025-08-10,PRD-H02,147.19,9,134.99,1265.83
2025-08-10,PRD-H03,275.99,7,284.99,1849.13
2025-08-10,PRD-H04,123.49,6,118.74,710.07
2025-08-10,PRD-B01,36.1,10,39.9,350.17
2025-08-10,PRD-B02,54.0,23,58.0,1209.6
2025-08-10,PRD-B03,41.59,13,41.03,540.67
2025-08-10,PRD-B04,79.19,2,89.24,154.42
2025-08-10,PRD-S01,199.99,5,189.99,949.95
2025-08-10,PRD-S02,28.49,13,35.63,370.37
2025-08-10,PRD-S03,149.99,1,125.99,149.99
2025-08-10,PRD-S04,49.99,8,51.83,382.42
2025-08-11,PRD-E01,161.99,22,144.99,3563.78
2025-08-11,PRD-E02,175.99,4,194.99,686.36
2025-08-11,PRD-E03,219.99,12,250.95,2639.88
2025-08-11,PRD-E04,64.79,7,57.74,447.05
2025-08-11,PRD-A01,72.79,4,55.8,287.52
2025-08-11,PRD-A02,129.59,8,114.99,1010.8
2025-08-11,PRD-A03,42.74,11,51.83,457.32
2025-08-11,PRD-A04,90.24,3,88.2,252.68
2025-08-11,PRD-H01,49.99,6,57.74,299.94
2025-08-11,PRD-H02,179.19,6,157.49,1003.46
2025-08-11,PRD-H03,311.99,0,270.74,0.0
2025-08-11,PRD-H04,129.99,3,131.24,389.97
2025-08-11,PRD-B01,36.1,9,37.8,321.29
2025-08-11,PRD-B02,54.0,7,60.9,378.0
2025-08-11,PRD-B03,41.59,12,36.09,492.84
2025-08-11,PRD-B04,100.79,0,76.49,0.0
2025-08-11,PRD-S01,207.99,9,180.49,1871.91
2025-08-11,PRD-S02,29.99,13,34.64,383.87
2025-08-11,PRD-S03,142.49,6,132.99,854.94
2025-08-11,PRD-S04,43.99,6,43.19,263.94
2025-08-12,PRD-E01,161.99,5,144.99,745.15
2025-08-12,PRD-E02,175.99,12,194.99,2085.48
2025-08-12,PRD-E03,219.99,15,250.95,3277.85
2025-08-12,PRD-E04,64.79,5,57.74,320.71
2025-08-12,PRD-A01,72.79,7,55.8,509.53
2025-08-12,PRD-A02,129.59,4,114.99,505.4
2025-08-12,PRD-A03,42.74,4,51.83,162.42
2025-08-12,PRD-A04,90.24,4,88.2,351.94
2025-08-12,PRD-H01,49.99,5,57.74,249.95
2025-08-12,PRD-H02,179.19,3,157.49,519.65
2025-08-12,PRD-H03,311.99,0,270.74,0.0
2025-08-12,PRD-H04,129.99,8,131.24,1007.42
2025-08-12,PRD-B01,36.1,8,37.8,288.8
2025-08-12,PRD-B02,54.0,8,60.9,429.3
2025-08-12,PRD-B03,41.59,0,36.09,0.0
2025-08-12,PRD-B04,100.79,3,76.49,302.37
2025-08-12,PRD-S01,207.99,7,180.49,1455.93
2025-08-12,PRD-S02,29.99,5,34.64,149.95
2025-08-12,PRD-S03,142.49,2,132.99,284.98
2025-08-12,PRD-S04,43.99,10,43.19,422.3
2025-08-13,PRD-E01,161.99,3,144.99,453.57
2025-08-13,PRD-E02,175.99,8,194.99,1407.92
2025-08-13,PRD-E03,219.99,16,250.95,3508.84
2025-08-13,PRD-E04,64.79,9,57.74,570.15
2025-08-13,PRD-A01,72.79,5,55.8,363.95
2025-08-13,PRD-A02,129.59,2,114.99,259.18
2025-08-13,PRD-A03,42.74,4,51.83,168.82
2025-08-13,PRD-A04,90.24,3,88.2,266.21
2025-08-13,PRD-H01,49.99,12,57.74,582.38
2025-08-13,PRD-H02,179.19,7,157.49,1254.33
2025-08-13,PRD-H03,311.99,3,270.74,935.97
2025-08-13,PRD-H04,129.99,4,131.24,519.96
2025-08-13,PRD-B01,36.1,10,37.8,355.58
2025-08-13,PRD-B02,54.0,20,60.9,1055.7
2025-08-13,PRD-B03,41.59,2,36.09,83.18
2025-08-13,PRD-B04,100.79,4,76.49,403.16
2025-08-13,PRD-S01,207.99,5,180.49,1039.95
2025-08-13,PRD-S02,29.99,8,34.64,230.92
2025-08-13,PRD-S03,142.49,5,132.99,683.95
2025-08-13,PRD-S04,43.99,10,43.19,424.5
2025-08-14,PRD-E01,161.99,7,144.99,1125.83
2025-08-14,PRD-E02,175.99,11,194.99,1935.89
2025-08-14,PRD-E03,219.99,6,250.95,1286.94
2025-08-14,PRD-E04,64.79,13,57.74,842.27
2025-08-14,PRD-A01,72.79,3,55.8,218.37
2025-08-14,PRD-A02,129.59,5,114.99,647.95
2025-08-14,PRD-A03,42.74,17,51.83,713.76
2025-08-14,PRD-A04,90.24,4,88.2,351.94
2025-08-14,PRD-H01,49.99,5,57.74,249.95
2025-08-14,PRD-H02,179.19,3,157.49,519.65
2025-08-14,PRD-H03,311.99,2,270.74,623.98
2025-08-14,PRD-H04,129.99,2,131.24,259.98
2025-08-14,PRD-B01,36.1,9,37.8,317.68
2025-08-14,PRD-B02,54.0,12,60.9,626.4
2025-08-14,PRD-B03,41.59,1,36.09,41.59
2025-08-14,PRD-B04,100.79,2,76.49,201.58
2025-08-14,PRD-S01,207.99,1,180.49,207.99
2025-08-14,PRD-S02,29.99,8,34.64,235.42
2025-08-14,PRD-S03,142.49,10,132.99,1396.4
2025-08-14,PRD-S04,43.99,8,43.19,351.92
2025-08-15,PRD-E01,161.99,10,144.99,1603.7
2025-08-15,PRD-E02,175.99,8,194.99,1372.72
2025-08-15,PRD-E03,219.99,5,250.95,967.95
2025-08-15,PRD-E04,64.79,3,57.74,187.89
2025-08-15,PRD-A01,72.79,1,55.8,72.79
2025-08-15,PRD-A02,129.59,2,114.99,259.18
2025-08-15,PRD-A03,42.74,7,51.83,299.18
2025-08-15,PRD-A04,90.24,5,88.2,433.16
2025-08-15,PRD-H01,49.99,4,57.74,199.96
2025-08-15,PRD-H02,179.19,6,157.49,1066.18
2025-08-15,PRD-H03,311.99,2,270.74,623.98
2025-08-15,PRD-H04,129.99,5,131.24,649.95
2025-08-15,PRD-B01,36.1,16,37.8,552.33
2025-08-15,PRD-B02,54.0,5,60.9,270.0
2025-08-15,PRD-B03,41.59,7,36.09,282.81
2025-08-15,PRD-B04,100.79,6,76.49,604.74
2025-08-15,PRD-S01,207.99,13,180.49,2662.27
2025-08-15,PRD-S02,29.99,6,34.64,176.94
2025-08-15,PRD-S03,142.49,7,132.99,976.06
2025-08-15,PRD-S04,43.99,8,43.19,340.92
2025-08-16,PRD-E01,161.99,2,144.99,323.98
2025-08-16,PRD-E02,175.99,12,194.99,2067.88
2025-08-16,PRD-E03,219.99,9,250.95,1979.91
2025-08-16,PRD-E04,64.79,11,57.74,690.01
2025-08-16,PRD-A01,72.79,1,55.8,72.79
2025-08-16,PRD-A02,129.59,11,114.99,1399.57
2025-08-16,PRD-A03,42.74,6,51.83,256.44
2025-08-16,PRD-A04,90.24,14,88.2,1263.36
2025-08-16,PRD-H01,49.99,11,57.74,549.89
2025-08-16,PRD-H02,179.19,14,157.49,2508.66
2025-08-16,PRD-H03,311.99,3,270.74,935.97
2025-08-16,PRD-H04,129.99,10,131.24,1260.9
2025-08-16,PRD-B01,36.1,18,37.8,626.34
2025-08-16,PRD-B02,54.0,19,60.9,1012.5
2025-08-16,PRD-B03,41.59,8,36.09,332.72
2025-08-16,PRD-B04,100.79,5,76.49,473.71
2025-08-16,PRD-S01,207.99,1,180.49,197.59
2025-08-16,PRD-S02,29.99,14,34.64,409.36
2025-08-16,PRD-S03,142.49,1,132.99,142.49
2025-08-16,PRD-S04,43.99,9,43.19,382.71
2025-08-17,PRD-E01,161.99,17,144.99,2753.83
2025-08-17,PRD-E02,175.99,11,194.99,1918.29
2025-08-17,PRD-E03,219.99,2,250.95,439.98
2025-08-17,PRD-E04,64.79,9,57.74,583.11
2025-08-17,PRD-A01,72.79,3,55.8,207.45
2025-08-17,PRD-A02,129.59,3,114.99,362.85
2025-08-17,PRD-A03,42.74,16,51.83,675.29
2025-08-17,PRD-A04,90.24,2,88.2,166.94
2025-08-17,PRD-H01,49.99,8,57.74,389.92
2025-08-17,PRD-H02,179.19,0,157.49,0.0
2025-08-17,PRD-H03,311.99,9,270.74,2807.91
2025-08-17,PRD-H04,129.99,7,131.24,903.43
2025-08-17,PRD-B01,36.1,8,37.8,288.8
2025-08-17,PRD-B02,54.0,7,60.9,367.2
2025-08-17,PRD-B03,41.59,8,36.09,326.48
2025-08-17,PRD-B04,100.79,0,76.49,0.0
2025-08-17,PRD-S01,207.99,1,180.49,197.59
2025-08-17,PRD-S02,29.99,8,34.64,238.42
2025-08-17,PRD-S03,142.49,7,132.99,968.94
2025-08-17,PRD-S04,43.99,8,43.19,343.12
2025-08-18,PRD-E01,161.99,5,144.99,809.95
2025-08-18,PRD-E02,175.99,4,194.99,695.16
2025-08-18,PRD-E03,219.99,3,250.95,593.97
2025-08-18,PRD-E04,64.79,6,57.74,388.74
2025-08-18,PRD-A01,72.79,1,55.8,72.79
2025-08-18,PRD-A02,129.59,5,114.99,634.99
2025-08-18,PRD-A03,42.74,8,51.83,341.92
2025-08-18,PRD-A04,90.24,2,88.2,175.97
2025-08-18,PRD-H01,49.99,5,57.74,249.95
2025-08-18,PRD-H02,179.19,5,157.49,752.59
2025-08-18,PRD-H03,311.99,3,270.74,935.97
2025-08-18,PRD-H04,129.99,2,131.24,259.98
2025-08-18,PRD-B01,36.1,8,37.8,283.4
2025-08-18,PRD-B02,54.0,3,60.9,156.6
2025-08-18,PRD-B03,41.59,6,36.09,249.54
2025-08-18,PRD-B04,100.79,2,76.49,181.42
2025-08-18,PRD-S01,207.99,0,180.49,0.0
2025-08-18,PRD-S02,29.99,10,34.64,299.9
2025-08-18,PRD-S03,142.49,11,132.99,1567.39
2025-08-18,PRD-S04,43.99,29,43.19,1253.71
2025-08-19,PRD-E01,161.99,2,144.99,323.98
2025-08-19,PRD-E02,175.99,2,194.99,351.98
2025-08-19,PRD-E03,219.99,10,250.95,2199.9
2025-08-19,PRD-E04,64.79,6,57.74,379.02
2025-08-19,PRD-A01,72.79,5,55.8,363.95
2025-08-19,PRD-A02,129.59,4,114.99,505.4
2025-08-19,PRD-A03,42.74,5,51.83,213.7
2025-08-19,PRD-A04,90.24,10,88.2,897.89
2025-08-19,PRD-H01,49.99,9,57.74,449.91
2025-08-19,PRD-H02,179.19,2,157.49,358.38
2025-08-19,PRD-H03,311.99,14,270.74,4118.26
2025-08-19,PRD-H04,129.99,3,131.24,376.97
2025-08-19,PRD-B01,36.1,16,37.8,577.6
2025-08-19,PRD-B02,54.0,6,60.9,324.0
2025-08-19,PRD-B03,41.59,6,36.09,239.14
2025-08-19,PRD-B04,100.79,2,76.49,201.58
2025-08-19,PRD-S01,207.99,3,180.49,613.57
2025-08-19,PRD-S02,29.99,15,34.64,448.35
2025-08-19,PRD-S03,142.49,5,132.99,676.83
2025-08-19,PRD-S04,43.99,10,43.19,439.9
2025-08-20,PRD-E01,161.99,3,144.99,485.97
2025-08-20,PRD-E02,175.99,2,194.99,351.98
2025-08-20,PRD-E03,219.99,15,250.95,3222.85
2025-08-20,PRD-E04,64.79,8,57.74,511.84
2025-08-20,PRD-A01,72.79,4,55.8,291.16
2025-08-20,PRD-A02,129.59,6,114.99,777.54
2025-08-20,PRD-A03,42.74,7,51.83,299.18
2025-08-20,PRD-A04,90.24,3,88.2,252.67
2025-08-20,PRD-H01,49.99,2,57.74,99.98
2025-08-20,PRD-H02,179.19,1,157.49,179.19
2025-08-20,PRD-H03,311.99,1,270.74,280.79
2025-08-20,PRD-H04,129.99,6,131.24,779.94
2025-08-20,PRD-B01,36.1,22,37.8,767.18
2025-08-20,PRD-B02,54.0,6,60.9,324.0
2025-08-20,PRD-B03,41.59,8,36.09,328.56
2025-08-20,PRD-B04,100.79,2,76.49,201.58
2025-08-20,PRD-S01,207.99,13,180.49,2703.87
2025-08-20,PRD-S02,29.99,5,34.64,149.95
2025-08-20,PRD-S03,142.49,11,132.99,1553.14
2025-08-20,PRD-S04,43.99,9,43.19,395.91
2025-08-21,PRD-E01,161.99,3,144.99,485.97
2025-08-21,PRD-E02,175.99,3,194.99,492.77
2025-08-21,PRD-E03,219.99,6,250.95,1319.94
2025-08-21,PRD-E04,64.79,4,57.74,259.16
2025-08-21,PRD-A01,72.79,6,55.8,429.46
2025-08-21,PRD-A02,129.59,2,114.99,259.18
2025-08-21,PRD-A03,42.74,6,51.83,256.44
2025-08-21,PRD-A04,90.24,4,88.2,360.96
2025-08-21,PRD-H01,49.99,2,57.74,99.98
2025-08-21,PRD-H02,179.19,8,157.49,1433.52
2025-08-21,PRD-H03,311.99,0,270.74,0.0
2025-08-21,PRD-H04,129.99,10,131.24,1273.9
2025-08-21,PRD-B01,36.1,13,37.8,453.07
2025-08-21,PRD-B02,54.0,8,60.9,413.1
2025-08-21,PRD-B03,41.59,8,36.09,316.08
2025-08-21,PRD-B04,100.79,1,76.49,100.79
2025-08-21,PRD-S01,207.99,2,180.49,415.98
2025-08-21,PRD-S02,29.99,14,34.64,416.86
2025-08-21,PRD-S03,142.49,7,132.99,997.43
2025-08-21,PRD-S04,43.99,12,43.19,508.08
2025-08-22,PRD-E01,161.99,10,144.99,1587.5
2025-08-22,PRD-E02,175.99,5,194.99,879.95
2025-08-22,PRD-E03,219.99,9,250.95,1957.91
2025-08-22,PRD-E04,64.79,8,57.74,518.32
2025-08-22,PRD-A01,72.79,5,55.8,363.95
2025-08-22,PRD-A02,129.59,7,114.99,894.17
2025-08-22,PRD-A03,42.74,5,51.83,213.7
2025-08-22,PRD-A04,90.24,5,88.2,451.2
2025-08-22,PRD-H01,49.99,7,57.74,349.93
2025-08-22,PRD-H02,179.19,2,157.49,340.46
2025-08-22,PRD-H03,311.99,5,270.74,1559.95
2025-08-22,PRD-H04,129.99,4,131.24,519.96
2025-08-22,PRD-B01,36.1,17,37.8,606.48
2025-08-22,PRD-B02,54.0,12,60.9,626.4
2025-08-22,PRD-B03,41.59,4,36.09,166.36
2025-08-22,PRD-B04,100.79,4,76.49,383.0
2025-08-22,PRD-S01,207.99,3,180.49,623.97
2025-08-22,PRD-S02,29.99,23,34.64,689.77
2025-08-22,PRD-S03,142.49,8,132.99,1068.7
2025-08-22,PRD-S04,43.99,19,43.19,816.01
2025-08-23,PRD-E01,161.99,7,144.99,1133.93
2025-08-23,PRD-E02,175.99,14,194.99,2463.86
2025-08-23,PRD-E03,219.99,11,250.95,2419.89
2025-08-23,PRD-E04,64.79,14,57.74,894.1
2025-08-23,PRD-A01,72.79,3,55.8,218.37
2025-08-23,PRD-A02,129.59,5,114.99,647.95
2025-08-23,PRD-A03,42.74,9,51.83,373.97
2025-08-23,PRD-A04,90.24,5,88.2,451.2
2025-08-23,PRD-H01,49.99,6,57.74,297.44
2025-08-23,PRD-H02,179.19,3,157.49,537.57
2025-08-23,PRD-H03,311.99,3,270.74,826.77
2025-08-23,PRD-H04,129.99,10,131.24,1293.4
2025-08-23,PRD-B01,36.1,18,37.8,611.9
2025-08-23,PRD-B02,54.0,12,60.9,626.4
2025-08-23,PRD-B03,41.59,9,36.09,374.31
2025-08-23,PRD-B04,100.79,5,76.49,503.95
2025-08-23,PRD-S01,207.99,10,180.49,2069.5
2025-08-23,PRD-S02,29.99,10,34.64,293.9
2025-08-23,PRD-S03,142.49,2,132.99,284.98
2025-08-23,PRD-S04,43.99,23,43.19,1000.77
2025-08-24,PRD-E01,161.99,7,144.99,1085.33
2025-08-24,PRD-E02,175.99,4,194.99,703.96
2025-08-24,PRD-E03,219.99,12,250.95,2606.88
2025-08-24,PRD-E04,64.79,25,57.74,1580.87
2025-08-24,PRD-A01,72.79,8,55.8,582.32
2025-08-24,PRD-A02,129.59,6,114.99,771.06
2025-08-24,PRD-A03,42.74,13,51.83,534.26
2025-08-24,PRD-A04,90.24,3,88.2,270.72
2025-08-24,PRD-H01,49.99,3,57.74,144.97
2025-08-24,PRD-H02,179.19,2,157.49,358.38
2025-08-24,PRD-H03,311.99,1,270.74,311.99
2025-08-24,PRD-H04,129.99,4,131.24,506.96
2025-08-24,PRD-B01,36.1,8,37.8,281.58
2025-08-24,PRD-B02,54.0,22,60.9,1147.5
2025-08-24,PRD-B03,41.59,19,36.09,759.01
2025-08-24,PRD-B04,100.79,6,76.49,599.7
2025-08-24,PRD-S01,207.99,7,180.49,1414.33
2025-08-24,PRD-S02,29.99,10,34.64,295.4
2025-08-24,PRD-S03,142.49,7,132.99,968.94
2025-08-24,PRD-S04,43.99,19,43.19,816.01
2025-08-25,PRD-E01,155.99,3,144.99,467.97
2025-08-25,PRD-E02,183.99,2,194.99,367.98
2025-08-25,PRD-E03,279.99,3,250.95,839.97
2025-08-25,PRD-E04,62.39,10,57.74,608.3
2025-08-25,PRD-A01,67.59,4,55.8,266.98
2025-08-25,PRD-A02,113.99,5,114.99,569.95
2025-08-25,PRD-A03,50.39,4,51.83,194.0
2025-08-25,PRD-A04,98.79,0,88.2,0.0
2025-08-25,PRD-H01,51.99,6,57.74,311.94
2025-08-25,PRD-H02,140.79,8,157.49,1048.88
2025-08-25,PRD-H03,311.99,4,270.74,1123.16
2025-08-25,PRD-H04,123.49,2,131.24,246.98
2025-08-25,PRD-B01,34.96,22,37.8,751.62
2025-08-25,PRD-B02,54.0,13,60.9,669.6
2025-08-25,PRD-B03,36.79,1,36.09,36.79
2025-08-25,PRD-B04,89.99,9,76.49,809.91
2025-08-25,PRD-S01,223.99,4,180.49,895.96
2025-08-25,PRD-S02,29.99,6,34.64,179.94
2025-08-25,PRD-S03,131.99,12,132.99,1583.88
2025-08-25,PRD-S04,49.99,7,43.19,339.93
2025-08-26,PRD-E01,155.99,5,144.99,772.15
2025-08-26,PRD-E02,183.99,6,194.99,1103.94
2025-08-26,PRD-E03,279.99,7,250.95,1917.93
2025-08-26,PRD-E04,62.39,13,57.74,776.75
2025-08-26,PRD-A01,67.59,5,55.8,337.95
2025-08-26,PRD-A02,113.99,7,114.99,780.83
2025-08-26,PRD-A03,50.39,5,51.83,249.43
2025-08-26,PRD-A04,98.79,4,88.2,395.16
2025-08-26,PRD-H01,51.99,6,57.74,311.94
2025-08-26,PRD-H02,140.79,9,157.49,1203.75
2025-08-26,PRD-H03,311.99,4,270.74,1247.96
2025-08-26,PRD-H04,123.49,4,131.24,469.27
2025-08-26,PRD-B01,34.96,5,37.8,174.8
2025-08-26,PRD-B02,54.0,13,60.9,702.0
2025-08-26,PRD-B03,36.79,3,36.09,108.53
2025-08-26,PRD-B04,89.99,10,76.49,899.9
2025-08-26,PRD-S01,223.99,6,180.49,1343.94
2025-08-26,PRD-S02,29.99,12,34.64,359.88
2025-08-26,PRD-S03,131.99,6,132.99,758.94
2025-08-26,PRD-S04,49.99,4,43.19,199.96
2025-08-27,PRD-E01,155.99,2,144.99,296.38
2025-08-27,PRD-E02,183.99,4,194.99,699.16
2025-08-27,PRD-E03,279.99,6,250.95,1679.94
2025-08-27,PRD-E04,62.39,15,57.74,935.85
2025-08-27,PRD-A01,67.59,3,55.8,199.39
2025-08-27,PRD-A02,113.99,8,114.99,911.92
2025-08-27,PRD-A03,50.39,10,51.83,496.34
2025-08-27,PRD-A04,98.79,5,88.2,493.95
2025-08-27,PRD-H01,51.99,5,57.74,259.95
2025-08-27,PRD-H02,140.79,3,157.49,422.37
2025-08-27,PRD-H03,311.99,2,270.74,623.98
2025-08-27,PRD-H04,123.49,2,131.24,246.98
2025-08-27,PRD-B01,34.96,9,37.8,312.89
2025-08-27,PRD-B02,54.0,11,60.9,583.2
2025-08-27,PRD-B03,36.79,14,36.09,509.54
2025-08-27,PRD-B04,89.99,4,76.49,359.96
2025-08-27,PRD-S01,223.99,4,180.49,895.96
2025-08-27,PRD-S02,29.99,8,34.64,236.92
2025-08-27,PRD-S03,131.99,2,132.99,263.98
2025-08-27,PRD-S04,49.99,6,43.19,299.94
2025-08-28,PRD-E01,155.99,10,144.99,1559.9
2025-08-28,PRD-E02,183.99,7,194.99,1278.73
2025-08-28,PRD-E03,279.99,1,250.95,279.99
2025-08-28,PRD-E04,62.39,7,57.74,433.61
2025-08-28,PRD-A01,67.59,3,55.8,196.01
2025-08-28,PRD-A02,113.99,8,114.99,911.92
2025-08-28,PRD-A03,50.39,17,51.83,851.59
2025-08-28,PRD-A04,98.79,2,88.2,177.82
2025-08-28,PRD-H01,51.99,16,57.74,826.64
2025-08-28,PRD-H02,140.79,5,157.49,696.91
2025-08-28,PRD-H03,311.99,0,270.74,0.0
2025-08-28,PRD-H04,123.49,8,131.24,950.87
2025-08-28,PRD-B01,34.96,10,37.8,346.1
2025-08-28,PRD-B02,54.0,11,60.9,588.6
2025-08-28,PRD-B03,36.79,11,36.09,395.49
2025-08-28,PRD-B04,89.99,6,76.49,521.94
2025-08-28,PRD-S01,223.99,4,180.49,895.96
2025-08-28,PRD-S02,29.99,9,34.64,268.41
2025-08-28,PRD-S03,131.99,6,132.99,785.34
2025-08-28,PRD-S04,49.99,12,43.19,599.88
2025-08-29,PRD-E01,155.99,3,144.99,452.37
2025-08-29,PRD-E02,183.99,9,194.99,1563.91
2025-08-29,PRD-E03,279.99,9,250.95,2519.91
2025-08-29,PRD-E04,62.39,5,57.74,311.95
2025-08-29,PRD-A01,67.59,3,55.8,202.77
2025-08-29,PRD-A02,113.99,4,114.99,455.96
2025-08-29,PRD-A03,50.39,6,51.83,302.34
2025-08-29,PRD-A04,98.79,5,88.2,474.19
2025-08-29,PRD-H01,51.99,3,57.74,145.57
2025-08-29,PRD-H02,140.79,0,157.49,0.0
2025-08-29,PRD-H03,311.99,4,270.74,1247.96
2025-08-29,PRD-H04,123.49,5,131.24,605.1
2025-08-29,PRD-B01,34.96,23,37.8,802.33
2025-08-29,PRD-B02,54.0,8,60.9,421.2
2025-08-29,PRD-B03,36.79,5,36.09,183.95
2025-08-29,PRD-B04,89.99,7,76.49,625.43
2025-08-29,PRD-S01,223.99,2,180.49,447.98
2025-08-29,PRD-S02,29.99,20,34.64,587.8
2025-08-29,PRD-S03,131.99,13,132.99,1715.87
2025-08-29,PRD-S04,49.99,7,43.19,337.43
2025-08-30,PRD-E01,155.99,4,144.99,584.96
2025-08-30,PRD-E02,183.99,0,194.99,0.0
2025-08-30,PRD-E03,279.99,2,250.95,545.98
2025-08-30,PRD-E04,62.39,17,57.74,1029.43
2025-08-30,PRD-A01,67.59,4,55.8,260.22
2025-08-30,PRD-A02,113.99,7,114.99,763.73
2025-08-30,PRD-A03,50.39,3,51.83,143.61
2025-08-30,PRD-A04,98.79,5,88.2,493.95
2025-08-30,PRD-H01,51.99,1,57.74,51.99
2025-08-30,PRD-H02,140.79,24,157.49,3343.76
2025-08-30,PRD-H03,311.99,0,270.74,0.0
2025-08-30,PRD-H04,123.49,11,131.24,1302.82
2025-08-30,PRD-B01,34.96,19,37.8,660.74
2025-08-30,PRD-B02,54.0,16,60.9,864.0
2025-08-30,PRD-B03,36.79,7,36.09,255.69
2025-08-30,PRD-B04,89.99,6,76.49,530.94
2025-08-30,PRD-S01,223.99,10,180.49,2239.9
2025-08-30,PRD-S02,29.99,12,34.64,346.38
2025-08-30,PRD-S03,131.99,13,132.99,1702.67
2025-08-30,PRD-S04,49.99,5,43.19,249.95
2025-08-31,PRD-E01,155.99,6,144.99,935.94
2025-08-31,PRD-E02,183.99,12,194.99,2152.68
2025-08-31,PRD-E03,279.99,4,250.95,1119.96
2025-08-31,PRD-E04,62.39,5,57.74,286.99
2025-08-31,PRD-A01,67.59,7,55.8,473.13
2025-08-31,PRD-A02,113.99,7,114.99,786.53
2025-08-31,PRD-A03,50.39,10,51.83,491.3
2025-08-31,PRD-A04,98.79,2,88.2,197.58
2025-08-31,PRD-H01,51.99,5,57.74,246.95
2025-08-31,PRD-H02,140.79,12,157.49,1654.28
2025-08-31,PRD-H03,311.99,8,270.74,2480.32
2025-08-31,PRD-H04,123.49,7,131.24,821.21
2025-08-31,PRD-B01,34.96,10,37.8,342.61
2025-08-31,PRD-B02,54.0,9,60.9,480.6
2025-08-31,PRD-B03,36.79,9,36.09,307.19
2025-08-31,PRD-B04,89.99,4,76.49,359.96
2025-08-31,PRD-S01,223.99,0,180.49,0.0
2025-08-31,PRD-S02,29.99,6,34.64,166.44
2025-08-31,PRD-S03,131.99,10,132.99,1313.3
2025-08-31,PRD-S04,49.99,8,43.19,379.92
2025-09-01,PRD-E01,155.99,3,156.59,467.97
2025-09-01,PRD-E02,183.99,13,194.99,2318.27
2025-09-01,PRD-E03,279.99,0,227.05,0.0
2025-09-01,PRD-E04,62.39,8,54.99,499.12
2025-09-01,PRD-A01,67.59,13,62.0,841.49
2025-09-01,PRD-A02,113.99,4,114.99,455.96
2025-09-01,PRD-A03,50.39,7,50.39,337.61
2025-09-01,PRD-A04,98.79,4,93.1,395.16
2025-09-01,PRD-H01,51.99,5,59.39,259.95
2025-09-01,PRD-H02,140.79,3,134.99,408.29
2025-09-01,PRD-H03,311.99,4,284.99,1247.96
2025-09-01,PRD-H04,123.49,4,118.74,493.96
2025-09-01,PRD-B01,34.96,13,42.0,450.98
2025-09-01,PRD-B02,54.0,12,55.1,645.3
2025-09-01,PRD-B03,36.79,3,36.09,110.37
2025-09-01,PRD-B04,89.99,4,91.79,359.96
2025-09-01,PRD-S01,223.99,3,189.99,671.97
2025-09-01,PRD-S02,29.99,10,31.34,281.9
2025-09-01,PRD-S03,131.99,3,139.99,395.97
2025-09-01,PRD-S04,49.99,2,43.19,99.98
2025-09-02,PRD-E01,155.99,11,156.59,1684.69
2025-09-02,PRD-E02,183.99,3,194.99,551.97
2025-09-02,PRD-E03,279.99,2,227.05,559.98
2025-09-02,PRD-E04,62.39,10,54.99,580.22
2025-09-02,PRD-A01,67.59,2,62.0,135.18
2025-09-02,PRD-A02,113.99,8,114.99,877.72
2025-09-02,PRD-A03,50.39,4,50.39,191.48
2025-09-02,PRD-A04,98.79,10,93.1,968.14
2025-09-02,PRD-H01,51.99,13,59.39,660.27
2025-09-02,PRD-H02,140.79,6,134.99,830.66
2025-09-02,PRD-H03,311.99,1,284.99,311.99
2025-09-02,PRD-H04,123.49,9,118.74,1099.07
2025-09-02,PRD-B01,34.96,15,42.0,508.66
2025-09-02,PRD-B02,54.0,8,55.1,426.6
2025-09-02,PRD-B03,36.79,7,36.09,250.17
2025-09-02,PRD-B04,89.99,5,91.79,436.45
2025-09-02,PRD-S01,223.99,7,189.99,1545.53
2025-09-02,PRD-S02,29.99,17,31.34,494.83
2025-09-02,PRD-S03,131.99,4,139.99,501.56
2025-09-02,PRD-S04,49.99,12,43.19,599.88
2025-09-03,PRD-E01,155.99,9,156.59,1388.31
2025-09-03,PRD-E02,183.99,18,194.99,3275.02
2025-09-03,PRD-E03,279.99,0,227.05,0.0
2025-09-03,PRD-E04,62.39,16,54.99,998.24
2025-09-03,PRD-A01,67.59,10,62.0,642.1
2025-09-03,PRD-A02,113.99,11,114.99,1225.39
2025-09-03,PRD-A03,50.39,7,50.39,347.69
2025-09-03,PRD-A04,98.79,7,93.1,676.71
2025-09-03,PRD-H01,51.99,8,59.39,410.72
2025-09-03,PRD-H02,140.79,2,134.99,281.58
2025-09-03,PRD-H03,311.99,3,284.99,935.97
2025-09-03,PRD-H04,123.49,3,118.74,370.47
2025-09-03,PRD-B01,34.96,16,42.0,559.36
2025-09-03,PRD-B02,54.0,23,55.1,1182.6
2025-09-03,PRD-B03,36.79,20,36.09,711.88
2025-09-03,PRD-B04,89.99,10,91.79,872.9
2025-09-03,PRD-S01,223.99,5,189.99,1086.35
2025-09-03,PRD-S02,29.99,7,31.34,206.93
2025-09-03,PRD-S03,131.99,17,139.99,2237.23
2025-09-03,PRD-S04,49.99,7,43.19,349.93
2025-09-04,PRD-E01,155.99,5,156.59,764.35
2025-09-04,PRD-E02,183.99,4,194.99,680.76
2025-09-04,PRD-E03,279.99,3,227.05,839.97
2025-09-04,PRD-E04,62.39,5,54.99,293.23
2025-09-04,PRD-A01,67.59,3,62.0,202.77
2025-09-04,PRD-A02,113.99,8,114.99,911.92
2025-09-04,PRD-A03,50.39,10,50.39,493.82
2025-09-04,PRD-A04,98.79,2,93.1,187.7
2025-09-04,PRD-H01,51.99,8,59.39,402.92
2025-09-04,PRD-H02,140.79,1,134.99,140.79
2025-09-04,PRD-H03,311.99,6,284.99,1840.74
2025-09-04,PRD-H04,123.49,3,118.74,358.12
2025-09-04,PRD-B01,34.96,11,42.0,377.56
2025-09-04,PRD-B02,54.0,5,55.1,270.0
2025-09-04,PRD-B03,36.79,4,36.09,139.8
2025-09-04,PRD-B04,89.99,10,91.79,899.9
2025-09-04,PRD-S01,223.99,2,189.99,447.98
2025-09-04,PRD-S02,29.99,21,31.34,626.79
2025-09-04,PRD-S03,131.99,4,139.99,527.96
2025-09-04,PRD-S04,49.99,8,43.19,377.42
2025-09-05,PRD-E01,155.99,7,156.59,1084.13
2025-09-05,PRD-E02,183.99,5,194.99,919.95
2025-09-05,PRD-E03,279.99,1,227.05,279.99
2025-09-05,PRD-E04,62.39,10,54.99,623.9
2025-09-05,PRD-A01,67.59,9,62.0,604.93
2025-09-05,PRD-A02,113.99,14,114.99,1595.86
2025-09-05,PRD-A03,50.39,16,50.39,770.96
2025-09-05,PRD-A04,98.79,6,93.1,563.1
2025-09-05,PRD-H01,51.99,14,59.39,727.86
2025-09-05,PRD-H02,140.79,4,134.99,527.96
2025-09-05,PRD-H03,311.99,3,284.99,935.97
2025-09-05,PRD-H04,123.49,19,118.74,2290.78
2025-09-05,PRD-B01,34.96,13,42.0,449.24
2025-09-05,PRD-B02,54.0,10,55.1,540.0
2025-09-05,PRD-B03,36.79,7,36.09,250.17
2025-09-05,PRD-B04,89.99,5,91.79,427.45
2025-09-05,PRD-S01,223.99,3,189.99,649.57
2025-09-05,PRD-S02,29.99,2,31.34,53.98
2025-09-05,PRD-S03,131.99,7,139.99,917.33
2025-09-05,PRD-S04,49.99,9,43.19,437.41
2025-09-06,PRD-E01,155.99,3,156.59,452.37
2025-09-06,PRD-E02,183.99,6,194.99,1103.94
2025-09-06,PRD-E03,279.99,4,227.05,1119.96
2025-09-06,PRD-E04,62.39,9,54.99,555.27
2025-09-06,PRD-A01,67.59,5,62.0,337.95
2025-09-06,PRD-A02,113.99,9,114.99,1020.21
2025-09-06,PRD-A03,50.39,18,50.39,886.86
2025-09-06,PRD-A04,98.79,14,93.1,1348.48
2025-09-06,PRD-H01,51.99,11,59.39,548.49
2025-09-06,PRD-H02,140.79,13,134.99,1816.19
2025-09-06,PRD-H03,311.99,1,284.99,311.99
2025-09-06,PRD-H04,123.49,7,118.74,858.26
2025-09-06,PRD-B01,34.96,26,42.0,903.71
2025-09-06,PRD-B02,54.0,8,55.1,429.3
2025-09-06,PRD-B03,36.79,9,36.09,329.27
2025-09-06,PRD-B04,89.99,16,91.79,1439.84
2025-09-06,PRD-S01,223.99,6,189.99,1343.94
2025-09-06,PRD-S02,29.99,7,31.34,199.43
2025-09-06,PRD-S03,131.99,7,139.99,923.93
2025-09-06,PRD-S04,49.99,10,43.19,499.9
2025-09-07,PRD-E01,155.99,9,156.59,1380.51
2025-09-07,PRD-E02,183.99,4,194.99,735.96
2025-09-07,PRD-E03,279.99,2,227.05,559.98
2025-09-07,PRD-E04,62.39,3,54.99,187.17
2025-09-07,PRD-A01,67.59,6,62.0,371.74
2025-09-07,PRD-A02,113.99,14,114.99,1595.86
2025-09-07,PRD-A03,50.39,8,50.39,398.08
2025-09-07,PRD-A04,98.79,9,93.1,869.35
2025-09-07,PRD-H01,51.99,8,59.39,408.12
2025-09-07,PRD-H02,140.79,4,134.99,563.16
2025-09-07,PRD-H03,311.99,2,284.99,623.98
2025-09-07,PRD-H04,123.49,2,118.74,234.63
2025-09-07,PRD-B01,34.96,12,42.0,419.52
2025-09-07,PRD-B02,54.0,25,55.1,1328.4
2025-09-07,PRD-B03,36.79,7,36.09,257.53
2025-09-07,PRD-B04,89.99,8,91.79,710.92
2025-09-07,PRD-S01,223.99,4,189.99,895.96
2025-09-07,PRD-S02,29.99,15,31.34,439.35
2025-09-07,PRD-S03,131.99,8,139.99,1055.92
2025-09-07,PRD-S04,49.99,20,43.19,952.3
2025-09-08,PRD-E01,161.99,11,156.59,1781.89
2025-09-08,PRD-E02,189.99,13,194.99,2469.87
2025-09-08,PRD-E03,269.99,11,227.05,2929.39
2025-09-08,PRD-E04,62.39,5,54.99,311.95
2025-09-08,PRD-A01,70.19,8,62.0,561.52
2025-09-08,PRD-A02,124.79,2,114.99,249.58
2025-09-08,PRD-A03,50.39,20,50.39,1005.28
2025-09-08,PRD-A04,94.99,7,93.1,655.43
2025-09-08,PRD-H01,47.49,7,59.39,330.06
2025-09-08,PRD-H02,159.99,4,134.99,639.96
2025-09-08,PRD-H03,311.99,8,284.99,2449.12
2025-09-08,PRD-H04,114.39,6,118.74,674.9
2025-09-08,PRD-B01,39.52,13,42.0,513.76
2025-09-08,PRD-B02,49.68,6,55.1,295.6
2025-09-08,PRD-B03,37.99,6,36.09,227.94
2025-09-08,PRD-B04,89.99,7,91.79,629.93
2025-09-08,PRD-S01,189.99,2,189.99,351.48
2025-09-08,PRD-S02,28.49,16,31.34,444.44
2025-09-08,PRD-S03,149.99,6,139.99,884.94
2025-09-08,PRD-S04,45.99,4,43.19,183.96
2025-09-09,PRD-E01,161.99,12,156.59,1854.78
2025-09-09,PRD-E02,189.99,5,194.99,921.45
2025-09-09,PRD-E03,269.99,4,227.05,1066.46
2025-09-09,PRD-E04,62.39,4,54.99,237.08
2025-09-09,PRD-A01,70.19,1,62.0,70.19
2025-09-09,PRD-A02,124.79,3,114.99,368.13
2025-09-09,PRD-A03,50.39,8,50.39,403.12
2025-09-09,PRD-A04,94.99,3,93.1,284.97
2025-09-09,PRD-H01,47.49,2,59.39,94.98
2025-09-09,PRD-H02,159.99,9,134.99,1327.91
2025-09-09,PRD-H03,311.99,3,284.99,920.37
2025-09-09,PRD-H04,114.39,2,118.74,217.34
2025-09-09,PRD-B01,39.52,15,42.0,573.04
2025-09-09,PRD-B02,49.68,4,55.1,198.72
2025-09-09,PRD-B03,37.99,8,36.09,300.12
2025-09-09,PRD-B04,89.99,4,91.79,359.96
2025-09-09,PRD-S01,189.99,2,189.99,379.98
2025-09-09,PRD-S02,28.49,15,31.34,427.35
2025-09-09,PRD-S03,149.99,1,139.99,149.99
2025-09-09,PRD-S04,45.99,19,43.19,873.81
2025-09-10,PRD-E01,161.99,0,156.59,0.0
2025-09-10,PRD-E02,189.99,7,194.99,1320.43
2025-09-10,PRD-E03,269.99,5,227.05,1349.95
2025-09-10,PRD-E04,62.39,17,54.99,1057.51
2025-09-10,PRD-A01,70.19,5,62.0,350.95
2025-09-10,PRD-A02,124.79,4,114.99,499.16
2025-09-10,PRD-A03,50.39,8,50.39,403.12
2025-09-10,PRD-A04,94.99,0,93.1,0.0
2025-09-10,PRD-H01,47.49,8,59.39,372.8
2025-09-10,PRD-H02,159.99,8,134.99,1279.92
2025-09-10,PRD-H03,311.99,5,284.99,1497.55
2025-09-10,PRD-H04,114.39,10,118.74,1143.9
2025-09-10,PRD-B01,39.52,12,42.0,466.32
2025-09-10,PRD-B02,49.68,13,55.1,628.45
2025-09-10,PRD-B03,37.99,10,36.09,372.3
2025-09-10,PRD-B04,89.99,3,91.79,269.97
2025-09-10,PRD-S01,189.99,5,189.99,921.45
2025-09-10,PRD-S02,28.49,6,31.34,163.82
2025-09-10,PRD-S03,149.99,7,139.99,1049.93
2025-09-10,PRD-S04,45.99,9,43.19,413.91
2025-09-11,PRD-E01,161.99,7,156.59,1133.93
2025-09-11,PRD-E02,189.99,4,194.99,740.96
2025-09-11,PRD-E03,269.99,2,227.05,539.98
2025-09-11,PRD-E04,62.39,14,54.99,836.02
2025-09-11,PRD-A01,70.19,7,62.0,484.31
2025-09-11,PRD-A02,124.79,4,114.99,492.92
2025-09-11,PRD-A03,50.39,9,50.39,450.99
2025-09-11,PRD-A04,94.99,9,93.1,854.91
2025-09-11,PRD-H01,47.49,9,59.39,427.41
2025-09-11,PRD-H02,159.99,4,134.99,631.96
2025-09-11,PRD-H03,311.99,0,284.99,0.0
2025-09-11,PRD-H04,114.39,12,118.74,1349.8
2025-09-11,PRD-B01,39.52,4,42.0,158.08
2025-09-11,PRD-B02,49.68,6,55.1,283.17
2025-09-11,PRD-B03,37.99,5,36.09,189.95
2025-09-11,PRD-B04,89.99,6,91.79,530.94
2025-09-11,PRD-S01,189.99,4,189.99,759.96
2025-09-11,PRD-S02,28.49,16,31.34,437.37
2025-09-11,PRD-S03,149.99,6,139.99,847.44
2025-09-11,PRD-S04,45.99,9,43.19,409.31
2025-09-12,PRD-E01,161.99,5,156.59,809.95
2025-09-12,PRD-E02,189.99,8,194.99,1519.92
2025-09-12,PRD-E03,269.99,2,227.05,539.98
2025-09-12,PRD-E04,62.39,10,54.99,623.9
2025-09-12,PRD-A01,70.19,4,62.0,280.76
2025-09-12,PRD-A02,124.79,3,114.99,374.37
2025-09-12,PRD-A03,50.39,4,50.39,199.04
2025-09-12,PRD-A04,94.99,5,93.1,474.95
2025-09-12,PRD-H01,47.49,5,59.39,235.08
2025-09-12,PRD-H02,159.99,9,134.99,1375.91
2025-09-12,PRD-H03,311.99,2,284.99,623.98
2025-09-12,PRD-H04,114.39,7,118.74,800.73
2025-09-12,PRD-B01,39.52,9,42.0,345.8
2025-09-12,PRD-B02,49.68,10,55.1,491.83
2025-09-12,PRD-B03,37.99,9,36.09,341.91
2025-09-12,PRD-B04,89.99,10,91.79,827.9
2025-09-12,PRD-S01,189.99,3,189.99,569.97
2025-09-12,PRD-S02,28.49,10,31.34,284.9
2025-09-12,PRD-S03,149.99,5,139.99,734.95
2025-09-12,PRD-S04,45.99,5,43.19,223.05
2025-09-13,PRD-E01,161.99,7,156.59,1085.33
2025-09-13,PRD-E02,189.99,6,194.99,1101.94
2025-09-13,PRD-E03,269.99,2,227.05,539.98
2025-09-13,PRD-E04,62.39,13,54.99,773.63
2025-09-13,PRD-A01,70.19,7,62.0,477.29
2025-09-13,PRD-A02,124.79,11,114.99,1272.85
2025-09-13,PRD-A03,50.39,7,50.39,347.69
2025-09-13,PRD-A04,94.99,6,93.1,560.44
2025-09-13,PRD-H01,47.49,10,59.39,470.15
2025-09-13,PRD-H02,159.99,8,134.99,1255.92
2025-09-13,PRD-H03,311.99,4,284.99,1247.96
2025-09-13,PRD-H04,114.39,8,118.74,915.12
2025-09-13,PRD-B01,39.52,6,42.0,233.17
2025-09-13,PRD-B02,49.68,8,55.1,389.99
2025-09-13,PRD-B03,37.99,6,36.09,224.14
2025-09-13,PRD-B04,89.99,12,91.79,1070.88
2025-09-13,PRD-S01,189.99,6,189.99,1139.94
2025-09-13,PRD-S02,28.49,13,31.34,361.83
2025-09-13,PRD-S03,149.99,5,139.99,719.95
2025-09-13,PRD-S04,45.99,13,43.19,579.47
2025-09-14,PRD-E01,161.99,14,156.59,2267.86
2025-09-14,PRD-E02,189.99,5,194.99,949.95
2025-09-14,PRD-E03,269.99,3,227.05,809.97
2025-09-14,PRD-E04,62.39,13,54.99,782.99
2025-09-14,PRD-A01,70.19,12,62.0,842.28
2025-09-14,PRD-A02,124.79,6,114.99,742.5
2025-09-14,PRD-A03,50.39,8,50.39,388.0
2025-09-14,PRD-A04,94.99,6,93.1,565.19
2025-09-14,PRD-H01,47.49,6,59.39,284.94
2025-09-14,PRD-H02,159.99,12,134.99,1919.88
2025-09-14,PRD-H03,311.99,2,284.99,623.98
2025-09-14,PRD-H04,114.39,4,118.74,457.56
2025-09-14,PRD-B01,39.52,14,42.0,537.48
2025-09-14,PRD-B02,49.68,13,55.1,635.9
2025-09-14,PRD-B03,37.99,7,36.09,258.33
2025-09-14,PRD-B04,89.99,12,91.79,1079.88
2025-09-14,PRD-S01,189.99,4,189.99,759.96
2025-09-14,PRD-S02,28.49,14,31.34,381.77
2025-09-14,PRD-S03,149.99,2,139.99,299.98
2025-09-14,PRD-S04,45.99,10,43.19,459.9
2025-09-15,PRD-E01,161.99,9,156.59,1441.71
2025-09-15,PRD-E02,189.99,7,194.99,1329.93
2025-09-15,PRD-E03,269.99,3,227.05,796.47
2025-09-15,PRD-E04,62.39,3,54.99,187.17
2025-09-15,PRD-A01,70.19,5,62.0,350.95
2025-09-15,PRD-A02,124.79,2,114.99,237.1
2025-09-15,PRD-A03,50.39,7,50.39,350.21
2025-09-15,PRD-A04,94.99,2,93.1,180.48
2025-09-15,PRD-H01,47.49,16,59.39,757.47
2025-09-15,PRD-H02,159.99,5,134.99,799.95
2025-09-15,PRD-H03,311.99,0,284.99,0.0
2025-09-15,PRD-H04,114.39,7,118.74,800.73
2025-09-15,PRD-B01,39.52,14,42.0,553.28
2025-09-15,PRD-B02,49.68,9,55.1,424.76
2025-09-15,PRD-B03,37.99,7,36.09,262.13
2025-09-15,PRD-B04,89.99,8,91.79,706.42
2025-09-15,PRD-S01,189.99,1,189.99,189.99
2025-09-15,PRD-S02,28.49,5,31.34,139.6
2025-09-15,PRD-S03,149.99,10,139.99,1484.9
2025-09-15,PRD-S04,45.99,11,43.19,501.29
2025-09-16,PRD-E01,161.99,7,156.59,1085.33
2025-09-16,PRD-E02,189.99,2,194.99,351.48
2025-09-16,PRD-E03,269.99,1,227.05,269.99
2025-09-16,PRD-E04,62.39,22,54.99,1356.98
2025-09-16,PRD-A01,70.19,11,62.0,772.09
2025-09-16,PRD-A02,124.79,2,114.99,249.58
2025-09-16,PRD-A03,50.39,8,50.39,393.04
2025-09-16,PRD-A04,94.99,4,93.1,375.21
2025-09-16,PRD-H01,47.49,15,59.39,693.35
2025-09-16,PRD-H02,159.99,7,134.99,1111.93
2025-09-16,PRD-H03,311.99,4,284.99,1247.96
2025-09-16,PRD-H04,114.39,8,118.74,909.4
2025-09-16,PRD-B01,39.52,17,42.0,652.07
2025-09-16,PRD-B02,49.68,11,55.1,544.0
2025-09-16,PRD-B03,37.99,7,36.09,256.43
2025-09-16,PRD-B04,89.99,8,91.79,652.42
2025-09-16,PRD-S01,189.99,3,189.99,531.97
2025-09-16,PRD-S02,28.49,12,31.34,337.61
2025-09-16,PRD-S03,149.99,3,139.99,449.97
2025-09-16,PRD-S04,45.99,7,43.19,305.83
2025-09-17,PRD-E01,161.99,13,156.59,2049.17
2025-09-17,PRD-E02,189.99,4,194.99,750.46
2025-09-17,PRD-E03,269.99,1,227.05,269.99
2025-09-17,PRD-E04,62.39,5,54.99,308.83
2025-09-17,PRD-A01,70.19,5,62.0,343.93
2025-09-17,PRD-A02,124.79,5,114.99,580.27
2025-09-17,PRD-A03,50.39,6,50.39,302.34
2025-09-17,PRD-A04,94.99,3,93.1,261.22
2025-09-17,PRD-H01,47.49,8,59.39,379.92
2025-09-17,PRD-H02,159.99,5,134.99,783.95
2025-09-17,PRD-H03,311.99,2,284.99,623.98
2025-09-17,PRD-H04,114.39,3,118.74,337.45
2025-09-17,PRD-B01,39.52,10,42.0,373.46
2025-09-17,PRD-B02,49.68,18,55.1,891.76
2025-09-17,PRD-B03,37.99,4,36.09,151.96
2025-09-17,PRD-B04,89.99,9,91.79,809.91
2025-09-17,PRD-S01,189.99,4,189.99,750.46
2025-09-17,PRD-S02,28.49,11,31.34,302.0
2025-09-17,PRD-S03,149.99,3,139.99,449.97
2025-09-17,PRD-S04,45.99,15,43.19,676.05
2025-09-18,PRD-E01,161.99,8,156.59,1263.52
2025-09-18,PRD-E02,189.99,9,194.99,1709.91
2025-09-18,PRD-E03,269.99,4,227.05,917.96
2025-09-18,PRD-E04,62.39,7,54.99,408.65
2025-09-18,PRD-A01,70.19,5,62.0,350.95
2025-09-18,PRD-A02,124.79,9,114.99,1104.39
2025-09-18,PRD-A03,50.39,2,50.39,100.78
2025-09-18,PRD-A04,94.99,6,93.1,550.94
2025-09-18,PRD-H01,47.49,5,59.39,237.45
2025-09-18,PRD-H02,159.99,5,134.99,799.95
2025-09-18,PRD-H03,311.99,4,284.99,1247.96
2025-09-18,PRD-H04,114.39,5,118.74,509.03
2025-09-18,PRD-B01,39.52,5,42.0,191.67
2025-09-18,PRD-B02,49.68,6,55.1,295.6
2025-09-18,PRD-B03,37.99,11,36.09,417.89
2025-09-18,PRD-B04,89.99,7,91.79,616.43
2025-09-18,PRD-S01,189.99,5,189.99,883.45
2025-09-18,PRD-S02,28.49,9,31.34,253.56
2025-09-18,PRD-S03,149.99,9,139.99,1349.91
2025-09-18,PRD-S04,45.99,6,43.19,271.34
2025-09-19,PRD-E01,161.99,5,156.59,793.75
2025-09-19,PRD-E02,189.99,6,194.99,1139.94
2025-09-19,PRD-E03,269.99,0,227.05,0.0
2025-09-19,PRD-E04,62.39,6,54.99,361.86
2025-09-19,PRD-A01,70.19,6,62.0,421.14
2025-09-19,PRD-A02,124.79,6,114.99,742.5
2025-09-19,PRD-A03,50.39,11,50.39,554.29
2025-09-19,PRD-A04,94.99,4,93.1,375.21
2025-09-19,PRD-H01,47.49,2,59.39,94.98
2025-09-19,PRD-H02,159.99,7,134.99,1119.93
2025-09-19,PRD-H03,311.99,13,284.99,4040.27
2025-09-19,PRD-H04,114.39,4,118.74,451.84
2025-09-19,PRD-B01,39.52,10,42.0,393.22
2025-09-19,PRD-B02,49.68,12,55.1,581.26
2025-09-19,PRD-B03,37.99,4,36.09,151.96
2025-09-19,PRD-B04,89.99,5,91.79,449.95
2025-09-19,PRD-S01,189.99,7,189.99,1310.93
2025-09-19,PRD-S02,28.49,12,31.34,341.88
2025-09-19,PRD-S03,149.99,7,139.99,1019.93
2025-09-19,PRD-S04,45.99,2,43.19,91.98
2025-09-20,PRD-E01,161.99,8,156.59,1271.62
2025-09-20,PRD-E02,189.99,5,194.99,940.45
2025-09-20,PRD-E03,269.99,6,227.05,1619.94
2025-09-20,PRD-E04,62.39,13,54.99,798.59
2025-09-20,PRD-A01,70.19,8,62.0,540.46
2025-09-20,PRD-A02,124.79,17,114.99,2090.23
2025-09-20,PRD-A03,50.39,16,50.39,806.24
2025-09-20,PRD-A04,94.99,4,93.1,379.96
2025-09-20,PRD-H01,47.49,10,59.39,465.41
2025-09-20,PRD-H02,159.99,6,134.99,943.94
2025-09-20,PRD-H03,311.99,4,284.99,1247.96
2025-09-20,PRD-H04,114.39,2,118.74,228.78
2025-09-20,PRD-B01,39.52,12,42.0,464.36
2025-09-20,PRD-B02,49.68,13,55.1,645.84
2025-09-20,PRD-B03,37.99,3,36.09,112.07
2025-09-20,PRD-B04,89.99,3,91.79,269.97
2025-09-20,PRD-S01,189.99,7,189.99,1310.93
2025-09-20,PRD-S02,28.49,17,31.34,467.26
2025-09-20,PRD-S03,149.99,9,139.99,1274.91
2025-09-20,PRD-S04,45.99,10,43.19,455.3
2025-09-21,PRD-E01,161.99,5,156.59,793.75
2025-09-21,PRD-E02,189.99,11,194.99,1937.89
2025-09-21,PRD-E03,269.99,0,227.05,0.0
2025-09-21,PRD-E04,62.39,1,54.99,62.39
2025-09-21,PRD-A01,70.19,9,62.0,631.71
2025-09-21,PRD-A02,124.79,2,114.99,249.58
2025-09-21,PRD-A03,50.39,17,50.39,854.11
2025-09-21,PRD-A04,94.99,15,93.1,1424.85
2025-09-21,PRD-H01,47.49,7,59.39,332.43
2025-09-21,PRD-H02,159.99,1,134.99,159.99
2025-09-21,PRD-H03,311.99,6,284.99,1856.34
2025-09-21,PRD-H04,114.39,3,118.74,343.17
2025-09-21,PRD-B01,39.52,8,42.0,316.16
2025-09-21,PRD-B02,49.68,18,55.1,891.76
2025-09-21,PRD-B03,37.99,11,36.09,415.99
2025-09-21,PRD-B04,89.99,3,91.79,269.97
2025-09-21,PRD-S01,189.99,7,189.99,1310.93
2025-09-21,PRD-S02,28.49,12,31.34,341.88
2025-09-21,PRD-S03,149.99,3,139.99,434.97
2025-09-21,PRD-S04,45.99,15,43.19,687.55
2025-09-22,PRD-E01,149.99,12,152.24,1799.88
2025-09-22,PRD-E02,175.99,1,194.99,175.99
2025-09-22,PRD-E03,259.99,2,215.1,519.98
2025-09-22,PRD-E04,67.19,15,54.99,1007.85
2025-09-22,PRD-A01,67.59,2,65.1,128.42
2025-09-22,PRD-A02,119.99,1,103.49,119.99
2025-09-22,PRD-A03,41.39,13,45.59,538.07
2025-09-22,PRD-A04,94.99,2,98.0,189.98
2025-09-22,PRD-H01,47.49,11,57.74,522.39
2025-09-22,PRD-H02,147.19,3,157.49,441.57
2025-09-22,PRD-H03,311.99,3,284.99,920.37
2025-09-22,PRD-H04,135.19,6,124.99,763.82
2025-09-22,PRD-B01,42.56,9,37.8,374.53
2025-09-22,PRD-B02,60.48,9,60.9,508.03
2025-09-22,PRD-B03,39.99,12,36.09,475.88
2025-09-22,PRD-B04,79.19,4,80.74,308.84
2025-09-22,PRD-S01,223.99,2,189.99,447.98
2025-09-22,PRD-S02,26.39,10,32.99,250.7
2025-09-22,PRD-S03,137.99,3,139.99,413.97
2025-09-22,PRD-S04,51.99,4,50.39,207.96
2025-09-23,PRD-E01,149.99,4,152.24,569.96
2025-09-23,PRD-E02,175.99,12,194.99,2111.88
2025-09-23,PRD-E03,259.99,3,215.1,727.97
2025-09-23,PRD-E04,67.19,3,54.99,201.57
2025-09-23,PRD-A01,67.59,2,65.1,135.18
2025-09-23,PRD-A02,119.99,5,103.49,581.95
2025-09-23,PRD-A03,41.39,9,45.59,368.37
2025-09-23,PRD-A04,94.99,3,98.0,275.47
2025-09-23,PRD-H01,47.49,6,57.74,282.57
2025-09-23,PRD-H02,147.19,7,157.49,1030.33
2025-09-23,PRD-H03,311.99,5,284.99,1544.35
2025-09-23,PRD-H04,135.19,8,124.99,1054.48
2025-09-23,PRD-B01,42.56,3,37.8,123.42
2025-09-23,PRD-B02,60.48,27,60.9,1626.92
2025-09-23,PRD-B03,39.99,14,36.09,559.86
2025-09-23,PRD-B04,79.19,4,80.74,316.76
2025-09-23,PRD-S01,223.99,1,189.99,223.99
2025-09-23,PRD-S02,26.39,5,32.99,131.95
2025-09-23,PRD-S03,137.99,3,139.99,413.97
2025-09-23,PRD-S04,51.99,8,50.39,410.72
2025-09-24,PRD-E01,149.99,5,152.24,749.95
2025-09-24,PRD-E02,175.99,8,194.99,1399.12
2025-09-24,PRD-E03,259.99,4,215.1,1039.96
2025-09-24,PRD-E04,67.19,6,54.99,403.14
2025-09-24,PRD-A01,67.59,5,65.1,337.95
2025-09-24,PRD-A02,119.99,13,103.49,1553.87
2025-09-24,PRD-A03,41.39,6,45.59,246.27
2025-09-24,PRD-A04,94.99,8,98.0,759.92
2025-09-24,PRD-H01,47.49,8,57.74,363.3
2025-09-24,PRD-H02,147.19,10,157.49,1449.82
2025-09-24,PRD-H03,311.99,8,284.99,2495.92
2025-09-24,PRD-H04,135.19,10,124.99,1345.14
2025-09-24,PRD-B01,42.56,12,37.8,500.08
2025-09-24,PRD-B02,60.48,8,60.9,477.79
2025-09-24,PRD-B03,39.99,7,36.09,269.93
2025-09-24,PRD-B04,79.19,4,80.74,308.84
2025-09-24,PRD-S01,223.99,0,189.99,0.0
2025-09-24,PRD-S02,26.39,13,32.99,341.75
2025-09-24,PRD-S03,137.99,2,139.99,275.98
2025-09-24,PRD-S04,51.99,13,50.39,675.87
2025-09-25,PRD-E01,149.99,6,152.24,877.44
2025-09-25,PRD-E02,175.99,5,194.99,879.95
2025-09-25,PRD-E03,259.99,0,215.1,0.0
2025-09-25,PRD-E04,67.19,7,54.99,470.33
2025-09-25,PRD-A01,67.59,6,65.1,395.4
2025-09-25,PRD-A02,119.99,2,103.49,227.98
2025-09-25,PRD-A03,41.39,13,45.59,496.67
2025-09-25,PRD-A04,94.99,4,98.0,379.96
2025-09-25,PRD-H01,47.49,9,57.74,422.66
2025-09-25,PRD-H02,147.19,3,157.49,434.21
2025-09-25,PRD-H03,311.99,3,284.99,935.97
2025-09-25,PRD-H04,135.19,2,124.99,270.38
2025-09-25,PRD-B01,42.56,22,37.8,923.55
2025-09-25,PRD-B02,60.48,8,60.9,468.72
2025-09-25,PRD-B03,39.99,19,36.09,755.81
2025-09-25,PRD-B04,79.19,1,80.74,79.19
2025-09-25,PRD-S01,223.99,4,189.99,895.96
2025-09-25,PRD-S02,26.39,10,32.99,248.06
2025-09-25,PRD-S03,137.99,5,139.99,662.35
2025-09-25,PRD-S04,51.99,8,50.39,410.72
2025-09-26,PRD-E01,149.99,8,152.24,1169.92
2025-09-26,PRD-E02,175.99,7,194.99,1231.93
2025-09-26,PRD-E03,259.99,0,215.1,0.0
2025-09-26,PRD-E04,67.19,10,54.99,671.9
2025-09-26,PRD-A01,67.59,9,65.1,594.79
2025-09-26,PRD-A02,119.99,6,103.49,719.94
2025-09-26,PRD-A03,41.39,6,45.59,235.92
2025-09-26,PRD-A04,94.99,2,98.0,189.98
2025-09-26,PRD-H01,47.49,6,57.74,268.32
2025-09-26,PRD-H02,147.19,17,157.49,2391.83
2025-09-26,PRD-H03,311.99,5,284.99,1559.95
2025-09-26,PRD-H04,135.19,2,124.99,270.38
2025-09-26,PRD-B01,42.56,4,37.8,168.11
2025-09-26,PRD-B02,60.48,1,60.9,60.48
2025-09-26,PRD-B03,39.99,3,36.09,117.97
2025-09-26,PRD-B04,79.19,7,80.74,554.33
2025-09-26,PRD-S01,223.99,10,189.99,2071.9
2025-09-26,PRD-S02,26.39,5,32.99,127.99
2025-09-26,PRD-S03,137.99,2,139.99,248.38
2025-09-26,PRD-S04,51.99,10,50.39,519.9
2025-09-27,PRD-E01,149.99,11,152.24,1484.89
2025-09-27,PRD-E02,175.99,6,194.99,967.94
2025-09-27,PRD-E03,259.99,1,215.1,259.99
2025-09-27,PRD-E04,67.19,7,54.99,470.33
2025-09-27,PRD-A01,67.59,11,65.1,733.35
2025-09-27,PRD-A02,119.99,7,103.49,839.93
2025-09-27,PRD-A03,41.39,5,45.59,206.95
2025-09-27,PRD-A04,94.99,7,98.0,664.93
2025-09-27,PRD-H01,47.49,16,57.74,745.61
2025-09-27,PRD-H02,147.19,7,157.49,986.17
2025-09-27,PRD-H03,311.99,1,284.99,311.99
2025-09-27,PRD-H04,135.19,6,124.99,811.14
2025-09-27,PRD-B01,42.56,4,37.8,170.24
2025-09-27,PRD-B02,60.48,13,60.9,771.12
2025-09-27,PRD-B03,39.99,8,36.09,317.92
2025-09-27,PRD-B04,79.19,3,80.74,237.57
2025-09-27,PRD-S01,223.99,4,189.99,851.16
2025-09-27,PRD-S02,26.39,24,32.99,630.72
2025-09-27,PRD-S03,137.99,5,139.99,662.35
2025-09-27,PRD-S04,51.99,8,50.39,413.32
2025-09-28,PRD-E01,149.99,6,152.24,869.94
2025-09-28,PRD-E02,175.99,5,194.99,871.15
2025-09-28,PRD-E03,259.99,2,215.1,519.98
2025-09-28,PRD-E04,67.19,20,54.99,1310.2
2025-09-28,PRD-A01,67.59,14,65.1,936.12
2025-09-28,PRD-A02,119.99,7,103.49,833.93
2025-09-28,PRD-A03,41.39,16,45.59,629.12
2025-09-28,PRD-A04,94.99,10,98.0,949.9
2025-09-28,PRD-H01,47.49,3,57.74,142.47
2025-09-28,PRD-H02,147.19,8,157.49,1081.84
2025-09-28,PRD-H03,311.99,2,284.99,623.98
2025-09-28,PRD-H04,135.19,5,124.99,669.19
2025-09-28,PRD-B01,42.56,13,37.8,544.77
2025-09-28,PRD-B02,60.48,21,60.9,1230.78
2025-09-28,PRD-B03,39.99,4,36.09,159.96
2025-09-28,PRD-B04,79.19,2,80.74,150.46
2025-09-28,PRD-S01,223.99,7,189.99,1523.13
2025-09-28,PRD-S02,26.39,9,32.99,213.75
2025-09-28,PRD-S03,137.99,18,139.99,2483.82
2025-09-28,PRD-S04,51.99,12,50.39,597.88
2025-09-29,PRD-E01,149.99,8,152.24,1124.92
2025-09-29,PRD-E02,175.99,9,194.99,1548.71
2025-09-29,PRD-E03,259.99,0,215.1,0.0
2025-09-29,PRD-E04,67.19,11,54.99,725.65
2025-09-29,PRD-A01,67.59,12,65.1,811.08
2025-09-29,PRD-A02,119.99,6,103.49,695.94
2025-09-29,PRD-A03,41.39,6,45.59,248.34
2025-09-29,PRD-A04,94.99,5,98.0,470.2
2025-09-29,PRD-H01,47.49,10,57.74,465.4
2025-09-29,PRD-H02,147.19,3,157.49,434.21
2025-09-29,PRD-H03,311.99,1,284.99,311.99
2025-09-29,PRD-H04,135.19,3,124.99,405.57
2025-09-29,PRD-B01,42.56,14,37.8,591.58
2025-09-29,PRD-B02,60.48,13,60.9,777.17
2025-09-29,PRD-B03,39.99,11,36.09,433.89
2025-09-29,PRD-B04,79.19,18,80.74,1425.42
2025-09-29,PRD-S01,223.99,1,189.99,223.99
2025-09-29,PRD-S02,26.39,17,32.99,445.99
2025-09-29,PRD-S03,137.99,10,139.99,1379.9
2025-09-29,PRD-S04,51.99,7,50.39,363.93
2025-09-30,PRD-E01,149.99,5,152.24,734.95
2025-09-30,PRD-E02,175.99,5,194.99,853.55
2025-09-30,PRD-E03,259.99,0,215.1,0.0
2025-09-30,PRD-E04,67.19,5,54.99,309.07
2025-09-30,PRD-A01,67.59,6,65.1,405.54
2025-09-30,PRD-A02,119.99,3,103.49,359.97
2025-09-30,PRD-A03,41.39,11,45.59,449.08
2025-09-30,PRD-A04,94.99,6,98.0,569.94
2025-09-30,PRD-H01,47.49,17,57.74,795.47
2025-09-30,PRD-H02,147.19,10,157.49,1471.9
2025-09-30,PRD-H03,311.99,0,284.99,0.0
2025-09-30,PRD-H04,135.19,5,124.99,675.95
2025-09-30,PRD-B01,42.56,12,37.8,493.68
2025-09-30,PRD-B02,60.48,22,60.9,1279.14
2025-09-30,PRD-B03,39.99,16,36.09,631.84
2025-09-30,PRD-B04,79.19,4,80.74,312.8
2025-09-30,PRD-S01,223.99,3,189.99,649.57
2025-09-30,PRD-S02,26.39,12,32.99,311.4
2025-09-30,PRD-S03,137.99,6,139.99,827.94
2025-09-30,PRD-S04,51.99,9,50.39,467.91
2025-10-01,PRD-E01,149.99,6,152.24,899.94
2025-10-01,PRD-E02,175.99,5,194.99,879.95
2025-10-01,PRD-E03,259.99,3,215.1,779.97
2025-10-01,PRD-E04,67.19,3,54.99,201.57
2025-10-01,PRD-A01,67.59,7,65.1,473.13
2025-10-01,PRD-A02,119.99,3,103.49,359.97
2025-10-01,PRD-A03,41.39,9,45.59,362.16
2025-10-01,PRD-A04,94.99,14,98.0,1306.11
2025-10-01,PRD-H01,47.49,27,57.74,1277.48
2025-10-01,PRD-H02,147.19,4,157.49,588.76
2025-10-01,PRD-H03,311.99,2,284.99,623.98
2025-10-01,PRD-H04,135.19,3,124.99,405.57
2025-10-01,PRD-B01,42.56,26,37.8,1102.3
2025-10-01,PRD-B02,60.48,9,60.9,535.25
2025-10-01,PRD-B03,39.99,5,36.09,191.95
2025-10-01,PRD-B04,79.19,8,80.74,633.52
2025-10-01,PRD-S01,223.99,3,189.99,638.37
2025-10-01,PRD-S02,26.39,8,32.99,208.48
2025-10-01,PRD-S03,137.99,3,139.99,413.97
2025-10-01,PRD-S04,51.99,2,50.39,103.98
2025-10-02,PRD-E01,149.99,8,152.24,1199.92
2025-10-02,PRD-E02,175.99,8,194.99,1346.32
2025-10-02,PRD-E03,259.99,0,215.1,0.0
2025-10-02,PRD-E04,67.19,12,54.99,792.84
2025-10-02,PRD-A01,67.59,13,65.1,865.15
2025-10-02,PRD-A02,119.99,6,103.49,719.94
2025-10-02,PRD-A03,41.39,6,45.59,246.27
2025-10-02,PRD-A04,94.99,11,98.0,1006.89
2025-10-02,PRD-H01,47.49,9,57.74,427.41
2025-10-02,PRD-H02,147.19,12,157.49,1648.52
2025-10-02,PRD-H03,311.99,1,284.99,311.99
2025-10-02,PRD-H04,135.19,4,124.99,540.76
2025-10-02,PRD-B01,42.56,14,37.8,587.32
2025-10-02,PRD-B02,60.48,9,60.9,544.32
2025-10-02,PRD-B03,39.99,12,36.09,447.88
2025-10-02,PRD-B04,79.19,3,80.74,237.57
2025-10-02,PRD-S01,223.99,4,189.99,873.56
2025-10-02,PRD-S02,26.39,14,32.99,369.46
2025-10-02,PRD-S03,137.99,1,139.99,137.99
2025-10-02,PRD-S04,51.99,15,50.39,779.85
2025-10-03,PRD-E01,149.99,16,152.24,2279.84
2025-10-03,PRD-E02,175.99,20,194.99,3273.4
2025-10-03,PRD-E03,259.99,2,215.1,519.98
2025-10-03,PRD-E04,67.19,6,54.99,389.7
2025-10-03,PRD-A01,67.59,7,65.1,473.13
2025-10-03,PRD-A02,119.99,3,103.49,359.97
2025-10-03,PRD-A03,41.39,18,45.59,745.02
2025-10-03,PRD-A04,94.99,2,98.0,189.98
2025-10-03,PRD-H01,47.49,8,57.74,360.93
2025-10-03,PRD-H02,147.19,3,157.49,441.57
2025-10-03,PRD-H03,311.99,4,284.99,1247.96
2025-10-03,PRD-H04,135.19,7,124.99,885.49
2025-10-03,PRD-B01,42.56,12,37.8,504.33
2025-10-03,PRD-B02,60.48,7,60.9,414.29
2025-10-03,PRD-B03,39.99,9,36.09,355.91
2025-10-03,PRD-B04,79.19,7,80.74,554.33
2025-10-03,PRD-S01,223.99,1,189.99,201.59
2025-10-03,PRD-S02,26.39,11,32.99,286.33
2025-10-03,PRD-S03,137.99,6,139.99,821.04
2025-10-03,PRD-S04,51.99,3,50.39,153.37
2025-10-04,PRD-E01,149.99,11,152.24,1634.89
2025-10-04,PRD-E02,175.99,23,194.99,4047.77
2025-10-04,PRD-E03,259.99,5,215.1,1286.95
2025-10-04,PRD-E04,67.19,14,54.99,933.94
2025-10-04,PRD-A01,67.59,16,65.1,1040.88
2025-10-04,PRD-A02,119.99,3,103.49,335.97
2025-10-04,PRD-A03,41.39,15,45.59,587.73
2025-10-04,PRD-A04,94.99,14,98.0,1329.86
2025-10-04,PRD-H01,47.49,9,57.74,427.41
2025-10-04,PRD-H02,147.19,10,157.49,1390.94
2025-10-04,PRD-H03,311.99,1,284.99,311.99
2025-10-04,PRD-H04,135.19,3,124.99,405.57
2025-10-04,PRD-B01,42.56,14,37.8,580.95
2025-10-04,PRD-B02,60.48,20,60.9,1170.28
2025-10-04,PRD-B03,39.99,7,36.09,279.93
2025-10-04,PRD-B04,79.19,3,80.74,229.65
2025-10-04,PRD-S01,223.99,9,189.99,1948.71
2025-10-04,PRD-S02,26.39,11,32.99,286.33
2025-10-04,PRD-S03,137.99,11,139.99,1510.99
2025-10-04,PRD-S04,51.99,10,50.39,480.9
2025-10-05,PRD-E01,149.99,0,152.24,0.0
2025-10-05,PRD-E02,175.99,9,194.99,1583.91
2025-10-05,PRD-E03,259.99,0,215.1,0.0
2025-10-05,PRD-E04,67.19,6,54.99,403.14
2025-10-05,PRD-A01,67.59,6,65.1,398.78
2025-10-05,PRD-A02,119.99,3,103.49,359.97
2025-10-05,PRD-A03,41.39,12,45.59,484.26
2025-10-05,PRD-A04,94.99,7,98.0,660.18
2025-10-05,PRD-H01,47.49,10,57.74,467.78
2025-10-05,PRD-H02,147.19,8,157.49,1170.16
2025-10-05,PRD-H03,311.99,4,284.99,1185.56
2025-10-05,PRD-H04,135.19,5,124.99,648.91
2025-10-05,PRD-B01,42.56,6,37.8,248.97
2025-10-05,PRD-B02,60.48,8,60.9,468.72
2025-10-05,PRD-B03,39.99,8,36.09,305.92
2025-10-05,PRD-B04,79.19,1,80.74,79.19
2025-10-05,PRD-S01,223.99,6,189.99,1343.94
2025-10-05,PRD-S02,26.39,7,32.99,182.09
2025-10-05,PRD-S03,137.99,4,139.99,551.96
2025-10-05,PRD-S04,51.99,5,50.39,259.95
2025-10-06,PRD-E01,142.49,15,152.24,2130.23
2025-10-06,PRD-E02,175.99,4,194.99,686.36
2025-10-06,PRD-E03,229.99,2,215.1,459.98
2025-10-06,PRD-E04,62.39,3,54.99,177.81
2025-10-06,PRD-A01,57.19,9,65.1,511.85
2025-10-06,PRD-A02,134.39,6,103.49,799.62
2025-10-06,PRD-A03,42.74,13,45.59,555.62
2025-10-06,PRD-A04,94.99,12,98.0,1135.13
2025-10-06,PRD-H01,45.99,5,57.74,218.45
2025-10-06,PRD-H02,159.99,13,157.49,1807.87
2025-10-06,PRD-H03,311.99,0,284.99,0.0
2025-10-06,PRD-H04,119.59,6,124.99,717.54
2025-10-06,PRD-B01,34.96,13,37.8,449.24
2025-10-06,PRD-B02,47.52,10,60.9,468.07
2025-10-06,PRD-B03,43.19,2,36.09,86.38
2025-10-06,PRD-B04,89.99,5,80.74,436.45
2025-10-06,PRD-S01,199.99,3,189.99,599.97
2025-10-06,PRD-S02,29.99,10,32.99,287.9
2025-10-06,PRD-S03,167.99,3,139.99,503.97
2025-10-06,PRD-S04,53.99,9,50.39,483.21
2025-10-07,PRD-E01,142.49,21,152.24,2913.94
2025-10-07,PRD-E02,175.99,1,194.99,175.99
2025-10-07,PRD-E03,229.99,5,215.1,1149.95
2025-10-07,PRD-E04,62.39,9,54.99,558.39
2025-10-07,PRD-A01,57.19,7,65.1,388.89
2025-10-07,PRD-A02,134.39,6,103.49,772.74
2025-10-07,PRD-A03,42.74,18,45.59,758.64
2025-10-07,PRD-A04,94.99,4,98.0,375.21
2025-10-07,PRD-H01,45.99,10,57.74,459.9
2025-10-07,PRD-H02,159.99,8,157.49,1247.92
2025-10-07,PRD-H03,311.99,0,284.99,0.0
2025-10-07,PRD-H04,119.59,5,124.99,585.99
2025-10-07,PRD-B01,34.96,12,37.8,412.53
2025-10-07,PRD-B02,47.52,6,60.9,282.74
2025-10-07,PRD-B03,43.19,2,36.09,82.06
2025-10-07,PRD-B04,89.99,9,80.74,791.91
2025-10-07,PRD-S01,199.99,7,189.99,1399.93
2025-10-07,PRD-S02,29.99,14,32.99,416.86
2025-10-07,PRD-S03,167.99,3,139.99,503.97
2025-10-07,PRD-S04,53.99,5,50.39,264.55
2025-10-08,PRD-E01,142.49,10,152.24,1403.53
2025-10-08,PRD-E02,175.99,8,194.99,1381.52
2025-10-08,PRD-E03,229.99,1,215.1,229.99
2025-10-08,PRD-E04,62.39,2,54.99,124.78
2025-10-08,PRD-A01,57.19,9,65.1,511.85
2025-10-08,PRD-A02,134.39,1,103.49,134.39
2025-10-08,PRD-A03,42.74,7,45.59,290.64
2025-10-08,PRD-A04,94.99,8,98.0,755.17
2025-10-08,PRD-H01,45.99,9,57.74,413.91
2025-10-08,PRD-H02,159.99,6,157.49,951.94
2025-10-08,PRD-H03,311.99,8,284.99,2495.92
2025-10-08,PRD-H04,119.59,4,124.99,478.36
2025-10-08,PRD-B01,34.96,8,37.8,279.68
2025-10-08,PRD-B02,47.52,11,60.9,522.72
2025-10-08,PRD-B03,43.19,2,36.09,86.38
2025-10-08,PRD-B04,89.99,2,80.74,179.98
2025-10-08,PRD-S01,199.99,10,189.99,1999.9
2025-10-08,PRD-S02,29.99,12,32.99,356.88
2025-10-08,PRD-S03,167.99,3,139.99,503.97
2025-10-08,PRD-S04,53.99,3,50.39,161.97
2025-10-09,PRD-E01,142.49,2,152.24,284.98
2025-10-09,PRD-E02,175.99,10,194.99,1759.9
2025-10-09,PRD-E03,229.99,7,215.1,1586.93
2025-10-09,PRD-E04,62.39,2,54.99,118.54
2025-10-09,PRD-A01,57.19,7,65.1,400.33
2025-10-09,PRD-A02,134.39,2,103.49,268.78
2025-10-09,PRD-A03,42.74,14,45.59,585.55
2025-10-09,PRD-A04,94.99,5,98.0,474.95
2025-10-09,PRD-H01,45.99,12,57.74,544.98
2025-10-09,PRD-H02,159.99,5,157.49,799.95
2025-10-09,PRD-H03,311.99,4,284.99,1185.56
2025-10-09,PRD-H04,119.59,11,124.99,1315.49
2025-10-09,PRD-B01,34.96,20,37.8,683.48
2025-10-09,PRD-B02,47.52,9,60.9,427.68
2025-10-09,PRD-B03,43.19,8,36.09,343.36
2025-10-09,PRD-B04,89.99,0,80.74,0.0
2025-10-09,PRD-S01,199.99,5,189.99,999.95
2025-10-09,PRD-S02,29.99,11,32.99,328.39
2025-10-09,PRD-S03,167.99,0,139.99,0.0
2025-10-09,PRD-S04,53.99,5,50.39,269.95
2025-10-10,PRD-E01,142.49,10,152.24,1403.53
2025-10-10,PRD-E02,175.99,4,194.99,703.96
2025-10-10,PRD-E03,229.99,3,215.1,597.97
2025-10-10,PRD-E04,62.39,10,54.99,595.82
2025-10-10,PRD-A01,57.19,13,65.1,743.47
2025-10-10,PRD-A02,134.39,2,103.49,268.78
2025-10-10,PRD-A03,42.74,12,45.59,504.34
2025-10-10,PRD-A04,94.99,9,98.0,850.16
2025-10-10,PRD-H01,45.99,10,57.74,455.3
2025-10-10,PRD-H02,159.99,1,157.49,159.99
2025-10-10,PRD-H03,311.99,2,284.99,623.98
2025-10-10,PRD-H04,119.59,24,124.99,2858.2
2025-10-10,PRD-B01,34.96,7,37.8,242.97
2025-10-10,PRD-B02,47.52,5,60.9,232.85
2025-10-10,PRD-B03,43.19,0,36.09,0.0
2025-10-10,PRD-B04,89.99,5,80.74,431.95
2025-10-10,PRD-S01,199.99,1,189.99,199.99
2025-10-10,PRD-S02,29.99,5,32.99,131.95
2025-10-10,PRD-S03,167.99,2,139.99,335.98
2025-10-10,PRD-S04,53.99,4,50.39,215.96
2025-10-11,PRD-E01,142.49,14,152.24,1987.74
2025-10-11,PRD-E02,175.99,8,194.99,1346.32
2025-10-11,PRD-E03,229.99,9,215.1,2069.91
2025-10-11,PRD-E04,62.39,6,54.99,368.1
2025-10-11,PRD-A01,57.19,12,65.1,657.68
2025-10-11,PRD-A02,134.39,2,103.49,268.78
2025-10-11,PRD-A03,42.74,19,45.59,812.06
2025-10-11,PRD-A04,94.99,6,98.0,569.94
2025-10-11,PRD-H01,45.99,11,57.74,494.39
2025-10-11,PRD-H02,159.99,6,157.49,935.94
2025-10-11,PRD-H03,311.99,1,284.99,311.99
2025-10-11,PRD-H04,119.59,7,124.99,837.13
2025-10-11,PRD-B01,34.96,9,37.8,314.64
2025-10-11,PRD-B02,47.52,19,60.9,893.38
2025-10-11,PRD-B03,43.19,4,36.09,166.28
2025-10-11,PRD-B04,89.99,4,80.74,355.46
2025-10-11,PRD-S01,199.99,2,189.99,399.98
2025-10-11,PRD-S02,29.99,18,32.99,518.82
2025-10-11,PRD-S03,167.99,3,139.99,503.97
2025-10-11,PRD-S04,53.99,19,50.39,982.61
2025-10-12,PRD-E01,142.49,13,152.24,1702.75
2025-10-12,PRD-E02,175.99,3,194.99,527.97
2025-10-12,PRD-E03,229.99,2,215.1,459.98
2025-10-12,PRD-E04,62.39,3,54.99,187.17
2025-10-12,PRD-A01,57.19,14,65.1,792.08
2025-10-12,PRD-A02,134.39,12,103.49,1464.84
2025-10-12,PRD-A03,42.74,25,45.59,978.72
2025-10-12,PRD-A04,94.99,5,98.0,446.45
2025-10-12,PRD-H01,45.99,6,57.74,275.94
2025-10-12,PRD-H02,159.99,6,157.49,959.94
2025-10-12,PRD-H03,311.99,2,284.99,623.98
2025-10-12,PRD-H04,119.59,2,124.99,221.24
2025-10-12,PRD-B01,34.96,13,37.8,442.25
2025-10-12,PRD-B02,47.52,17,60.9,779.33
2025-10-12,PRD-B03,43.19,2,36.09,84.22
2025-10-12,PRD-B04,89.99,1,80.74,85.49
2025-10-12,PRD-S01,199.99,3,189.99,579.97
2025-10-12,PRD-S02,29.99,16,32.99,479.84
2025-10-12,PRD-S03,167.99,2,139.99,335.98
2025-10-12,PRD-S04,53.99,5,50.39,261.85
2025-10-13,PRD-E01,142.49,16,144.99,2258.47
2025-10-13,PRD-E02,175.99,16,210.59,2807.04
2025-10-13,PRD-E03,229.99,3,239.0,689.97
2025-10-13,PRD-E04,62.39,4,54.99,240.2
2025-10-13,PRD-A01,57.19,10,65.1,571.9
2025-10-13,PRD-A02,134.39,12,103.49,1612.68
2025-10-13,PRD-A03,42.74,18,43.19,758.64
2025-10-13,PRD-A04,94.99,4,88.2,341.96
2025-10-13,PRD-H01,45.99,8,54.99,361.02
2025-10-13,PRD-H02,159.99,5,149.99,735.95
2025-10-13,PRD-H03,311.99,0,284.99,0.0
2025-10-13,PRD-H04,119.59,6,131.24,717.54
2025-10-13,PRD-B01,34.96,13,37.8,450.98
2025-10-13,PRD-B02,47.52,9,60.9,427.68
2025-10-13,PRD-B03,43.19,4,41.03,172.76
2025-10-13,PRD-B04,89.99,4,76.49,359.96
2025-10-13,PRD-S01,199.99,2,189.99,399.98
2025-10-13,PRD-S02,29.99,21,29.69,611.79
2025-10-13,PRD-S03,167.99,0,151.19,0.0
2025-10-13,PRD-S04,53.99,6,43.19,318.54
2025-10-14,PRD-E01,142.49,6,144.99,840.69
2025-10-14,PRD-E02,175.99,5,210.59,835.95
2025-10-14,PRD-E03,229.99,7,239.0,1345.43
2025-10-14,PRD-E04,62.39,5,54.99,299.47
2025-10-14,PRD-A01,57.19,7,65.1,383.17
2025-10-14,PRD-A02,134.39,8,103.49,1075.12
2025-10-14,PRD-A03,42.74,13,43.19,551.35
2025-10-14,PRD-A04,94.99,8,88.2,731.42
2025-10-14,PRD-H01,45.99,2,54.99,91.98
2025-10-14,PRD-H02,159.99,3,149.99,447.97
2025-10-14,PRD-H03,311.99,4,284.99,1247.96
2025-10-14,PRD-H04,119.59,4,131.24,478.36
2025-10-14,PRD-B01,34.96,11,37.8,377.57
2025-10-14,PRD-B02,47.52,14,60.9,665.28
2025-10-14,PRD-B03,43.19,7,41.03,302.33
2025-10-14,PRD-B04,89.99,1,76.49,89.99
2025-10-14,PRD-S01,199.99,4,189.99,789.96
2025-10-14,PRD-S02,29.99,6,29.69,179.94
2025-10-14,PRD-S03,167.99,1,151.19,167.99
2025-10-14,PRD-S04,53.99,2,43.19,102.58
2025-10-15,PRD-E01,142.49,6,144.99,819.33
2025-10-15,PRD-E02,175.99,7,210.59,1187.93
2025-10-15,PRD-E03,229.99,7,239.0,1609.93
2025-10-15,PRD-E04,62.39,5,54.99,311.95
2025-10-15,PRD-A01,57.19,5,65.1,283.09
2025-10-15,PRD-A02,134.39,3,103.49,349.41
2025-10-15,PRD-A03,42.74,14,43.19,589.81
2025-10-15,PRD-A04,94.99,4,88.2,375.21
2025-10-15,PRD-H01,45.99,13,54.99,597.87
2025-10-15,PRD-H02,159.99,3,149.99,479.97
2025-10-15,PRD-H03,311.99,0,284.99,0.0
2025-10-15,PRD-H04,119.59,11,131.24,1309.51
2025-10-15,PRD-B01,34.96,5,37.8,167.81
2025-10-15,PRD-B02,47.52,10,60.9,453.82
2025-10-15,PRD-B03,43.19,7,41.03,285.05
2025-10-15,PRD-B04,89.99,9,76.49,791.91
2025-10-15,PRD-S01,199.99,5,189.99,999.95
2025-10-15,PRD-S02,29.99,15,29.69,449.85
2025-10-15,PRD-S03,167.99,11,151.19,1847.89
2025-10-15,PRD-S04,53.99,3,43.19,151.17
2025-10-16,PRD-E01,142.49,7,144.99,983.18
2025-10-16,PRD-E02,175.99,11,210.59,1821.49
2025-10-16,PRD-E03,229.99,7,239.0,1586.93
2025-10-16,PRD-E04,62.39,1,54.99,62.39
2025-10-16,PRD-A01,57.19,7,65.1,388.89
2025-10-16,PRD-A02,134.39,6,103.49,806.34
2025-10-16,PRD-A03,42.74,14,43.19,589.82
2025-10-16,PRD-A04,94.99,6,88.2,560.44
2025-10-16,PRD-H01,45.99,7,54.99,315.03
2025-10-16,PRD-H02,159.99,7,149.99,1103.93
2025-10-16,PRD-H03,311.99,0,284.99,0.0
2025-10-16,PRD-H04,119.59,14,131.24,1620.44
2025-10-16,PRD-B01,34.96,7,37.8,244.72
2025-10-16,PRD-B02,47.52,10,60.9,465.7
2025-10-16,PRD-B03,43.19,7,41.03,289.37
2025-10-16,PRD-B04,89.99,6,76.49,530.94
2025-10-16,PRD-S01,199.99,3,189.99,599.97
2025-10-16,PRD-S02,29.99,5,29.69,149.95
2025-10-16,PRD-S03,167.99,2,151.19,335.98
2025-10-16,PRD-S04,53.99,2,43.19,107.98
2025-10-17,PRD-E01,142.49,8,144.99,1090.07
2025-10-17,PRD-E02,175.99,10,210.59,1689.5
2025-10-17,PRD-E03,229.99,7,239.0,1494.93
2025-10-17,PRD-E04,62.39,1,54.99,49.91
2025-10-17,PRD-A01,57.19,20,65.1,1126.64
2025-10-17,PRD-A02,134.39,3,103.49,403.17
2025-10-17,PRD-A03,42.74,10,43.19,408.17
2025-10-17,PRD-A04,94.99,13,88.2,1234.87
2025-10-17,PRD-H01,45.99,11,54.99,480.59
2025-10-17,PRD-H02,159.99,3,149.99,479.97
2025-10-17,PRD-H03,311.99,8,284.99,2495.92
2025-10-17,PRD-H04,119.59,7,131.24,837.13
2025-10-17,PRD-B01,34.96,6,37.8,208.01
2025-10-17,PRD-B02,47.52,16,60.9,746.06
2025-10-17,PRD-B03,43.19,14,41.03,589.54
2025-10-17,PRD-B04,89.99,18,76.49,1610.82
2025-10-17,PRD-S01,199.99,4,189.99,799.96
2025-10-17,PRD-S02,29.99,8,29.69,238.42
2025-10-17,PRD-S03,167.99,3,151.19,503.97
2025-10-17,PRD-S04,53.99,3,43.19,161.97
2025-10-18,PRD-E01,142.49,7,144.99,961.81
2025-10-18,PRD-E02,175.99,10,210.59,1715.9
2025-10-18,PRD-E03,229.99,11,239.0,2529.89
2025-10-18,PRD-E04,62.39,11,54.99,680.05
2025-10-18,PRD-A01,57.19,19,65.1,1072.31
2025-10-18,PRD-A02,134.39,8,103.49,1054.96
2025-10-18,PRD-A03,42.74,18,43.19,760.77
2025-10-18,PRD-A04,94.99,4,88.2,379.96
2025-10-18,PRD-H01,45.99,11,54.99,478.29
2025-10-18,PRD-H02,159.99,3,149.99,479.97
2025-10-18,PRD-H03,311.99,3,284.99,935.97
2025-10-18,PRD-H04,119.59,7,131.24,819.19
2025-10-18,PRD-B01,34.96,16,37.8,559.36
2025-10-18,PRD-B02,47.52,12,60.9,567.86
2025-10-18,PRD-B03,43.19,11,41.03,466.45
2025-10-18,PRD-B04,89.99,8,76.49,710.92
2025-10-18,PRD-S01,199.99,7,189.99,1329.93
2025-10-18,PRD-S02,29.99,10,29.69,293.9
2025-10-18,PRD-S03,167.99,14,151.19,2267.86
2025-10-18,PRD-S04,53.99,5,43.19,269.95
2025-10-19,PRD-E01,142.49,11,144.99,1567.39
2025-10-19,PRD-E02,175.99,6,210.59,1029.54
2025-10-19,PRD-E03,229.99,10,239.0,2288.4
2025-10-19,PRD-E04,62.39,12,54.99,742.44
2025-10-19,PRD-A01,57.19,5,65.1,265.93
2025-10-19,PRD-A02,134.39,2,103.49,268.78
2025-10-19,PRD-A03,42.74,20,43.19,854.8
2025-10-19,PRD-A04,94.99,6,88.2,560.44
2025-10-19,PRD-H01,45.99,8,54.99,363.32
2025-10-19,PRD-H02,159.99,4,149.99,639.96
2025-10-19,PRD-H03,311.99,9,284.99,2807.91
2025-10-19,PRD-H04,119.59,10,131.24,1154.04
2025-10-19,PRD-B01,34.96,11,37.8,374.07
2025-10-19,PRD-B02,47.52,4,60.9,182.95
2025-10-19,PRD-B03,43.19,9,41.03,367.11
2025-10-19,PRD-B04,89.99,3,76.49,269.97
2025-10-19,PRD-S01,199.99,9,189.99,1799.91
2025-10-19,PRD-S02,29.99,8,29.69,239.92
2025-10-19,PRD-S03,167.99,4,151.19,671.96
2025-10-19,PRD-S04,53.99,13,43.19,701.87
2025-10-20,PRD-E01,142.49,5,144.99,712.45
2025-10-20,PRD-E02,189.99,10,210.59,1890.4
2025-10-20,PRD-E03,249.99,3,239.0,749.97
2025-10-20,PRD-E04,64.79,0,54.99,0.0
2025-10-20,PRD-A01,59.79,6,65.1,352.76
2025-10-20,PRD-A02,134.39,5,103.49,671.95
2025-10-20,PRD-A03,50.39,21,43.19,1053.15
2025-10-20,PRD-A04,106.39,12,88.2,1250.08
2025-10-20,PRD-H01,45.99,12,54.99,535.78
2025-10-20,PRD-H02,159.99,2,149.99,303.98
2025-10-20,PRD-H03,275.99,1,284.99,275.99
2025-10-20,PRD-H04,119.59,3,131.24,352.79
2025-10-20,PRD-B01,38.0,3,37.8,114.0
2025-10-20,PRD-B02,54.0,8,60.9,410.4
2025-10-20,PRD-B03,37.99,1,41.03,36.09
2025-10-20,PRD-B04,85.49,7,76.49,598.43
2025-10-20,PRD-S01,207.99,2,189.99,415.98
2025-10-20,PRD-S02,29.99,13,29.69,373.37
2025-10-20,PRD-S03,161.99,6,151.19,971.94
2025-10-20,PRD-S04,45.99,14,43.19,639.26
2025-10-21,PRD-E01,142.49,2,144.99,284.98
2025-10-21,PRD-E02,189.99,4,210.59,740.96
2025-10-21,PRD-E03,249.99,1,239.0,249.99
2025-10-21,PRD-E04,64.79,4,54.99,259.16
2025-10-21,PRD-A01,59.79,12,65.1,696.55
2025-10-21,PRD-A02,134.39,4,103.49,537.56
2025-10-21,PRD-A03,50.39,13,43.19,652.55
2025-10-21,PRD-A04,106.39,4,88.2,425.56
2025-10-21,PRD-H01,45.99,8,54.99,367.92
2025-10-21,PRD-H02,159.99,4,149.99,623.96
2025-10-21,PRD-H03,275.99,13,284.99,3532.67
2025-10-21,PRD-H04,119.59,5,131.24,597.95
2025-10-21,PRD-B01,38.0,29,37.8,1060.2
2025-10-21,PRD-B02,54.0,9,60.9,486.0
2025-10-21,PRD-B03,37.99,5,41.03,189.95
2025-10-21,PRD-B04,85.49,1,76.49,85.49
2025-10-21,PRD-S01,207.99,6,189.99,1206.34
2025-10-21,PRD-S02,29.99,7,29.69,203.93
2025-10-21,PRD-S03,161.99,2,151.19,323.98
2025-10-21,PRD-S04,45.99,3,43.19,133.37
2025-10-22,PRD-E01,142.49,1,144.99,128.24
2025-10-22,PRD-E02,189.99,4,210.59,750.46
2025-10-22,PRD-E03,249.99,4,239.0,999.96
2025-10-22,PRD-E04,64.79,13,54.99,842.27
2025-10-22,PRD-A01,59.79,10,65.1,585.94
2025-10-22,PRD-A02,134.39,2,103.49,268.78
2025-10-22,PRD-A03,50.39,5,43.19,251.95
2025-10-22,PRD-A04,106.39,4,88.2,425.56
2025-10-22,PRD-H01,45.99,11,54.99,494.39
2025-10-22,PRD-H02,159.99,3,149.99,455.97
2025-10-22,PRD-H03,275.99,2,284.99,551.98
2025-10-22,PRD-H04,119.59,6,131.24,705.58
2025-10-22,PRD-B01,38.0,23,37.8,847.4
2025-10-22,PRD-B02,54.0,19,60.9,1017.9
2025-10-22,PRD-B03,37.99,14,41.03,526.16
2025-10-22,PRD-B04,85.49,3,76.49,239.37
2025-10-22,PRD-S01,207.99,1,189.99,207.99
2025-10-22,PRD-S02,29.99,6,29.69,176.94
2025-10-22,PRD-S03,161.99,3,151.19,477.87
2025-10-22,PRD-S04,45.99,4,43.19,183.96
2025-10-23,PRD-E01,142.49,3,144.99,427.47
2025-10-23,PRD-E02,189.99,4,210.59,750.46
2025-10-23,PRD-E03,249.99,6,239.0,1499.94
2025-10-23,PRD-E04,64.79,1,54.99,58.31
2025-10-23,PRD-A01,59.79,14,65.1,822.11
2025-10-23,PRD-A02,134.39,3,103.49,389.73
2025-10-23,PRD-A03,50.39,9,43.19,445.95
2025-10-23,PRD-A04,106.39,5,88.2,500.03
2025-10-23,PRD-H01,45.99,11,54.99,496.69
2025-10-23,PRD-H02,159.99,3,149.99,479.97
2025-10-23,PRD-H03,275.99,5,284.99,1379.95
2025-10-23,PRD-H04,119.59,5,131.24,574.03
2025-10-23,PRD-B01,38.0,9,37.8,332.5
2025-10-23,PRD-B02,54.0,4,60.9,216.0
2025-10-23,PRD-B03,37.99,7,41.03,264.03
2025-10-23,PRD-B04,85.49,4,76.49,337.69
2025-10-23,PRD-S01,207.99,3,189.99,623.97
2025-10-23,PRD-S02,29.99,13,29.69,389.87
2025-10-23,PRD-S03,161.99,2,151.19,323.98
2025-10-23,PRD-S04,45.99,3,43.19,137.97
2025-10-24,PRD-E01,142.49,8,144.99,1054.44
2025-10-24,PRD-E02,189.99,6,210.59,1130.44
2025-10-24,PRD-E03,249.99,2,239.0,487.48
2025-10-24,PRD-E04,64.79,11,54.99,686.77
2025-10-24,PRD-A01,59.79,28,65.1,1644.22
2025-10-24,PRD-A02,134.39,2,103.49,248.62
2025-10-24,PRD-A03,50.39,18,43.19,896.94
2025-10-24,PRD-A04,106.39,5,88.2,531.95
2025-10-24,PRD-H01,45.99,5,54.99,229.95
2025-10-24,PRD-H02,159.99,7,149.99,1119.93
2025-10-24,PRD-H03,275.99,1,284.99,248.39
2025-10-24,PRD-H04,119.59,6,131.24,711.56
2025-10-24,PRD-B01,38.0,5,37.8,178.6
2025-10-24,PRD-B02,54.0,4,60.9,213.3
2025-10-24,PRD-B03,37.99,4,41.03,148.16
2025-10-24,PRD-B04,85.49,6,76.49,491.57
2025-10-24,PRD-S01,207.99,9,189.99,1830.31
2025-10-24,PRD-S02,29.99,10,29.69,298.4
2025-10-24,PRD-S03,161.99,10,151.19,1619.9
2025-10-24,PRD-S04,45.99,9,43.19,390.91
2025-10-25,PRD-E01,142.49,8,144.99,1104.32
2025-10-25,PRD-E02,189.99,11,210.59,2070.89
2025-10-25,PRD-E03,249.99,0,239.0,0.0
2025-10-25,PRD-E04,64.79,5,54.99,323.95
2025-10-25,PRD-A01,59.79,7,65.1,418.53
2025-10-25,PRD-A02,134.39,9,103.49,1202.79
2025-10-25,PRD-A03,50.39,13,43.19,655.07
2025-10-25,PRD-A04,106.39,4,88.2,425.56
2025-10-25,PRD-H01,45.99,11,54.99,505.89
2025-10-25,PRD-H02,159.99,5,149.99,799.95
2025-10-25,PRD-H03,275.99,4,284.99,1090.16
2025-10-25,PRD-H04,119.59,12,131.24,1435.08
2025-10-25,PRD-B01,38.0,14,37.8,524.4
2025-10-25,PRD-B02,54.0,6,60.9,318.6
2025-10-25,PRD-B03,37.99,17,41.03,642.03
2025-10-25,PRD-B04,85.49,10,76.49,854.9
2025-10-25,PRD-S01,207.99,3,189.99,592.77
2025-10-25,PRD-S02,29.99,7,29.69,208.43
2025-10-25,PRD-S03,161.99,2,151.19,315.88
2025-10-25,PRD-S04,45.99,12,43.19,551.88
2025-10-26,PRD-E01,142.49,9,144.99,1211.16
2025-10-26,PRD-E02,189.99,11,210.59,2004.39
2025-10-26,PRD-E03,249.99,0,239.0,0.0
2025-10-26,PRD-E04,64.79,4,54.99,259.16
2025-10-26,PRD-A01,59.79,10,65.1,585.94
2025-10-26,PRD-A02,134.39,5,103.49,658.51
2025-10-26,PRD-A03,50.39,11,43.19,539.17
2025-10-26,PRD-A04,106.39,5,88.2,526.63
2025-10-26,PRD-H01,45.99,13,54.99,593.27
2025-10-26,PRD-H02,159.99,0,149.99,0.0
2025-10-26,PRD-H03,275.99,7,284.99,1918.13
2025-10-26,PRD-H04,119.59,17,131.24,2021.07
2025-10-26,PRD-B01,38.0,16,37.8,606.1
2025-10-26,PRD-B02,54.0,10,60.9,537.3
2025-10-26,PRD-B03,37.99,9,41.03,341.91
2025-10-26,PRD-B04,85.49,5,76.49,418.9
2025-10-26,PRD-S01,207.99,3,189.99,623.97
2025-10-26,PRD-S02,29.99,8,29.69,239.92
2025-10-26,PRD-S03,161.99,3,151.19,485.97
2025-10-26,PRD-S04,45.99,4,43.19,183.96
2025-10-27,PRD-E01,142.49,11,144.99,1531.77
2025-10-27,PRD-E02,189.99,3,210.59,569.97
2025-10-27,PRD-E03,249.99,6,239.0,1499.94
2025-10-27,PRD-E04,64.79,3,54.99,194.37
2025-10-27,PRD-A01,59.79,9,65.1,535.12
2025-10-27,PRD-A02,134.39,2,103.49,268.78
2025-10-27,PRD-A03,50.39,4,43.19,194.0
2025-10-27,PRD-A04,106.39,4,88.2,425.56
2025-10-27,PRD-H01,45.99,18,54.99,781.82
2025-10-27,PRD-H02,159.99,2,149.99,319.98
2025-10-27,PRD-H03,275.99,5,284.99,1338.55
2025-10-27,PRD-H04,119.59,3,131.24,358.77
2025-10-27,PRD-B01,38.0,15,37.8,568.1
2025-10-27,PRD-B02,54.0,20,60.9,1058.4
2025-10-27,PRD-B03,37.99,7,41.03,254.53
2025-10-27,PRD-B04,85.49,11,76.49,923.29
2025-10-27,PRD-S01,207.99,1,189.99,207.99
2025-10-27,PRD-S02,29.99,18,29.69,532.32
2025-10-27,PRD-S03,161.99,6,151.19,939.54
2025-10-27,PRD-S04,45.99,2,43.19,91.98
2025-10-28,PRD-E01,142.49,4,144.99,569.96
2025-10-28,PRD-E02,189.99,7,210.59,1301.43
2025-10-28,PRD-E03,249.99,1,239.0,249.99
2025-10-28,PRD-E04,64.79,8,54.99,511.84
2025-10-28,PRD-A01,59.79,9,65.1,526.15
2025-10-28,PRD-A02,134.39,2,103.49,268.78
2025-10-28,PRD-A03,50.39,6,43.19,299.82
2025-10-28,PRD-A04,106.39,1,88.2,106.39
2025-10-28,PRD-H01,45.99,5,54.99,229.95
2025-10-28,PRD-H02,159.99,10,149.99,1599.9
2025-10-28,PRD-H03,275.99,6,284.99,1642.14
2025-10-28,PRD-H04,119.59,10,131.24,1148.06
2025-10-28,PRD-B01,38.0,16,37.8,608.0
2025-10-28,PRD-B02,54.0,11,60.9,591.3
2025-10-28,PRD-B03,37.99,9,41.03,332.41
2025-10-28,PRD-B04,85.49,10,76.49,842.08
2025-10-28,PRD-S01,207.99,13,189.99,2703.87
2025-10-28,PRD-S02,29.99,18,29.69,536.82
2025-10-28,PRD-S03,161.99,2,151.19,323.98
2025-10-28,PRD-S04,45.99,3,43.19,135.67
2025-10-29,PRD-E01,142.49,20,144.99,2714.43
2025-10-29,PRD-E02,189.99,4,210.59,721.96
2025-10-29,PRD-E03,249.99,4,239.0,999.96
2025-10-29,PRD-E04,64.79,4,54.99,252.68
2025-10-29,PRD-A01,59.79,6,65.1,358.74
2025-10-29,PRD-A02,134.39,7,103.49,940.73
2025-10-29,PRD-A03,50.39,10,43.19,503.9
2025-10-29,PRD-A04,106.39,1,88.2,101.07
2025-10-29,PRD-H01,45.99,12,54.99,540.38
2025-10-29,PRD-H02,159.99,2,149.99,319.98
2025-10-29,PRD-H03,275.99,5,284.99,1379.95
2025-10-29,PRD-H04,119.59,6,131.24,717.54
2025-10-29,PRD-B01,38.0,6,37.8,220.4
2025-10-29,PRD-B02,54.0,7,60.9,345.6
2025-10-29,PRD-B03,37.99,11,41.03,410.29
2025-10-29,PRD-B04,85.49,17,76.49,1410.58
2025-10-29,PRD-S01,207.99,6,189.99,1247.94
2025-10-29,PRD-S02,29.99,5,29.69,142.45
2025-10-29,PRD-S03,161.99,3,151.19,461.67
2025-10-29,PRD-S04,45.99,7,43.19,312.73
2025-10-30,PRD-E01,142.49,8,144.99,1118.55
2025-10-30,PRD-E02,189.99,3,210.59,569.97
2025-10-30,PRD-E03,249.99,4,239.0,924.96
2025-10-30,PRD-E04,64.79,2,54.99,129.58
2025-10-30,PRD-A01,59.79,7,65.1,406.57
2025-10-30,PRD-A02,134.39,4,103.49,537.56
2025-10-30,PRD-A03,50.39,6,43.19,292.26
2025-10-30,PRD-A04,106.39,6,88.2,627.7
2025-10-30,PRD-H01,45.99,7,54.99,317.33
2025-10-30,PRD-H02,159.99,6,149.99,959.94
2025-10-30,PRD-H03,275.99,2,284.99,551.98
2025-10-30,PRD-H04,119.59,5,131.24,597.95
2025-10-30,PRD-B01,38.0,18,37.8,682.1
2025-10-30,PRD-B02,54.0,9,60.9,486.0
2025-10-30,PRD-B03,37.99,7,41.03,264.03
2025-10-30,PRD-B04,85.49,1,76.49,85.49
2025-10-30,PRD-S01,207.99,1,189.99,207.99
2025-10-30,PRD-S02,29.99,11,29.69,326.89
2025-10-30,PRD-S03,161.99,0,151.19,0.0
2025-10-30,PRD-S04,45.99,5,43.19,227.65
2025-10-31,PRD-E01,142.49,8,144.99,1125.67
2025-10-31,PRD-E02,189.99,4,210.59,750.46
2025-10-31,PRD-E03,249.99,1,239.0,249.99
2025-10-31,PRD-E04,64.79,4,54.99,259.16
2025-10-31,PRD-A01,59.79,9,65.1,532.13
2025-10-31,PRD-A02,134.39,2,103.49,268.78
2025-10-31,PRD-A03,50.39,18,43.19,904.5
2025-10-31,PRD-A04,106.39,3,88.2,276.61
2025-10-31,PRD-H01,45.99,7,54.99,319.63
2025-10-31,PRD-H02,159.99,4,149.99,639.96
2025-10-31,PRD-H03,275.99,8,284.99,2166.52
2025-10-31,PRD-H04,119.59,0,131.24,0.0
2025-10-31,PRD-B01,38.0,8,37.8,296.4
2025-10-31,PRD-B02,54.0,16,60.9,858.6
2025-10-31,PRD-B03,37.99,6,41.03,224.14
2025-10-31,PRD-B04,85.49,9,76.49,683.91
2025-10-31,PRD-S01,207.99,1,189.99,207.99
2025-10-31,PRD-S02,29.99,9,29.69,269.91
2025-10-31,PRD-S03,161.99,1,151.19,161.99
2025-10-31,PRD-S04,45.99,2,43.19,82.78
2025-11-01,PRD-E01,142.49,9,144.99,1261.04
2025-11-01,PRD-E02,189.99,21,210.59,3761.79
2025-11-01,PRD-E03,249.99,7,239.0,1749.93
2025-11-01,PRD-E04,64.79,8,54.99,515.08
2025-11-01,PRD-A01,59.79,29,65.1,1724.94
2025-11-01,PRD-A02,134.39,9,103.49,1189.35
2025-11-01,PRD-A03,50.39,20,43.19,985.12
2025-11-01,PRD-A04,106.39,3,88.2,319.17
2025-11-01,PRD-H01,45.99,13,54.99,579.47
2025-11-01,PRD-H02,159.99,2,149.99,319.98
2025-11-01,PRD-H03,275.99,8,284.99,2152.72
2025-11-01,PRD-H04,119.59,11,131.24,1255.69
2025-11-01,PRD-B01,38.0,10,37.8,374.3
2025-11-01,PRD-B02,54.0,7,60.9,375.3
2025-11-01,PRD-B03,37.99,7,41.03,265.93
2025-11-01,PRD-B04,85.49,12,76.49,995.96
2025-11-01,PRD-S01,207.99,3,189.99,623.97
2025-11-01,PRD-S02,29.99,7,29.69,209.93
2025-11-01,PRD-S03,161.99,6,151.19,971.94
2025-11-01,PRD-S04,45.99,4,43.19,181.66
2025-11-02,PRD-E01,142.49,8,144.99,1139.92
2025-11-02,PRD-E02,189.99,13,210.59,2346.37
2025-11-02,PRD-E03,249.99,2,239.0,487.48
2025-11-02,PRD-E04,64.79,8,54.99,518.32
2025-11-02,PRD-A01,59.79,10,65.1,597.9
2025-11-02,PRD-A02,134.39,5,103.49,671.95
2025-11-02,PRD-A03,50.39,18,43.19,907.02
2025-11-02,PRD-A04,106.39,7,88.2,744.73
2025-11-02,PRD-H01,45.99,10,54.99,446.1
2025-11-02,PRD-H02,159.99,5,149.99,799.95
2025-11-02,PRD-H03,275.99,12,284.99,3311.88
2025-11-02,PRD-H04,119.59,11,131.24,1303.53
2025-11-02,PRD-B01,38.0,19,37.8,720.1
2025-11-02,PRD-B02,54.0,4,60.9,216.0
2025-11-02,PRD-B03,37.99,6,41.03,226.04
2025-11-02,PRD-B04,85.49,7,76.49,589.88
2025-11-02,PRD-S01,207.99,9,189.99,1788.71
2025-11-02,PRD-S02,29.99,14,29.69,419.86
2025-11-02,PRD-S03,161.99,0,151.19,0.0
2025-11-02,PRD-S04,45.99,10,43.19,457.6
2025-11-03,PRD-E01,142.49,9,137.74,1282.41
2025-11-03,PRD-E02,207.99,5,204.74,1039.95
2025-11-03,PRD-E03,249.99,4,227.05,799.96
2025-11-03,PRD-E04,64.79,11,59.39,712.69
2025-11-03,PRD-A01,57.19,14,58.9,797.8
2025-11-03,PRD-A02,105.59,13,120.74,1340.99
2025-11-03,PRD-A03,39.59,20,51.83,773.98
2025-11-03,PRD-A04,98.79,2,98.0,197.58
2025-11-03,PRD-H01,53.99,10,54.99,531.8
2025-11-03,PRD-H02,151.99,7,149.99,1063.93
2025-11-03,PRD-H03,275.99,5,270.74,1324.75
2025-11-03,PRD-H04,129.99,2,118.74,259.98
2025-11-03,PRD-B01,38.0,12,42.0,452.2
2025-11-03,PRD-B02,54.0,1,52.2,54.0
2025-11-03,PRD-B03,41.59,1,39.89,41.59
2025-11-03,PRD-B04,85.49,4,89.24,341.96
2025-11-03,PRD-S01,183.99,4,205.19,708.36
2025-11-03,PRD-S02,32.39,8,31.34,259.12
2025-11-03,PRD-S03,161.99,6,132.99,963.84
2025-11-03,PRD-S04,53.99,4,50.39,213.26
2025-11-04,PRD-E01,142.49,16,137.74,2244.23
2025-11-04,PRD-E02,207.99,11,204.74,2267.09
2025-11-04,PRD-E03,249.99,6,227.05,1499.94
2025-11-04,PRD-E04,64.79,6,59.39,375.78
2025-11-04,PRD-A01,57.19,21,58.9,1200.99
2025-11-04,PRD-A02,105.59,15,120.74,1573.29
2025-11-04,PRD-A03,39.59,15,51.83,568.11
2025-11-04,PRD-A04,98.79,7,98.0,686.59
2025-11-04,PRD-H01,53.99,15,54.99,793.65
2025-11-04,PRD-H02,151.99,6,149.99,911.94
2025-11-04,PRD-H03,275.99,12,270.74,3311.88
2025-11-04,PRD-H04,129.99,11,118.74,1267.39
2025-11-04,PRD-B01,38.0,21,42.0,790.4
2025-11-04,PRD-B02,54.0,13,52.2,702.0
2025-11-04,PRD-B03,41.59,10,39.89,415.9
2025-11-04,PRD-B04,85.49,18,89.24,1508.91
2025-11-04,PRD-S01,183.99,7,205.19,1260.33
2025-11-04,PRD-S02,32.39,11,31.34,354.67
2025-11-04,PRD-S03,161.99,1,132.99,161.99
2025-11-04,PRD-S04,53.99,7,50.39,377.93
2025-11-05,PRD-E01,142.49,5,137.74,712.45
2025-11-05,PRD-E02,207.99,13,204.74,2703.87
2025-11-05,PRD-E03,249.99,8,227.05,1949.92
2025-11-05,PRD-E04,64.79,8,59.39,518.32
2025-11-05,PRD-A01,57.19,21,58.9,1189.55
2025-11-05,PRD-A02,105.59,11,120.74,1156.21
2025-11-05,PRD-A03,39.59,24,51.83,946.2
2025-11-05,PRD-A04,98.79,2,98.0,197.58
2025-11-05,PRD-H01,53.99,19,54.99,990.71
2025-11-05,PRD-H02,151.99,1,149.99,151.99
2025-11-05,PRD-H03,275.99,7,270.74,1876.73
2025-11-05,PRD-H04,129.99,20,118.74,2593.3
2025-11-05,PRD-B01,38.0,9,42.0,338.2
2025-11-05,PRD-B02,54.0,11,52.2,540.0
2025-11-05,PRD-B03,41.59,9,39.89,368.07
2025-11-05,PRD-B04,85.49,2,89.24,170.98
2025-11-05,PRD-S01,183.99,2,205.19,367.98
2025-11-05,PRD-S02,32.39,5,31.34,161.95
2025-11-05,PRD-S03,161.99,2,132.99,323.98
2025-11-05,PRD-S04,53.99,3,50.39,161.97
2025-11-06,PRD-E01,142.49,13,137.74,1788.26
2025-11-06,PRD-E02,207.99,12,204.74,2475.08
2025-11-06,PRD-E03,249.99,4,227.05,974.96
2025-11-06,PRD-E04,64.79,8,59.39,518.32
2025-11-06,PRD-A01,57.19,11,58.9,606.21
2025-11-06,PRD-A02,105.59,7,120.74,718.01
2025-11-06,PRD-A03,39.59,13,51.83,512.69
2025-11-06,PRD-A04,98.79,4,98.0,380.34
2025-11-06,PRD-H01,53.99,8,54.99,431.92
2025-11-06,PRD-H02,151.99,6,149.99,904.34
2025-11-06,PRD-H03,275.99,5,270.74,1352.35
2025-11-06,PRD-H04,129.99,4,118.74,513.46
2025-11-06,PRD-B01,38.0,3,42.0,114.0
2025-11-06,PRD-B02,54.0,6,52.2,318.6
2025-11-06,PRD-B03,41.59,9,39.89,351.43
2025-11-06,PRD-B04,85.49,9,89.24,765.14
2025-11-06,PRD-S01,183.99,5,205.19,910.75
2025-11-06,PRD-S02,32.39,12,31.34,380.58
2025-11-06,PRD-S03,161.99,3,132.99,485.97
2025-11-06,PRD-S04,53.99,1,50.39,53.99
2025-11-07,PRD-E01,142.49,12,137.74,1702.76
2025-11-07,PRD-E02,207.99,5,204.74,1039.95
2025-11-07,PRD-E03,249.99,2,227.05,474.98
2025-11-07,PRD-E04,64.79,10,59.39,641.42
2025-11-07,PRD-A01,57.19,12,58.9,651.96
2025-11-07,PRD-A02,105.59,3,120.74,316.77
2025-11-07,PRD-A03,39.59,33,51.83,1304.49
2025-11-07,PRD-A04,98.79,4,98.0,385.28
2025-11-07,PRD-H01,53.99,13,54.99,701.87
2025-11-07,PRD-H02,151.99,3,149.99,455.97
2025-11-07,PRD-H03,275.99,9,270.74,2483.91
2025-11-07,PRD-H04,129.99,7,118.74,883.93
2025-11-07,PRD-B01,38.0,5,42.0,190.0
2025-11-07,PRD-B02,54.0,19,52.2,1017.9
2025-11-07,PRD-B03,41.59,7,39.89,276.57
2025-11-07,PRD-B04,85.49,10,89.24,854.9
2025-11-07,PRD-S01,183.99,5,205.19,919.95
2025-11-07,PRD-S02,32.39,7,31.34,225.11
2025-11-07,PRD-S03,161.99,1,132.99,161.99
2025-11-07,PRD-S04,53.99,5,50.39,269.95
2025-11-08,PRD-E01,142.49,7,137.74,990.31
2025-11-08,PRD-E02,207.99,9,204.74,1871.91
2025-11-08,PRD-E03,249.99,2,227.05,499.98
2025-11-08,PRD-E04,64.79,15,59.39,971.85
2025-11-08,PRD-A01,57.19,26,58.9,1455.48
2025-11-08,PRD-A02,105.59,3,120.74,316.77
2025-11-08,PRD-A03,39.59,22,51.83,870.98
2025-11-08,PRD-A04,98.79,8,98.0,780.44
2025-11-08,PRD-H01,53.99,10,54.99,537.2
2025-11-08,PRD-H02,151.99,7,149.99,1063.93
2025-11-08,PRD-H03,275.99,5,270.74,1379.95
2025-11-08,PRD-H04,129.99,19,118.74,2346.31
2025-11-08,PRD-B01,38.0,25,42.0,934.8
2025-11-08,PRD-B02,54.0,10,52.2,537.3
2025-11-08,PRD-B03,41.59,19,39.89,771.49
2025-11-08,PRD-B04,85.49,8,89.24,683.92
2025-11-08,PRD-S01,183.99,10,205.19,1821.5
2025-11-08,PRD-S02,32.39,21,31.34,680.19
2025-11-08,PRD-S03,161.99,6,132.99,971.94
2025-11-08,PRD-S04,53.99,3,50.39,161.97
2025-11-09,PRD-E01,142.49,9,137.74,1268.16
2025-11-09,PRD-E02,207.99,5,204.74,998.35
2025-11-09,PRD-E03,249.99,5,227.05,1237.45
2025-11-09,PRD-E04,64.79,7,59.39,450.29
2025-11-09,PRD-A01,57.19,33,58.9,1830.07
2025-11-09,PRD-A02,105.59,6,120.74,633.54
2025-11-09,PRD-A03,39.59,15,51.83,587.91
2025-11-09,PRD-A04,98.79,9,98.0,864.41
2025-11-09,PRD-H01,53.99,18,54.99,971.82
2025-11-09,PRD-H02,151.99,2,149.99,303.98
2025-11-09,PRD-H03,275.99,4,270.74,1103.96
2025-11-09,PRD-H04,129.99,10,118.74,1254.4
2025-11-09,PRD-B01,38.0,18,42.0,623.2
2025-11-09,PRD-B02,54.0,11,52.2,542.7
2025-11-09,PRD-B03,41.59,6,39.89,245.38
2025-11-09,PRD-B04,85.49,7,89.24,594.16
2025-11-09,PRD-S01,183.99,5,205.19,919.95
2025-11-09,PRD-S02,32.39,15,31.34,476.13
2025-11-09,PRD-S03,161.99,1,132.99,161.99
2025-11-09,PRD-S04,53.99,1,50.39,51.29
2025-11-10,PRD-E01,142.49,20,137.74,2842.68
2025-11-10,PRD-E02,207.99,8,204.74,1580.72
2025-11-10,PRD-E03,249.99,17,227.05,4224.83
2025-11-10,PRD-E04,64.79,4,59.39,249.44
2025-11-10,PRD-A01,57.19,26,58.9,1481.22
2025-11-10,PRD-A02,105.59,10,120.74,1040.06
2025-11-10,PRD-A03,39.59,35,51.83,1353.97
2025-11-10,PRD-A04,98.79,9,98.0,874.29
2025-11-10,PRD-H01,53.99,21,54.99,1114.89
2025-11-10,PRD-H02,151.99,4,149.99,607.96
2025-11-10,PRD-H03,275.99,9,270.74,2456.31
2025-11-10,PRD-H04,129.99,13,118.74,1559.87
2025-11-10,PRD-B01,38.0,12,42.0,444.6
2025-11-10,PRD-B02,54.0,10,52.2,523.8
2025-11-10,PRD-B03,41.59,7,39.89,291.13
2025-11-10,PRD-B04,85.49,16,89.24,1307.99
2025-11-10,PRD-S01,183.99,7,205.19,1287.93
2025-11-10,PRD-S02,32.39,8,31.34,259.12
2025-11-10,PRD-S03,161.99,2,132.99,323.98
2025-11-10,PRD-S04,53.99,2,50.39,107.98
2025-11-11,PRD-E01,142.49,13,137.74,1831.0
2025-11-11,PRD-E02,207.99,11,204.74,2267.09
2025-11-11,PRD-E03,249.99,3,227.05,737.47
2025-11-11,PRD-E04,64.79,4,59.39,259.16
2025-11-11,PRD-A01,57.19,9,58.9,506.13
2025-11-11,PRD-A02,105.59,13,120.74,1304.03
2025-11-11,PRD-A03,39.59,25,51.83,981.83
2025-11-11,PRD-A04,98.79,4,98.0,395.16
2025-11-11,PRD-H01,53.99,8,54.99,431.92
2025-11-11,PRD-H02,151.99,13,149.99,1960.67
2025-11-11,PRD-H03,275.99,14,270.74,3863.86
2025-11-11,PRD-H04,129.99,5,118.74,630.45
2025-11-11,PRD-B01,38.0,21,42.0,790.4
2025-11-11,PRD-B02,54.0,18,52.2,961.2
2025-11-11,PRD-B03,41.59,10,39.89,386.78
2025-11-11,PRD-B04,85.49,14,89.24,1179.76
2025-11-11,PRD-S01,183.99,2,205.19,367.98
2025-11-11,PRD-S02,32.39,13,31.34,421.07
2025-11-11,PRD-S03,161.99,2,132.99,323.98
2025-11-11,PRD-S04,53.99,7,50.39,377.93
2025-11-12,PRD-E01,142.49,11,137.74,1560.27
2025-11-12,PRD-E02,207.99,6,204.74,1247.94
2025-11-12,PRD-E03,249.99,6,227.05,1474.94
2025-11-12,PRD-E04,64.79,16,59.39,1030.16
2025-11-12,PRD-A01,57.19,16,58.9,903.6
2025-11-12,PRD-A02,105.59,7,120.74,707.45
2025-11-12,PRD-A03,39.59,20,51.83,785.86
2025-11-12,PRD-A04,98.79,7,98.0,681.65
2025-11-12,PRD-H01,53.99,8,54.99,431.92
2025-11-12,PRD-H02,151.99,7,149.99,1063.93
2025-11-12,PRD-H03,275.99,5,270.74,1379.95
2025-11-12,PRD-H04,129.99,12,118.74,1462.38
2025-11-12,PRD-B01,38.0,17,42.0,627.0
2025-11-12,PRD-B02,54.0,3,52.2,140.4
2025-11-12,PRD-B03,41.59,5,39.89,207.95
2025-11-12,PRD-B04,85.49,10,89.24,842.09
2025-11-12,PRD-S01,183.99,9,205.19,1655.91
2025-11-12,PRD-S02,32.39,6,31.34,194.34
2025-11-12,PRD-S03,161.99,5,132.99,809.95
2025-11-12,PRD-S04,53.99,2,50.39,107.98
2025-11-13,PRD-E01,142.49,6,137.74,854.94
2025-11-13,PRD-E02,207.99,1,204.74,187.19
2025-11-13,PRD-E03,249.99,4,227.05,999.96
2025-11-13,PRD-E04,64.79,13,59.39,832.55
2025-11-13,PRD-A01,57.19,11,58.9,620.51
2025-11-13,PRD-A02,105.59,17,120.74,1779.19
2025-11-13,PRD-A03,39.59,18,51.83,706.68
2025-11-13,PRD-A04,98.79,2,98.0,197.58
2025-11-13,PRD-H01,53.99,5,54.99,269.95
2025-11-13,PRD-H02,151.99,0,149.99,0.0
2025-11-13,PRD-H03,275.99,2,270.74,551.98
2025-11-13,PRD-H04,129.99,15,118.74,1904.35
2025-11-13,PRD-B01,38.0,16,42.0,602.3
2025-11-13,PRD-B02,54.0,9,52.2,486.0
2025-11-13,PRD-B03,41.59,11,39.89,457.49
2025-11-13,PRD-B04,85.49,3,89.24,256.47
2025-11-13,PRD-S01,183.99,5,205.19,910.75
2025-11-13,PRD-S02,32.39,9,31.34,281.79
2025-11-13,PRD-S03,161.99,2,132.99,323.98
2025-11-13,PRD-S04,53.99,0,50.39,0.0
2025-11-14,PRD-E01,142.49,7,137.74,983.18
2025-11-14,PRD-E02,207.99,7,204.74,1435.13
2025-11-14,PRD-E03,249.99,2,227.05,499.98
2025-11-14,PRD-E04,64.79,4,59.39,252.68
2025-11-14,PRD-A01,57.19,28,58.9,1598.46
2025-11-14,PRD-A02,105.59,8,120.74,844.72
2025-11-14,PRD-A03,39.59,14,51.83,546.34
2025-11-14,PRD-A04,98.79,8,98.0,770.56
2025-11-14,PRD-H01,53.99,7,54.99,364.43
2025-11-14,PRD-H02,151.99,1,149.99,151.99
2025-11-14,PRD-H03,275.99,1,270.74,275.99
2025-11-14,PRD-H04,129.99,12,118.74,1559.88
2025-11-14,PRD-B01,38.0,13,42.0,486.4
2025-11-14,PRD-B02,54.0,4,52.2,202.5
2025-11-14,PRD-B03,41.59,8,39.89,332.72
2025-11-14,PRD-B04,85.49,8,89.24,675.38
2025-11-14,PRD-S01,183.99,9,205.19,1637.51
2025-11-14,PRD-S02,32.39,9,31.34,291.51
2025-11-14,PRD-S03,161.99,1,132.99,161.99
2025-11-14,PRD-S04,53.99,3,50.39,161.97
2025-11-15,PRD-E01,142.49,13,137.74,1838.12
2025-11-15,PRD-E02,207.99,7,204.74,1455.93
2025-11-15,PRD-E03,249.99,1,227.05,249.99
2025-11-15,PRD-E04,64.79,3,59.39,184.65
2025-11-15,PRD-A01,57.19,18,58.9,1029.42
2025-11-15,PRD-A02,105.59,8,120.74,828.88
2025-11-15,PRD-A03,39.59,21,51.83,819.51
2025-11-15,PRD-A04,98.79,17,98.0,1570.75
2025-11-15,PRD-H01,53.99,20,54.99,1036.6
2025-11-15,PRD-H02,151.99,22,149.99,3343.78
2025-11-15,PRD-H03,275.99,5,270.74,1379.95
2025-11-15,PRD-H04,129.99,7,118.74,890.43
2025-11-15,PRD-B01,38.0,12,42.0,454.1
2025-11-15,PRD-B02,54.0,11,52.2,572.4
2025-11-15,PRD-B03,41.59,11,39.89,457.49
2025-11-15,PRD-B04,85.49,17,89.24,1440.51
2025-11-15,PRD-S01,183.99,14,205.19,2520.66
2025-11-15,PRD-S02,32.39,13,31.34,421.07
2025-11-15,PRD-S03,161.99,1,132.99,161.99
2025-11-15,PRD-S04,53.99,1,50.39,51.29
2025-11-16,PRD-E01,142.49,19,137.74,2693.06
2025-11-16,PRD-E02,207.99,16,204.74,3265.44
2025-11-16,PRD-E03,249.99,1,227.05,249.99
2025-11-16,PRD-E04,64.79,2,59.39,129.58
2025-11-16,PRD-A01,57.19,30,58.9,1689.96
2025-11-16,PRD-A02,105.59,6,120.74,633.54
2025-11-16,PRD-A03,39.59,26,51.83,1015.48
2025-11-16,PRD-A04,98.79,3,98.0,276.61
2025-11-16,PRD-H01,53.99,16,54.99,847.64
2025-11-16,PRD-H02,151.99,4,149.99,592.76
2025-11-16,PRD-H03,275.99,7,270.74,1904.33
2025-11-16,PRD-H04,129.99,8,118.74,1039.92
2025-11-16,PRD-B01,38.0,16,42.0,598.5
2025-11-16,PRD-B02,54.0,13,52.2,696.6
2025-11-16,PRD-B03,41.59,4,39.89,162.2
2025-11-16,PRD-B04,85.49,15,89.24,1282.35
2025-11-16,PRD-S01,183.99,1,205.19,183.99
2025-11-16,PRD-S02,32.39,12,31.34,369.24
2025-11-16,PRD-S03,161.99,1,132.99,161.99
2025-11-16,PRD-S04,53.99,6,50.39,323.94
2025-11-17,PRD-E01,131.99,22,137.74,2791.58
2025-11-17,PRD-E02,189.99,10,204.74,1890.4
2025-11-17,PRD-E03,259.99,7,227.05,1819.93
2025-11-17,PRD-E04,52.79,6,59.39,314.1
2025-11-17,PRD-A01,64.99,21,58.9,1348.54
2025-11-17,PRD-A02,119.99,3,120.74,359.97
2025-11-17,PRD-A03,46.79,11,51.83,500.65
2025-11-17,PRD-A04,87.39,7,98.0,611.73
2025-11-17,PRD-H01,45.99,10,54.99,457.6
2025-11-17,PRD-H02,166.39,4,149.99,665.56
2025-11-17,PRD-H03,263.99,3,270.74,765.57
2025-11-17,PRD-H04,145.59,15,118.74,2147.45
2025-11-17,PRD-B01,39.52,20,42.0,790.4
2025-11-17,PRD-B02,56.16,18,52.2,1002.45
2025-11-17,PRD-B03,36.79,7,39.89,257.53
2025-11-17,PRD-B04,82.79,11,89.24,898.27
2025-11-17,PRD-S01,223.99,5,205.19,1119.95
2025-11-17,PRD-S02,27.59,11,31.34,297.97
2025-11-17,PRD-S03,137.99,0,132.99,0.0
2025-11-17,PRD-S04,53.99,3,50.39,161.97
2025-11-18,PRD-E01,131.99,11,137.74,1445.29
2025-11-18,PRD-E02,189.99,7,204.74,1329.93
2025-11-18,PRD-E03,259.99,7,227.05,1819.93
2025-11-18,PRD-E04,52.79,7,59.39,364.25
2025-11-18,PRD-A01,64.99,10,58.9,649.9
2025-11-18,PRD-A02,119.99,1,120.74,119.99
2025-11-18,PRD-A03,46.79,22,51.83,1020.02
2025-11-18,PRD-A04,87.39,11,98.0,961.29
2025-11-18,PRD-H01,45.99,7,54.99,317.33
2025-11-18,PRD-H02,166.39,1,149.99,166.39
2025-11-18,PRD-H03,263.99,0,270.74,0.0
2025-11-18,PRD-H04,145.59,13,118.74,1892.67
2025-11-18,PRD-B01,39.52,11,42.0,434.72
2025-11-18,PRD-B02,56.16,6,52.2,325.72
2025-11-18,PRD-B03,36.79,10,39.89,366.06
2025-11-18,PRD-B04,82.79,5,89.24,401.53
2025-11-18,PRD-S01,223.99,1,205.19,223.99
2025-11-18,PRD-S02,27.59,21,31.34,560.07
2025-11-18,PRD-S03,137.99,1,132.99,131.09
2025-11-18,PRD-S04,53.99,10,50.39,539.9
2025-11-19,PRD-E01,131.99,11,137.74,1425.49
2025-11-19,PRD-E02,189.99,6,204.74,1111.44
2025-11-19,PRD-E03,259.99,0,227.05,0.0
2025-11-19,PRD-E04,52.79,9,59.39,472.47
2025-11-19,PRD-A01,64.99,5,58.9,311.95
2025-11-19,PRD-A02,119.99,6,120.74,701.94
2025-11-19,PRD-A03,46.79,16,51.83,739.28
2025-11-19,PRD-A04,87.39,5,98.0,436.95
2025-11-19,PRD-H01,45.99,26,54.99,1186.54
2025-11-19,PRD-H02,166.39,1,149.99,166.39
2025-11-19,PRD-H03,263.99,2,270.74,475.18
2025-11-19,PRD-H04,145.59,10,118.74,1448.62
2025-11-19,PRD-B01,39.52,25,42.0,982.07
2025-11-19,PRD-B02,56.16,18,52.2,1002.46
2025-11-19,PRD-B03,36.79,11,39.89,397.33
2025-11-19,PRD-B04,82.79,3,89.24,248.37
2025-11-19,PRD-S01,223.99,5,205.19,1097.55
2025-11-19,PRD-S02,27.59,11,31.34,296.59
2025-11-19,PRD-S03,137.99,1,132.99,137.99
2025-11-19,PRD-S04,53.99,0,50.39,0.0
2025-11-20,PRD-E01,131.99,19,137.74,2474.81
2025-11-20,PRD-E02,189.99,24,204.74,4455.26
2025-11-20,PRD-E03,259.99,5,227.05,1299.95
2025-11-20,PRD-E04,52.79,27,59.39,1327.65
2025-11-20,PRD-A01,64.99,9,58.9,584.91
2025-11-20,PRD-A02,119.99,13,120.74,1511.87
2025-11-20,PRD-A03,46.79,21,51.83,970.89
2025-11-20,PRD-A04,87.39,11,98.0,961.29
2025-11-20,PRD-H01,45.99,15,54.99,671.45
2025-11-20,PRD-H02,166.39,5,149.99,823.63
2025-11-20,PRD-H03,263.99,5,270.74,1306.75
2025-11-20,PRD-H04,145.59,4,118.74,545.96
2025-11-20,PRD-B01,39.52,13,42.0,492.02
2025-11-20,PRD-B02,56.16,9,52.2,505.44
2025-11-20,PRD-B03,36.79,11,39.89,397.33
2025-11-20,PRD-B04,82.79,7,89.24,550.55
2025-11-20,PRD-S01,223.99,8,205.19,1769.52
2025-11-20,PRD-S02,27.59,7,31.34,187.61
2025-11-20,PRD-S03,137.99,0,132.99,0.0
2025-11-20,PRD-S04,53.99,10,50.39,531.8
2025-11-21,PRD-E01,131.99,7,137.74,923.93
2025-11-21,PRD-E02,189.99,12,204.74,2260.88
2025-11-21,PRD-E03,259.99,13,227.05,3249.87
2025-11-21,PRD-E04,52.79,14,59.39,736.42
2025-11-21,PRD-A01,64.99,13,58.9,844.87
2025-11-21,PRD-A02,119.99,5,120.74,503.95
2025-11-21,PRD-A03,46.79,21,51.83,973.23
2025-11-21,PRD-A04,87.39,9,98.0,782.14
2025-11-21,PRD-H01,45.99,10,54.99,455.3
2025-11-21,PRD-H02,166.39,6,149.99,998.34
2025-11-21,PRD-H03,263.99,6,270.74,1583.94
2025-11-21,PRD-H04,145.59,3,118.74,436.77
2025-11-21,PRD-B01,39.52,6,42.0,237.12
2025-11-21,PRD-B02,56.16,15,52.2,842.4
2025-11-21,PRD-B03,36.79,8,39.89,290.64
2025-11-21,PRD-B04,82.79,5,89.24,405.67
2025-11-21,PRD-S01,223.99,14,205.19,3091.06
2025-11-21,PRD-S02,27.59,17,31.34,469.03
2025-11-21,PRD-S03,137.99,3,132.99,413.97
2025-11-21,PRD-S04,53.99,17,50.39,915.13
2025-11-22,PRD-E01,131.99,10,137.74,1286.9
2025-11-22,PRD-E02,189.99,12,204.74,2279.88
2025-11-22,PRD-E03,259.99,6,227.05,1559.94
2025-11-22,PRD-E04,52.79,12,59.39,617.64
2025-11-22,PRD-A01,64.99,10,58.9,630.4
2025-11-22,PRD-A02,119.99,3,120.74,347.97
2025-11-22,PRD-A03,46.79,22,51.83,1013.0
2025-11-22,PRD-A04,87.39,6,98.0,515.6
2025-11-22,PRD-H01,45.99,11,54.99,505.89
2025-11-22,PRD-H02,166.39,3,149.99,499.17
2025-11-22,PRD-H03,263.99,7,270.74,1821.53
2025-11-22,PRD-H04,145.59,5,118.74,698.83
2025-11-22,PRD-B01,39.52,8,42.0,308.26
2025-11-22,PRD-B02,56.16,28,52.2,1552.81
2025-11-22,PRD-B03,36.79,18,39.89,647.5
2025-11-22,PRD-B04,82.79,15,89.24,1221.15
2025-11-22,PRD-S01,223.99,2,205.19,436.78
2025-11-22,PRD-S02,27.59,10,31.34,271.76
2025-11-22,PRD-S03,137.99,5,132.99,689.95
2025-11-22,PRD-S04,53.99,7,50.39,372.53
2025-11-23,PRD-E01,131.99,17,137.74,2197.63
2025-11-23,PRD-E02,189.99,15,204.74,2840.35
2025-11-23,PRD-E03,259.99,3,227.05,779.97
2025-11-23,PRD-E04,52.79,27,59.39,1404.21
2025-11-23,PRD-A01,64.99,17,58.9,1078.83
2025-11-23,PRD-A02,119.99,6,120.74,719.94
2025-11-23,PRD-A03,46.79,7,51.83,325.19
2025-11-23,PRD-A04,87.39,10,98.0,856.42
2025-11-23,PRD-H01,45.99,11,54.99,496.69
2025-11-23,PRD-H02,166.39,13,149.99,2079.87
2025-11-23,PRD-H03,263.99,14,270.74,3484.66
2025-11-23,PRD-H04,145.59,6,118.74,873.54
2025-11-23,PRD-B01,39.52,16,42.0,612.57
2025-11-23,PRD-B02,56.16,6,52.2,336.96
2025-11-23,PRD-B03,36.79,12,39.89,432.28
2025-11-23,PRD-B04,82.79,7,89.24,579.53
2025-11-23,PRD-S01,223.99,4,205.19,873.56
2025-11-23,PRD-S02,27.59,17,31.34,462.13
2025-11-23,PRD-S03,137.99,4,132.99,551.96
2025-11-23,PRD-S04,53.99,2,50.39,107.98
2025-11-24,PRD-E01,131.99,16,144.99,2092.04
2025-11-24,PRD-E02,189.99,13,204.74,2403.37
2025-11-24,PRD-E03,259.99,3,227.05,779.97
2025-11-24,PRD-E04,52.79,12,52.24,622.92
2025-11-24,PRD-A01,64.99,9,65.1,581.66
2025-11-24,PRD-A02,119.99,5,114.99,587.95
2025-11-24,PRD-A03,46.79,22,47.99,1001.3
2025-11-24,PRD-A04,87.39,6,88.2,511.23
2025-11-24,PRD-H01,45.99,17,57.74,761.13
2025-11-24,PRD-H02,166.39,2,149.99,332.78
2025-11-24,PRD-H03,263.99,7,299.24,1768.73
2025-11-24,PRD-H04,145.59,6,118.74,873.54
2025-11-24,PRD-B01,39.52,10,44.1,381.35
2025-11-24,PRD-B02,56.16,4,55.1,219.02
2025-11-24,PRD-B03,36.79,9,41.03,325.59
2025-11-24,PRD-B04,82.79,9,89.24,736.83
2025-11-24,PRD-S01,223.99,2,189.99,447.98
2025-11-24,PRD-S02,27.59,15,35.63,413.85
2025-11-24,PRD-S03,137.99,2,139.99,248.38
2025-11-24,PRD-S04,53.99,11,51.83,593.89
2025-11-25,PRD-E01,131.99,25,144.99,3279.95
2025-11-25,PRD-E02,189.99,8,204.74,1415.42
2025-11-25,PRD-E03,259.99,4,227.05,1013.96
2025-11-25,PRD-E04,52.79,20,52.24,1055.8
2025-11-25,PRD-A01,64.99,5,65.1,324.95
2025-11-25,PRD-A02,119.99,4,114.99,467.96
2025-11-25,PRD-A03,46.79,21,47.99,980.25
2025-11-25,PRD-A04,87.39,6,88.2,515.6
2025-11-25,PRD-H01,45.99,5,57.74,225.35
2025-11-25,PRD-H02,166.39,1,149.99,166.39
2025-11-25,PRD-H03,263.99,3,299.24,765.57
2025-11-25,PRD-H04,145.59,9,118.74,1310.31
2025-11-25,PRD-B01,39.52,6,44.1,237.12
2025-11-25,PRD-B02,56.16,2,55.1,112.32
2025-11-25,PRD-B03,36.79,10,41.03,360.54
2025-11-25,PRD-B04,82.79,7,89.24,571.25
2025-11-25,PRD-S01,223.99,3,189.99,671.97
2025-11-25,PRD-S02,27.59,19,35.63,518.69
2025-11-25,PRD-S03,137.99,1,139.99,137.99
2025-11-25,PRD-S04,53.99,4,51.83,215.96
2025-11-26,PRD-E01,131.99,22,144.99,2877.38
2025-11-26,PRD-E02,189.99,11,204.74,2023.39
2025-11-26,PRD-E03,259.99,4,227.05,1026.96
2025-11-26,PRD-E04,52.79,11,52.24,580.69
2025-11-26,PRD-A01,64.99,11,65.1,711.64
2025-11-26,PRD-A02,119.99,1,114.99,119.99
2025-11-26,PRD-A03,46.79,15,47.99,692.49
2025-11-26,PRD-A04,87.39,4,88.2,349.56
2025-11-26,PRD-H01,45.99,11,57.74,482.89
2025-11-26,PRD-H02,166.39,3,149.99,490.85
2025-11-26,PRD-H03,263.99,6,299.24,1531.14
2025-11-26,PRD-H04,145.59,11,118.74,1557.81
2025-11-26,PRD-B01,39.52,5,44.1,193.65
2025-11-26,PRD-B02,56.16,14,55.1,763.77
2025-11-26,PRD-B03,36.79,5,41.03,180.27
2025-11-26,PRD-B04,82.79,12,89.24,985.2
2025-11-26,PRD-S01,223.99,4,189.99,884.76
2025-11-26,PRD-S02,27.59,35,35.63,958.75
2025-11-26,PRD-S03,137.99,0,139.99,0.0
2025-11-26,PRD-S04,53.99,4,51.83,205.16
2025-11-27,PRD-E01,131.99,12,144.99,1577.28
2025-11-27,PRD-E02,189.99,10,204.74,1899.9
2025-11-27,PRD-E03,259.99,5,227.05,1299.95
2025-11-27,PRD-E04,52.79,17,52.24,894.79
2025-11-27,PRD-A01,64.99,15,65.1,968.35
2025-11-27,PRD-A02,119.99,6,114.99,719.94
2025-11-27,PRD-A03,46.79,15,47.99,701.85
2025-11-27,PRD-A04,87.39,6,88.2,511.23
2025-11-27,PRD-H01,45.99,10,57.74,450.7
2025-11-27,PRD-H02,166.39,1,149.99,166.39
2025-11-27,PRD-H03,263.99,6,299.24,1583.94
2025-11-27,PRD-H04,145.59,3,118.74,436.77
2025-11-27,PRD-B01,39.52,11,44.1,422.87
2025-11-27,PRD-B02,56.16,13,55.1,724.46
2025-11-27,PRD-B03,36.79,13,41.03,467.23
2025-11-27,PRD-B04,82.79,2,89.24,165.58
2025-11-27,PRD-S01,223.99,6,189.99,1321.54
2025-11-27,PRD-S02,27.59,11,35.63,302.11
2025-11-27,PRD-S03,137.99,6,139.99,807.24
2025-11-27,PRD-S04,53.99,6,51.83,313.14
2025-11-28,PRD-E01,131.99,11,144.99,1392.49
2025-11-28,PRD-E02,189.99,8,204.74,1519.92
2025-11-28,PRD-E03,259.99,5,227.05,1182.95
2025-11-28,PRD-E04,52.79,9,52.24,472.47
2025-11-28,PRD-A01,64.99,3,65.1,194.97
2025-11-28,PRD-A02,119.99,6,114.99,707.94
2025-11-28,PRD-A03,46.79,8,47.99,374.32
2025-11-28,PRD-A04,87.39,3,88.2,253.43
2025-11-28,PRD-H01,45.99,6,57.74,271.34
2025-11-28,PRD-H02,166.39,1,149.99,166.39
2025-11-28,PRD-H03,263.99,5,299.24,1293.55
2025-11-28,PRD-H04,145.59,8,118.74,1157.44
2025-11-28,PRD-B01,39.52,10,44.1,393.22
2025-11-28,PRD-B02,56.16,18,55.1,982.78
2025-11-28,PRD-B03,36.79,11,41.03,402.85
2025-11-28,PRD-B04,82.79,9,89.24,745.11
2025-11-28,PRD-S01,223.99,0,189.99,0.0
2025-11-28,PRD-S02,27.59,12,35.63,329.7
2025-11-28,PRD-S03,137.99,5,139.99,689.95
2025-11-28,PRD-S04,53.99,3,51.83,161.97
2025-11-29,PRD-E01,131.99,20,144.99,2626.6
2025-11-29,PRD-E02,189.99,9,204.74,1709.91
2025-11-29,PRD-E03,259.99,9,227.05,2339.91
2025-11-29,PRD-E04,52.79,16,52.24,842.0
2025-11-29,PRD-A01,64.99,11,65.1,714.89
2025-11-29,PRD-A02,119.99,12,114.99,1379.88
2025-11-29,PRD-A03,46.79,26,47.99,1172.08
2025-11-29,PRD-A04,87.39,4,88.2,349.56
2025-11-29,PRD-H01,45.99,15,57.74,673.75
2025-11-29,PRD-H02,166.39,2,149.99,332.78
2025-11-29,PRD-H03,263.99,5,299.24,1319.95
2025-11-29,PRD-H04,145.59,11,118.74,1601.49
2025-11-29,PRD-B01,39.52,8,44.1,302.32
2025-11-29,PRD-B02,56.16,13,55.1,718.84
2025-11-29,PRD-B03,36.79,16,41.03,584.96
2025-11-29,PRD-B04,82.79,8,89.24,662.32
2025-11-29,PRD-S01,223.99,4,189.99,895.96
2025-11-29,PRD-S02,27.59,8,35.63,212.44
2025-11-29,PRD-S03,137.99,1,139.99,137.99
2025-11-29,PRD-S04,53.99,7,51.83,367.13
2025-11-30,PRD-E01,131.99,35,144.99,4494.25
2025-11-30,PRD-E02,189.99,9,204.74,1709.91
2025-11-30,PRD-E03,259.99,6,227.05,1520.94
2025-11-30,PRD-E04,52.79,19,52.24,968.69
2025-11-30,PRD-A01,64.99,23,65.1,1488.27
2025-11-30,PRD-A02,119.99,2,114.99,239.98
2025-11-30,PRD-A03,46.79,16,47.99,746.3
2025-11-30,PRD-A04,87.39,13,88.2,1109.85
2025-11-30,PRD-H01,45.99,25,57.74,1094.55
2025-11-30,PRD-H02,166.39,2,149.99,324.46
2025-11-30,PRD-H03,263.99,6,299.24,1570.74
2025-11-30,PRD-H04,145.59,7,118.74,1019.13
2025-11-30,PRD-B01,39.52,11,44.1,430.77
2025-11-30,PRD-B02,56.16,8,55.1,435.24
2025-11-30,PRD-B03,36.79,12,41.03,439.64
2025-11-30,PRD-B04,82.79,18,89.24,1477.8
2025-11-30,PRD-S01,223.99,4,189.99,851.16
2025-11-30,PRD-S02,27.59,16,35.63,433.16
2025-11-30,PRD-S03,137.99,0,139.99,0.0
2025-11-30,PRD-S04,53.99,1,51.83,53.99
2025-12-01,PRD-E01,161.99,22,144.99,3555.68
2025-12-01,PRD-E02,215.99,8,204.74,1727.92
2025-12-01,PRD-E03,237.49,10,227.05,2374.9
2025-12-01,PRD-E04,55.19,5,52.24,275.95
2025-12-01,PRD-A01,59.79,10,65.1,591.92
2025-12-01,PRD-A02,105.59,8,114.99,839.44
2025-12-01,PRD-A03,39.59,18,47.99,700.74
2025-12-01,PRD-A04,98.79,2,88.2,177.82
2025-12-01,PRD-H01,45.99,17,57.74,777.23
2025-12-01,PRD-H02,159.99,6,149.99,903.94
2025-12-01,PRD-H03,284.99,5,299.24,1424.95
2025-12-01,PRD-H04,123.49,13,118.74,1593.02
2025-12-01,PRD-B01,42.56,9,44.1,374.52
2025-12-01,PRD-B02,56.16,4,55.1,219.02
2025-12-01,PRD-B03,36.79,16,41.03,588.64
2025-12-01,PRD-B04,85.49,10,89.24,854.9
2025-12-01,PRD-S01,207.99,3,189.99,623.97
2025-12-01,PRD-S02,31.19,15,35.63,467.85
2025-12-01,PRD-S03,149.99,3,139.99,427.47
2025-12-01,PRD-S04,53.99,5,51.83,264.55
2025-12-02,PRD-E01,161.99,12,144.99,1919.58
2025-12-02,PRD-E02,215.99,15,204.74,3239.85
2025-12-02,PRD-E03,237.49,1,227.05,237.49
2025-12-02,PRD-E04,55.19,14,52.24,758.86
2025-12-02,PRD-A01,59.79,11,65.1,624.8
2025-12-02,PRD-A02,105.59,8,114.99,839.44
2025-12-02,PRD-A03,39.59,21,47.99,815.55
2025-12-02,PRD-A04,98.79,5,88.2,493.95
2025-12-02,PRD-H01,45.99,16,57.74,724.34
2025-12-02,PRD-H02,159.99,3,149.99,463.97
2025-12-02,PRD-H03,284.99,8,299.24,2237.17
2025-12-02,PRD-H04,123.49,10,118.74,1234.9
2025-12-02,PRD-B01,42.56,15,44.1,625.63
2025-12-02,PRD-B02,56.16,15,55.1,797.49
2025-12-02,PRD-B03,36.79,17,41.03,581.27
2025-12-02,PRD-B04,85.49,14,89.24,1175.49
2025-12-02,PRD-S01,207.99,2,189.99,415.98
2025-12-02,PRD-S02,31.19,20,35.63,609.76
2025-12-02,PRD-S03,149.99,4,139.99,599.96
2025-12-02,PRD-S04,53.99,2,51.83,105.28
2025-12-03,PRD-E01,161.99,15,144.99,2413.65
2025-12-03,PRD-E02,215.99,7,204.74,1468.73
2025-12-03,PRD-E03,237.49,6,227.05,1424.94
2025-12-03,PRD-E04,55.19,11,52.24,601.57
2025-12-03,PRD-A01,59.79,16,65.1,917.77
2025-12-03,PRD-A02,105.59,3,114.99,295.65
2025-12-03,PRD-A03,39.59,25,47.99,989.75
2025-12-03,PRD-A04,98.79,13,88.2,1279.33
2025-12-03,PRD-H01,45.99,12,57.74,551.88
2025-12-03,PRD-H02,159.99,0,149.99,0.0
2025-12-03,PRD-H03,284.99,9,299.24,2550.66
2025-12-03,PRD-H04,123.49,9,118.74,1092.89
2025-12-03,PRD-B01,42.56,7,44.1,293.66
2025-12-03,PRD-B02,56.16,10,55.1,555.98
2025-12-03,PRD-B03,36.79,9,41.03,323.75
2025-12-03,PRD-B04,85.49,13,89.24,1107.1
2025-12-03,PRD-S01,207.99,2,189.99,415.98
2025-12-03,PRD-S02,31.19,11,35.63,339.97
2025-12-03,PRD-S03,149.99,1,139.99,149.99
2025-12-03,PRD-S04,53.99,6,51.83,318.54
2025-12-04,PRD-E01,161.99,4,144.99,647.96
2025-12-04,PRD-E02,215.99,11,204.74,2375.89
2025-12-04,PRD-E03,237.49,7,227.05,1662.43
2025-12-04,PRD-E04,55.19,9,52.24,482.91
2025-12-04,PRD-A01,59.79,24,65.1,1431.97
2025-12-04,PRD-A02,105.59,8,114.99,818.32
2025-12-04,PRD-A03,39.59,18,47.99,702.72
2025-12-04,PRD-A04,98.79,6,88.2,592.74
2025-12-04,PRD-H01,45.99,9,57.74,404.71
2025-12-04,PRD-H02,159.99,3,149.99,479.97
2025-12-04,PRD-H03,284.99,3,299.24,854.97
2025-12-04,PRD-H04,123.49,15,118.74,1815.31
2025-12-04,PRD-B01,42.56,7,44.1,297.92
2025-12-04,PRD-B02,56.16,22,55.1,1184.94
2025-12-04,PRD-B03,36.79,7,41.03,257.53
2025-12-04,PRD-B04,85.49,10,89.24,837.8
2025-12-04,PRD-S01,207.99,3,189.99,623.97
2025-12-04,PRD-S02,31.19,7,35.63,218.33
2025-12-04,PRD-S03,149.99,0,139.99,0.0
2025-12-04,PRD-S04,53.99,6,51.83,323.94
2025-12-05,PRD-E01,161.99,21,144.99,3369.39
2025-12-05,PRD-E02,215.99,7,204.74,1490.33
2025-12-05,PRD-E03,237.49,7,227.05,1614.93
2025-12-05,PRD-E04,55.19,17,52.24,932.71
2025-12-05,PRD-A01,59.79,15,65.1,872.93
2025-12-05,PRD-A02,105.59,0,114.99,0.0
2025-12-05,PRD-A03,39.59,13,47.99,514.67
2025-12-05,PRD-A04,98.79,5,88.2,493.95
2025-12-05,PRD-H01,45.99,11,57.74,498.99
2025-12-05,PRD-H02,159.99,4,149.99,639.96
2025-12-05,PRD-H03,284.99,8,299.24,2251.42
2025-12-05,PRD-H04,123.49,9,118.74,1074.37
2025-12-05,PRD-B01,42.56,5,44.1,208.54
2025-12-05,PRD-B02,56.16,7,55.1,359.44
2025-12-05,PRD-B03,36.79,8,41.03,272.24
2025-12-05,PRD-B04,85.49,9,89.24,769.41
2025-12-05,PRD-S01,207.99,2,189.99,415.98
2025-12-05,PRD-S02,31.19,29,35.63,892.03
2025-12-05,PRD-S03,149.99,7,139.99,1049.93
2025-12-05,PRD-S04,53.99,3,51.83,161.97
2025-12-06,PRD-E01,161.99,17,144.99,2713.33
2025-12-06,PRD-E02,215.99,2,204.74,431.98
2025-12-06,PRD-E03,237.49,12,227.05,2826.13
2025-12-06,PRD-E04,55.19,11,52.24,593.29
2025-12-06,PRD-A01,59.79,31,65.1,1796.68
2025-12-06,PRD-A02,105.59,8,114.99,828.88
2025-12-06,PRD-A03,39.59,32,47.99,1264.9
2025-12-06,PRD-A04,98.79,7,88.2,676.71
2025-12-06,PRD-H01,45.99,12,57.74,551.88
2025-12-06,PRD-H02,159.99,7,149.99,999.93
2025-12-06,PRD-H03,284.99,15,299.24,4246.35
2025-12-06,PRD-H04,123.49,12,118.74,1407.78
2025-12-06,PRD-B01,42.56,14,44.1,583.07
2025-12-06,PRD-B02,56.16,11,55.1,612.14
2025-12-06,PRD-B03,36.79,24,41.03,860.88
2025-12-06,PRD-B04,85.49,22,89.24,1872.23
2025-12-06,PRD-S01,207.99,0,189.99,0.0
2025-12-06,PRD-S02,31.19,22,35.63,681.5
2025-12-06,PRD-S03,149.99,8,139.99,1079.92
2025-12-06,PRD-S04,53.99,3,51.83,156.57
2025-12-07,PRD-E01,161.99,18,144.99,2915.82
2025-12-07,PRD-E02,215.99,5,204.74,1079.95
2025-12-07,PRD-E03,237.49,3,227.05,688.72
2025-12-07,PRD-E04,55.19,20,52.24,1087.24
2025-12-07,PRD-A01,59.79,14,65.1,834.07
2025-12-07,PRD-A02,105.59,15,114.99,1488.81
2025-12-07,PRD-A03,39.59,32,47.99,1241.14
2025-12-07,PRD-A04,98.79,5,88.2,474.19
2025-12-07,PRD-H01,45.99,14,57.74,639.26
2025-12-07,PRD-H02,159.99,6,149.99,943.94
2025-12-07,PRD-H03,284.99,6,299.24,1652.94
2025-12-07,PRD-H04,123.49,21,118.74,2593.29
2025-12-07,PRD-B01,42.56,18,44.1,761.82
2025-12-07,PRD-B02,56.16,26,55.1,1398.39
2025-12-07,PRD-B03,36.79,16,41.03,586.8
2025-12-07,PRD-B04,85.49,11,89.24,927.57
2025-12-07,PRD-S01,207.99,6,189.99,1206.34
2025-12-07,PRD-S02,31.19,10,35.63,307.22
2025-12-07,PRD-S03,149.99,3,139.99,449.97
2025-12-07,PRD-S04,53.99,4,51.83,215.96
2025-12-08,PRD-E01,161.99,14,144.99,2211.16
2025-12-08,PRD-E02,215.99,9,204.74,1868.31
2025-12-08,PRD-E03,237.49,1,227.05,237.49
2025-12-08,PRD-E04,55.19,7,52.24,380.81
2025-12-08,PRD-A01,59.79,15,65.1,881.9
2025-12-08,PRD-A02,105.59,4,114.99,422.36
2025-12-08,PRD-A03,39.59,13,47.99,490.91
2025-12-08,PRD-A04,98.79,0,88.2,0.0
2025-12-08,PRD-H01,45.99,9,57.74,411.61
2025-12-08,PRD-H02,159.99,9,149.99,1439.91
2025-12-08,PRD-H03,284.99,4,299.24,1111.46
2025-12-08,PRD-H04,123.49,7,118.74,864.43
2025-12-08,PRD-B01,42.56,18,44.1,757.56
2025-12-08,PRD-B02,56.16,10,55.1,550.36
2025-12-08,PRD-B03,36.79,30,41.03,1094.5
2025-12-08,PRD-B04,85.49,20,89.24,1709.8
2025-12-08,PRD-S01,207.99,14,189.99,2891.06
2025-12-08,PRD-S02,31.19,11,35.63,330.61
2025-12-08,PRD-S03,149.99,0,139.99,0.0
2025-12-08,PRD-S04,53.99,4,51.83,215.96
2025-12-09,PRD-E01,161.99,2,144.99,323.98
2025-12-09,PRD-E02,215.99,10,204.74,2138.3
2025-12-09,PRD-E03,237.49,5,227.05,1175.58
2025-12-09,PRD-E04,55.19,10,52.24,538.1
2025-12-09,PRD-A01,59.79,13,65.1,777.27
2025-12-09,PRD-A02,105.59,2,114.99,211.18
2025-12-09,PRD-A03,39.59,27,47.99,1047.15
2025-12-09,PRD-A04,98.79,5,88.2,493.95
2025-12-09,PRD-H01,45.99,26,57.74,1140.54
2025-12-09,PRD-H02,159.99,1,149.99,151.99
2025-12-09,PRD-H03,284.99,11,299.24,3020.89
2025-12-09,PRD-H04,123.49,15,118.74,1821.48
2025-12-09,PRD-B01,42.56,13,44.1,538.37
2025-12-09,PRD-B02,56.16,14,55.1,777.81
2025-12-09,PRD-B03,36.79,15,41.03,542.65
2025-12-09,PRD-B04,85.49,2,89.24,170.98
2025-12-09,PRD-S01,207.99,2,189.99,363.98
2025-12-09,PRD-S02,31.19,14,35.63,430.42
2025-12-09,PRD-S03,149.99,2,139.99,299.98
2025-12-09,PRD-S04,53.99,4,51.83,215.96
2025-12-10,PRD-E01,161.99,5,144.99,793.75
2025-12-10,PRD-E02,215.99,9,204.74,1943.91
2025-12-10,PRD-E03,237.49,6,227.05,1424.94
2025-12-10,PRD-E04,55.19,12,52.24,648.48
2025-12-10,PRD-A01,59.79,17,65.1,1016.43
2025-12-10,PRD-A02,105.59,1,114.99,105.59
2025-12-10,PRD-A03,39.59,22,47.99,839.3
2025-12-10,PRD-A04,98.79,2,88.2,197.58
2025-12-10,PRD-H01,45.99,8,57.74,363.32
2025-12-10,PRD-H02,159.99,0,149.99,0.0
2025-12-10,PRD-H03,284.99,4,299.24,1139.96
2025-12-10,PRD-H04,123.49,33,118.74,4001.12
2025-12-10,PRD-B01,42.56,19,44.1,808.64
2025-12-10,PRD-B02,56.16,9,55.1,499.82
2025-12-10,PRD-B03,36.79,9,41.03,329.27
2025-12-10,PRD-B04,85.49,8,89.24,649.72
2025-12-10,PRD-S01,207.99,3,189.99,582.37
2025-12-10,PRD-S02,31.19,11,35.63,335.29
2025-12-10,PRD-S03,149.99,2,139.99,277.48
2025-12-10,PRD-S04,53.99,7,51.83,377.93
2025-12-11,PRD-E01,161.99,10,144.99,1595.6
2025-12-11,PRD-E02,215.99,3,204.74,647.97
2025-12-11,PRD-E03,237.49,10,227.05,2232.41
2025-12-11,PRD-E04,55.19,13,52.24,717.47
2025-12-11,PRD-A01,59.79,12,65.1,711.5
2025-12-11,PRD-A02,105.59,8,114.99,834.16
2025-12-11,PRD-A03,39.59,18,47.99,698.76
2025-12-11,PRD-A04,98.79,3,88.2,296.37
2025-12-11,PRD-H01,45.99,10,57.74,459.9
2025-12-11,PRD-H02,159.99,3,149.99,471.97
2025-12-11,PRD-H03,284.99,20,299.24,5699.8
2025-12-11,PRD-H04,123.49,19,118.74,2241.34
2025-12-11,PRD-B01,42.56,13,44.1,538.37
2025-12-11,PRD-B02,56.16,3,55.1,165.67
2025-12-11,PRD-B03,36.79,7,41.03,253.85
2025-12-11,PRD-B04,85.49,13,89.24,1102.82
2025-12-11,PRD-S01,207.99,36,189.99,7238.04
2025-12-11,PRD-S02,31.19,10,35.63,296.3
2025-12-11,PRD-S03,149.99,4,139.99,599.96
2025-12-11,PRD-S04,53.99,1,51.83,53.99
2025-12-12,PRD-E01,161.99,8,144.99,1279.72
2025-12-12,PRD-E02,215.99,12,204.74,2591.88
2025-12-12,PRD-E03,237.49,5,227.05,1187.45
2025-12-12,PRD-E04,55.19,5,52.24,275.95
2025-12-12,PRD-A01,59.79,16,65.1,941.69
2025-12-12,PRD-A02,105.59,6,114.99,607.14
2025-12-12,PRD-A03,39.59,16,47.99,633.44
2025-12-12,PRD-A04,98.79,3,88.2,296.37
2025-12-12,PRD-H01,45.99,22,57.74,970.38
2025-12-12,PRD-H02,159.99,2,149.99,319.98
2025-12-12,PRD-H03,284.99,7,299.24,1966.43
2025-12-12,PRD-H04,123.49,9,118.74,1086.71
2025-12-12,PRD-B01,42.56,8,44.1,331.96
2025-12-12,PRD-B02,56.16,8,55.1,443.66
2025-12-12,PRD-B03,36.79,14,41.03,507.7
2025-12-12,PRD-B04,85.49,4,89.24,341.96
2025-12-12,PRD-S01,207.99,1,189.99,207.99
2025-12-12,PRD-S02,31.19,5,35.63,152.83
2025-12-12,PRD-S03,149.99,1,139.99,149.99
2025-12-12,PRD-S04,53.99,7,51.83,377.93
2025-12-13,PRD-E01,161.99,14,144.99,2194.96
2025-12-13,PRD-E02,215.99,16,204.74,3358.64
2025-12-13,PRD-E03,237.49,7,227.05,1662.43
2025-12-13,PRD-E04,55.19,19,52.24,1034.81
2025-12-13,PRD-A01,59.79,13,65.1,777.27
2025-12-13,PRD-A02,105.59,2,114.99,211.18
2025-12-13,PRD-A03,39.59,22,47.99,857.12
2025-12-13,PRD-A04,98.79,6,88.2,568.04
2025-12-13,PRD-H01,45.99,16,57.74,712.84
2025-12-13,PRD-H02,159.99,1,149.99,159.99
2025-12-13,PRD-H03,284.99,7,299.24,1994.93
2025-12-13,PRD-H04,123.49,18,118.74,2099.32
2025-12-13,PRD-B01,42.56,12,44.1,483.07
2025-12-13,PRD-B02,56.16,13,55.1,724.46
2025-12-13,PRD-B03,36.79,15,41.03,526.09
2025-12-13,PRD-B04,85.49,10,89.24,807.88
2025-12-13,PRD-S01,207.99,9,189.99,1871.91
2025-12-13,PRD-S02,31.19,27,35.63,834.33
2025-12-13,PRD-S03,149.99,2,139.99,299.98
2025-12-13,PRD-S04,53.99,8,51.83,426.52
2025-12-14,PRD-E01,161.99,14,144.99,2243.56
2025-12-14,PRD-E02,215.99,9,204.74,1933.11
2025-12-14,PRD-E03,237.49,4,227.05,926.21
2025-12-14,PRD-E04,55.19,16,52.24,860.96
2025-12-14,PRD-A01,59.79,17,65.1,998.49
2025-12-14,PRD-A02,105.59,3,114.99,316.77
2025-12-14,PRD-A03,39.59,22,47.99,859.1
2025-12-14,PRD-A04,98.79,2,88.2,177.82
2025-12-14,PRD-H01,45.99,9,57.74,407.01
2025-12-14,PRD-H02,159.99,1,149.99,151.99
2025-12-14,PRD-H03,284.99,11,299.24,3077.89
2025-12-14,PRD-H04,123.49,10,118.74,1222.55
2025-12-14,PRD-B01,42.56,11,44.1,453.25
2025-12-14,PRD-B02,56.16,7,55.1,387.5
2025-12-14,PRD-B03,36.79,17,41.03,623.59
2025-12-14,PRD-B04,85.49,11,89.24,940.39
2025-12-14,PRD-S01,207.99,6,189.99,1247.94
2025-12-14,PRD-S02,31.19,17,35.63,525.55
2025-12-14,PRD-S03,149.99,3,139.99,412.47
2025-12-14,PRD-S04,53.99,5,51.83,269.95
2025-12-15,PRD-E01,131.99,13,137.74,1702.67
2025-12-15,PRD-E02,183.99,19,210.59,3495.81
2025-12-15,PRD-E03,237.49,4,250.95,949.96
2025-12-15,PRD-E04,59.99,10,54.99,590.9
2025-12-15,PRD-A01,59.79,9,62.0,535.12
2025-12-15,PRD-A02,110.39,5,120.74,535.39
2025-12-15,PRD-A03,39.59,24,45.59,924.42
2025-12-15,PRD-A04,90.24,2,93.1,180.48
2025-12-15,PRD-H01,55.99,24,54.99,1256.96
2025-12-15,PRD-H02,172.79,3,134.99,518.37
2025-12-15,PRD-H03,263.99,13,299.24,3431.87
2025-12-15,PRD-H04,145.59,9,118.74,1281.19
2025-12-15,PRD-B01,34.96,9,37.8,314.64
2025-12-15,PRD-B02,47.52,9,60.9,422.93
2025-12-15,PRD-B03,41.59,14,36.09,576.02
2025-12-15,PRD-B04,89.99,8,80.74,719.92
2025-12-15,PRD-S01,215.99,2,189.99,431.98
2025-12-15,PRD-S02,27.59,12,32.99,300.72
2025-12-15,PRD-S03,161.99,1,132.99,161.99
2025-12-15,PRD-S04,49.99,2,45.59,99.98
2025-12-16,PRD-E01,131.99,9,137.74,1181.31
2025-12-16,PRD-E02,183.99,8,210.59,1444.32
2025-12-16,PRD-E03,237.49,5,250.95,1187.45
2025-12-16,PRD-E04,59.99,13,54.99,776.87
2025-12-16,PRD-A01,59.79,27,62.0,1551.54
2025-12-16,PRD-A02,110.39,5,120.74,518.83
2025-12-16,PRD-A03,39.59,19,45.59,742.31
2025-12-16,PRD-A04,90.24,1,93.1,90.24
2025-12-16,PRD-H01,55.99,4,54.99,204.36
2025-12-16,PRD-H02,172.79,4,134.99,691.16
2025-12-16,PRD-H03,263.99,6,299.24,1531.14
2025-12-16,PRD-H04,145.59,9,118.74,1288.47
2025-12-16,PRD-B01,34.96,6,37.8,195.78
2025-12-16,PRD-B02,47.52,9,60.9,427.68
2025-12-16,PRD-B03,41.59,7,36.09,289.05
2025-12-16,PRD-B04,89.99,20,80.74,1786.3
2025-12-16,PRD-S01,215.99,0,189.99,0.0
2025-12-16,PRD-S02,27.59,16,32.99,438.68
2025-12-16,PRD-S03,161.99,2,132.99,323.98
2025-12-16,PRD-S04,49.99,4,45.59,192.46
2025-12-17,PRD-E01,131.99,15,137.74,1966.65
2025-12-17,PRD-E02,183.99,10,210.59,1738.7
2025-12-17,PRD-E03,237.49,2,250.95,451.23
2025-12-17,PRD-E04,59.99,10,54.99,551.9
2025-12-17,PRD-A01,59.79,13,62.0,756.34
2025-12-17,PRD-A02,110.39,2,120.74,220.78
2025-12-17,PRD-A03,39.59,29,45.59,1144.15
2025-12-17,PRD-A04,90.24,1,93.1,90.24
2025-12-17,PRD-H01,55.99,11,54.99,601.89
2025-12-17,PRD-H02,172.79,3,134.99,483.81
2025-12-17,PRD-H03,263.99,11,299.24,2864.29
2025-12-17,PRD-H04,145.59,7,118.74,1019.13
2025-12-17,PRD-B01,34.96,12,37.8,416.02
2025-12-17,PRD-B02,47.52,7,60.9,323.14
2025-12-17,PRD-B03,41.59,7,36.09,291.13
2025-12-17,PRD-B04,89.99,16,80.74,1358.84
2025-12-17,PRD-S01,215.99,3,189.99,637.17
2025-12-17,PRD-S02,27.59,6,32.99,155.88
2025-12-17,PRD-S03,161.99,2,132.99,323.98
2025-12-17,PRD-S04,49.99,4,45.59,199.96
2025-12-18,PRD-E01,131.99,10,137.74,1300.1
2025-12-18,PRD-E02,183.99,9,210.59,1628.31
2025-12-18,PRD-E03,237.49,4,250.95,949.96
2025-12-18,PRD-E04,59.99,12,54.99,713.88
2025-12-18,PRD-A01,59.79,9,62.0,520.17
2025-12-18,PRD-A02,110.39,4,120.74,441.56
2025-12-18,PRD-A03,39.59,21,45.59,821.49
2025-12-18,PRD-A04,90.24,0,93.1,0.0
2025-12-18,PRD-H01,55.99,14,54.99,783.86
2025-12-18,PRD-H02,172.79,0,134.99,0.0
2025-12-18,PRD-H03,263.99,5,299.24,1319.95
2025-12-18,PRD-H04,145.59,1,118.74,145.59
2025-12-18,PRD-B01,34.96,15,37.8,524.4
2025-12-18,PRD-B02,47.52,8,60.9,373.03
2025-12-18,PRD-B03,41.59,1,36.09,41.59
2025-12-18,PRD-B04,89.99,12,80.74,1057.38
2025-12-18,PRD-S01,215.99,6,189.99,1295.94
2025-12-18,PRD-S02,27.59,14,32.99,379.36
2025-12-18,PRD-S03,161.99,1,132.99,161.99
2025-12-18,PRD-S04,49.99,5,45.59,239.95
2025-12-19,PRD-E01,131.99,19,137.74,2461.61
2025-12-19,PRD-E02,183.99,4,210.59,726.76
2025-12-19,PRD-E03,237.49,10,250.95,2363.03
2025-12-19,PRD-E04,59.99,13,54.99,779.87
2025-12-19,PRD-A01,59.79,7,62.0,412.55
2025-12-19,PRD-A02,110.39,6,120.74,662.34
2025-12-19,PRD-A03,39.59,22,45.59,867.02
2025-12-19,PRD-A04,90.24,8,93.1,654.22
2025-12-19,PRD-H01,55.99,10,54.99,548.7
2025-12-19,PRD-H02,172.79,0,134.99,0.0
2025-12-19,PRD-H03,263.99,14,299.24,3577.06
2025-12-19,PRD-H04,145.59,18,118.74,2598.78
2025-12-19,PRD-B01,34.96,6,37.8,208.01
2025-12-19,PRD-B02,47.52,22,60.9,1031.18
2025-12-19,PRD-B03,41.59,7,36.09,291.13
2025-12-19,PRD-B04,89.99,22,80.74,1970.78
2025-12-19,PRD-S01,215.99,5,189.99,1069.15
2025-12-19,PRD-S02,27.59,11,32.99,293.83
2025-12-19,PRD-S03,161.99,1,132.99,161.99
2025-12-19,PRD-S04,49.99,3,45.59,144.97
2025-12-20,PRD-E01,131.99,15,137.74,1913.85
2025-12-20,PRD-E02,183.99,26,210.59,4627.34
2025-12-20,PRD-E03,237.49,5,250.95,1187.45
2025-12-20,PRD-E04,59.99,15,54.99,899.85
2025-12-20,PRD-A01,59.79,9,62.0,526.15
2025-12-20,PRD-A02,110.39,1,120.74,99.35
2025-12-20,PRD-A03,39.59,13,45.59,498.83
2025-12-20,PRD-A04,90.24,11,93.1,988.13
2025-12-20,PRD-H01,55.99,13,54.99,722.27
2025-12-20,PRD-H02,172.79,5,134.99,863.95
2025-12-20,PRD-H03,263.99,17,299.24,4421.83
2025-12-20,PRD-H04,145.59,12,118.74,1710.68
2025-12-20,PRD-B01,34.96,33,37.8,1132.68
2025-12-20,PRD-B02,47.52,22,60.9,1033.56
2025-12-20,PRD-B03,41.59,15,36.09,596.81
2025-12-20,PRD-B04,89.99,18,80.74,1466.82
2025-12-20,PRD-S01,215.99,3,189.99,647.97
2025-12-20,PRD-S02,27.59,20,32.99,536.62
2025-12-20,PRD-S03,161.99,0,132.99,0.0
2025-12-20,PRD-S04,49.99,10,45.59,494.9
2025-12-21,PRD-E01,131.99,23,137.74,2956.57
2025-12-21,PRD-E02,183.99,21,210.59,3808.59
2025-12-21,PRD-E03,237.49,26,250.95,6008.55
2025-12-21,PRD-E04,59.99,7,54.99,416.93
2025-12-21,PRD-A01,59.79,24,62.0,1420.01
2025-12-21,PRD-A02,110.39,8,120.74,855.52
2025-12-21,PRD-A03,39.59,37,45.59,1421.27
2025-12-21,PRD-A04,90.24,6,93.1,514.38
2025-12-21,PRD-H01,55.99,19,54.99,1055.41
2025-12-21,PRD-H02,172.79,8,134.99,1313.2
2025-12-21,PRD-H03,263.99,5,299.24,1253.95
2025-12-21,PRD-H04,145.59,11,118.74,1601.49
2025-12-21,PRD-B01,34.96,16,37.8,552.37
2025-12-21,PRD-B02,47.52,9,60.9,427.68
2025-12-21,PRD-B03,41.59,15,36.09,623.85
2025-12-21,PRD-B04,89.99,10,80.74,899.9
2025-12-21,PRD-S01,215.99,5,189.99,1079.95
2025-12-21,PRD-S02,27.59,9,32.99,245.55
2025-12-21,PRD-S03,161.99,0,132.99,0.0
2025-12-21,PRD-S04,49.99,2,45.59,94.98
2025-12-22,PRD-E01,131.99,22,137.74,2903.78
2025-12-22,PRD-E02,183.99,15,210.59,2704.65
2025-12-22,PRD-E03,237.49,6,250.95,1424.94
2025-12-22,PRD-E04,59.99,6,54.99,341.94
2025-12-22,PRD-A01,59.79,17,62.0,1010.45
2025-12-22,PRD-A02,110.39,11,120.74,1181.17
2025-12-22,PRD-A03,39.59,26,45.59,1021.42
2025-12-22,PRD-A04,90.24,11,93.1,947.54
2025-12-22,PRD-H01,55.99,9,54.99,501.11
2025-12-22,PRD-H02,172.79,2,134.99,345.58
2025-12-22,PRD-H03,263.99,8,299.24,2019.52
2025-12-22,PRD-H04,145.59,10,118.74,1455.9
2025-12-22,PRD-B01,34.96,9,37.8,309.39
2025-12-22,PRD-B02,47.52,19,60.9,893.38
2025-12-22,PRD-B03,41.59,4,36.09,158.04
2025-12-22,PRD-B04,89.99,7,80.74,616.43
2025-12-22,PRD-S01,215.99,6,189.99,1295.94
2025-12-22,PRD-S02,27.59,27,32.99,736.65
2025-12-22,PRD-S03,161.99,1,132.99,161.99
2025-12-22,PRD-S04,49.99,6,45.59,279.94
2025-12-23,PRD-E01,131.99,21,137.74,2758.59
2025-12-23,PRD-E02,183.99,14,210.59,2511.46
2025-12-23,PRD-E03,237.49,8,250.95,1864.3
2025-12-23,PRD-E04,59.99,19,54.99,1139.81
2025-12-23,PRD-A01,59.79,8,62.0,475.33
2025-12-23,PRD-A02,110.39,20,120.74,2097.4
2025-12-23,PRD-A03,39.59,14,45.59,554.26
2025-12-23,PRD-A04,90.24,1,93.1,90.24
2025-12-23,PRD-H01,55.99,13,54.99,727.87
2025-12-23,PRD-H02,172.79,4,134.99,691.16
2025-12-23,PRD-H03,263.99,7,299.24,1821.53
2025-12-23,PRD-H04,145.59,12,118.74,1703.4
2025-12-23,PRD-B01,34.96,9,37.8,311.14
2025-12-23,PRD-B02,47.52,9,60.9,415.8
2025-12-23,PRD-B03,41.59,6,36.09,249.54
2025-12-23,PRD-B04,89.99,7,80.74,620.93
2025-12-23,PRD-S01,215.99,5,189.99,1069.15
2025-12-23,PRD-S02,27.59,6,32.99,161.4
2025-12-23,PRD-S03,161.99,0,132.99,0.0
2025-12-23,PRD-S04,49.99,2,45.59,99.98
2025-12-24,PRD-E01,131.99,19,137.74,2507.81
2025-12-24,PRD-E02,183.99,11,210.59,1977.89
2025-12-24,PRD-E03,237.49,6,250.95,1424.94
2025-12-24,PRD-E04,59.99,7,54.99,416.93
2025-12-24,PRD-A01,59.79,6,62.0,355.75
2025-12-24,PRD-A02,110.39,6,120.74,662.34
2025-12-24,PRD-A03,39.59,23,45.59,894.73
2025-12-24,PRD-A04,90.24,11,93.1,992.64
2025-12-24,PRD-H01,55.99,17,54.99,951.83
2025-12-24,PRD-H02,172.79,4,134.99,656.6
2025-12-24,PRD-H03,263.99,3,299.24,791.97
2025-12-24,PRD-H04,145.59,13,118.74,1892.67
2025-12-24,PRD-B01,34.96,17,37.8,587.32
2025-12-24,PRD-B02,47.52,7,60.9,313.62
2025-12-24,PRD-B03,41.59,12,36.09,499.08
2025-12-24,PRD-B04,89.99,17,80.74,1511.83
2025-12-24,PRD-S01,215.99,4,189.99,863.96
2025-12-24,PRD-S02,27.59,18,32.99,492.48
2025-12-24,PRD-S03,161.99,2,132.99,323.98
2025-12-24,PRD-S04,49.99,5,45.59,249.95
2025-12-25,PRD-E01,131.99,23,137.74,3015.97
2025-12-25,PRD-E02,183.99,13,210.59,2336.67
2025-12-25,PRD-E03,237.49,3,250.95,676.85
2025-12-25,PRD-E04,59.99,17,54.99,1001.83
2025-12-25,PRD-A01,59.79,19,62.0,1127.04
2025-12-25,PRD-A02,110.39,3,120.74,331.17
2025-12-25,PRD-A03,39.59,28,45.59,1098.62
2025-12-25,PRD-A04,90.24,5,93.1,446.69
2025-12-25,PRD-H01,55.99,5,54.99,279.95
2025-12-25,PRD-H02,172.79,3,134.99,518.37
2025-12-25,PRD-H03,263.99,12,299.24,3062.28
2025-12-25,PRD-H04,145.59,11,118.74,1594.21
2025-12-25,PRD-B01,34.96,9,37.8,312.89
2025-12-25,PRD-B02,47.52,14,60.9,665.28
2025-12-25,PRD-B03,41.59,5,36.09,201.71
2025-12-25,PRD-B04,89.99,5,80.74,436.45
2025-12-25,PRD-S01,215.99,4,189.99,863.96
2025-12-25,PRD-S02,27.59,15,32.99,405.57
2025-12-25,PRD-S03,161.99,3,132.99,485.97
2025-12-25,PRD-S04,49.99,3,45.59,149.97
2025-12-26,PRD-E01,131.99,10,137.74,1319.9
2025-12-26,PRD-E02,183.99,11,210.59,2014.69
2025-12-26,PRD-E03,237.49,5,250.95,1187.45
2025-12-26,PRD-E04,59.99,19,54.99,1127.81
2025-12-26,PRD-A01,59.79,24,62.0,1375.16
2025-12-26,PRD-A02,110.39,4,120.74,419.48
2025-12-26,PRD-A03,39.59,34,45.59,1300.52
2025-12-26,PRD-A04,90.24,5,93.1,410.58
2025-12-26,PRD-H01,55.99,13,54.99,722.27
2025-12-26,PRD-H02,172.79,1,134.99,146.87
2025-12-26,PRD-H03,263.99,12,299.24,3167.88
2025-12-26,PRD-H04,145.59,12,118.74,1747.08
2025-12-26,PRD-B01,34.96,11,37.8,379.32
2025-12-26,PRD-B02,47.52,8,60.9,380.16
2025-12-26,PRD-B03,41.59,5,36.09,201.71
2025-12-26,PRD-B04,89.99,16,80.74,1426.34
2025-12-26,PRD-S01,215.99,1,189.99,215.99
2025-12-26,PRD-S02,27.59,16,32.99,441.44
2025-12-26,PRD-S03,161.99,6,132.99,955.74
2025-12-26,PRD-S04,49.99,3,45.59,142.47
2025-12-27,PRD-E01,131.99,22,137.74,2837.78
2025-12-27,PRD-E02,183.99,9,210.59,1637.51
2025-12-27,PRD-E03,237.49,8,250.95,1899.92
2025-12-27,PRD-E04,59.99,15,54.99,878.85
2025-12-27,PRD-A01,59.79,12,62.0,714.49
2025-12-27,PRD-A02,110.39,5,120.74,551.95
2025-12-27,PRD-A03,39.59,28,45.59,1098.62
2025-12-27,PRD-A04,90.24,4,93.1,360.96
2025-12-27,PRD-H01,55.99,8,54.99,445.12
2025-12-27,PRD-H02,172.79,5,134.99,863.95
2025-12-27,PRD-H03,263.99,9,299.24,2349.51
2025-12-27,PRD-H04,145.59,11,118.74,1601.49
2025-12-27,PRD-B01,34.96,23,37.8,798.83
2025-12-27,PRD-B02,47.52,10,60.9,475.2
2025-12-27,PRD-B03,41.59,3,36.09,124.77
2025-12-27,PRD-B04,89.99,14,80.74,1241.86
2025-12-27,PRD-S01,215.99,2,189.99,431.98
2025-12-27,PRD-S02,27.59,19,32.99,507.65
2025-12-27,PRD-S03,161.99,2,132.99,323.98
2025-12-27,PRD-S04,49.99,2,45.59,99.98
2025-12-28,PRD-E01,131.99,15,137.74,1953.45
2025-12-28,PRD-E02,183.99,13,210.59,2373.47
2025-12-28,PRD-E03,237.49,3,250.95,676.85
2025-12-28,PRD-E04,59.99,19,54.99,1115.81
2025-12-28,PRD-A01,59.79,28,62.0,1644.22
2025-12-28,PRD-A02,110.39,1,120.74,110.39
2025-12-28,PRD-A03,39.59,36,45.59,1405.44
2025-12-28,PRD-A04,90.24,5,93.1,442.18
2025-12-28,PRD-H01,55.99,26,54.99,1450.14
2025-12-28,PRD-H02,172.79,1,134.99,172.79
2025-12-28,PRD-H03,263.99,10,299.24,2587.1
2025-12-28,PRD-H04,145.59,4,118.74,553.24
2025-12-28,PRD-B01,34.96,20,37.8,690.45
2025-12-28,PRD-B02,47.52,16,60.9,712.82
2025-12-28,PRD-B03,41.59,16,36.09,661.28
2025-12-28,PRD-B04,89.99,8,80.74,715.42
2025-12-28,PRD-S01,215.99,5,189.99,1069.15
2025-12-28,PRD-S02,27.59,23,32.99,630.43
2025-12-28,PRD-S03,161.99,0,132.99,0.0
2025-12-28,PRD-S04,49.99,15,45.59,739.85
2025-12-29,PRD-E01,149.99,10,137.74,1499.9
2025-12-29,PRD-E02,175.99,8,210.59,1381.52
2025-12-29,PRD-E03,219.99,8,250.95,1627.92
2025-12-29,PRD-E04,56.99,15,54.99,843.45
2025-12-29,PRD-A01,72.79,11,62.0,800.69
2025-12-29,PRD-A02,129.59,4,120.74,505.4
2025-12-29,PRD-A03,44.99,16,45.59,715.34
2025-12-29,PRD-A04,90.24,4,93.1,347.42
2025-12-29,PRD-H01,51.99,6,54.99,311.94
2025-12-29,PRD-H02,159.99,2,134.99,319.98
2025-12-29,PRD-H03,311.99,1,299.24,249.59
2025-12-29,PRD-H04,129.99,17,118.74,2157.83
2025-12-29,PRD-B01,36.1,13,37.8,444.04
2025-12-29,PRD-B02,47.52,9,60.9,401.55
2025-12-29,PRD-B03,37.99,12,36.09,455.88
2025-12-29,PRD-B04,89.99,8,80.74,719.92
2025-12-29,PRD-S01,223.99,0,189.99,0.0
2025-12-29,PRD-S02,31.19,10,32.99,311.9
2025-12-29,PRD-S03,149.99,2,132.99,299.98
2025-12-29,PRD-S04,49.99,4,45.59,199.96
2025-12-30,PRD-E01,149.99,11,137.74,1612.39
2025-12-30,PRD-E02,175.99,18,210.59,3167.82
2025-12-30,PRD-E03,219.99,8,250.95,1715.92
2025-12-30,PRD-E04,56.99,11,54.99,626.89
2025-12-30,PRD-A01,72.79,13,62.0,946.27
2025-12-30,PRD-A02,129.59,1,120.74,129.59
2025-12-30,PRD-A03,44.99,30,45.59,1315.95
2025-12-30,PRD-A04,90.24,3,93.1,270.72
2025-12-30,PRD-H01,51.99,9,54.99,460.11
2025-12-30,PRD-H02,159.99,7,134.99,1119.93
2025-12-30,PRD-H03,311.99,3,299.24,889.17
2025-12-30,PRD-H04,129.99,13,118.74,1689.87
2025-12-30,PRD-B01,36.1,11,37.8,397.1
2025-12-30,PRD-B02,47.52,6,60.9,277.99
2025-12-30,PRD-B03,37.99,20,36.09,748.4
2025-12-30,PRD-B04,89.99,4,80.74,355.46
2025-12-30,PRD-S01,223.99,4,189.99,895.96
2025-12-30,PRD-S02,31.19,9,32.99,279.15
2025-12-30,PRD-S03,149.99,1,132.99,149.99
2025-12-30,PRD-S04,49.99,6,45.59,277.44
2025-12-31,PRD-E01,149.99,8,137.74,1199.92
2025-12-31,PRD-E02,175.99,18,210.59,3132.62
2025-12-31,PRD-E03,219.99,10,250.95,2199.9
2025-12-31,PRD-E04,56.99,12,54.99,681.03
2025-12-31,PRD-A01,72.79,7,62.0,509.53
2025-12-31,PRD-A02,129.59,1,120.74,129.59
2025-12-31,PRD-A03,44.99,28,45.59,1232.72
2025-12-31,PRD-A04,90.24,5,93.1,437.66
2025-12-31,PRD-H01,51.99,9,54.99,462.71
2025-12-31,PRD-H02,159.99,8,134.99,1279.92
2025-12-31,PRD-H03,311.99,14,299.24,4289.86
2025-12-31,PRD-H04,129.99,5,118.74,643.45
2025-12-31,PRD-B01,36.1,18,37.8,640.78
2025-12-31,PRD-B02,47.52,14,60.9,651.03
2025-12-31,PRD-B03,37.99,16,36.09,604.04
2025-12-31,PRD-B04,89.99,6,80.74,530.94
2025-12-31,PRD-S01,223.99,6,189.99,1343.94
2025-12-31,PRD-S02,31.19,10,32.99,305.66
2025-12-31,PRD-S03,149.99,1,132.99,149.99
2025-12-31,PRD-S04,49.99,2,45.59,94.98
