customer_id,customer_segment,age_group,region,acquisition_channel,customer_lifetime_value
CUST-00001,Value Seekers,26-35,North,Organic Search,749.81
CUST-00002,Premium / High-End,51-65,East,Organic Search,1675.88
CUST-00003,Value Seekers,26-35,North,Paid Social,239.31
CUST-00004,Budget Shoppers,36-50,North,Paid Social,701.7
CUST-00005,Budget Shoppers,36-50,East,Organic Search,216.14
CUST-00006,Premium / High-End,26-35,East,Organic Search,1055.39
CUST-00007,Corporate / Bulk,18-25,South,Organic Search,5975.63
CUST-00008,Premium / High-End,36-50,East,Email Marketing,2431.06
CUST-00009,Value Seekers,26-35,West,Paid Social,1092.76
CUST-00010,Premium / High-End,51-65,East,Paid Social,1667.78
CUST-00011,Premium / High-End,26-35,North,Organic Search,2471.53
CUST-00012,Budget Shoppers,18-25,North,Organic Search,313.03
CUST-00013,Value Seekers,26-35,South,Organic Search,966.65
CUST-00014,Budget Shoppers,36-50,West,Email Marketing,534.99
CUST-00015,Budget Shoppers,18-25,East,Paid Social,201.2
CUST-00016,Corporate / Bulk,26-35,East,Email Marketing,8020.73
CUST-00017,Premium / High-End,26-35,East,Organic Search,732.49
CUST-00018,Budget Shoppers,26-35,North,Direct,331.95
CUST-00019,Premium / High-End,36-50,South,Paid Social,3780.14
CUST-00020,Corporate / Bulk,26-35,South,Organic Search,6997.74
CUST-00021,Value Seekers,36-50,North,Referral,1651.62
CUST-00022,Value Seekers,65+,North,Paid Social,391.31
CUST-00023,Budget Shoppers,18-25,North,Email Marketing,373.68
CUST-00024,Premium / High-End,18-25,South,Paid Social,2397.98
CUST-00025,Corporate / Bulk,65+,East,Referral,9305.27
CUST-00026,Budget Shoppers,36-50,East,Paid Social,548.34
CUST-00027,Budget Shoppers,18-25,East,Paid Social,305.13
CUST-00028,Value Seekers,51-65,West,Organic Search,496.77
CUST-00029,Value Seekers,51-65,North,Referral,1146.39
CUST-00030,Budget Shoppers,36-50,East,Organic Search,181.09
CUST-00031,Premium / High-End,36-50,East,Paid Social,2157.1
CUST-00032,Budget Shoppers,18-25,South,Direct,582.61
CUST-00033,Premium / High-End,26-35,West,Organic Search,3170.61
CUST-00034,Premium / High-End,18-25,West,Paid Social,5249.43
CUST-00035,Budget Shoppers,36-50,East,Organic Search,236.14
CUST-00036,Value Seekers,26-35,East,Referral,562.13
CUST-00037,Value Seekers,26-35,North,Email Marketing,759.29
CUST-00038,Budget Shoppers,65+,South,Email Marketing,235.66
CUST-00039,Value Seekers,18-25,East,Organic Search,1324.47
CUST-00040,Budget Shoppers,26-35,East,Organic Search,415.09
CUST-00041,Budget Shoppers,26-35,East,Direct,758.32
CUST-00042,Premium / High-End,26-35,North,Email Marketing,2168.59
CUST-00043,Budget Shoppers,51-65,North,Paid Social,742.27
CUST-00044,Value Seekers,36-50,East,Organic Search,571.75
CUST-00045,Budget Shoppers,26-35,South,Paid Social,530.64
CUST-00046,Premium / High-End,65+,East,Organic Search,2678.0
CUST-00047,Value Seekers,51-65,South,Organic Search,1200.19
CUST-00048,Budget Shoppers,26-35,South,Organic Search,387.82
CUST-00049,Budget Shoppers,26-35,West,Referral,604.82
CUST-00050,Value Seekers,65+,North,Referral,746.29
CUST-00051,Corporate / Bulk,51-65,West,Organic Search,7484.64
CUST-00052,Value Seekers,26-35,North,Organic Search,347.15
CUST-00053,Value Seekers,26-35,West,Referral,741.15
CUST-00054,Value Seekers,65+,South,Direct,505.95
CUST-00055,Value Seekers,18-25,East,Organic Search,811.98
CUST-00056,Corporate / Bulk,26-35,East,Email Marketing,4742.52
CUST-00057,Budget Shoppers,26-35,East,Referral,58.16
CUST-00058,Budget Shoppers,18-25,West,Organic Search,174.26
CUST-00059,Value Seekers,26-35,East,Organic Search,624.72
CUST-00060,Premium / High-End,36-50,North,Email Marketing,2105.1
CUST-00061,Value Seekers,26-35,East,Direct,1098.53
CUST-00062,Budget Shoppers,26-35,East,Paid Social,103.69
CUST-00063,Value Seekers,26-35,South,Email Marketing,1795.11
CUST-00064,Budget Shoppers,65+,South,Direct,575.45
CUST-00065,Budget Shoppers,26-35,North,Direct,756.99
CUST-00066,Premium / High-End,26-35,West,Organic Search,2476.91
CUST-00067,Premium / High-End,36-50,East,Direct,1625.56
CUST-00068,Value Seekers,36-50,North,Organic Search,444.42
CUST-00069,Value Seekers,18-25,West,Organic Search,900.21
CUST-00070,Budget Shoppers,26-35,East,Email Marketing,226.89
CUST-00071,Premium / High-End,36-50,North,Organic Search,1978.09
CUST-00072,Value Seekers,51-65,West,Organic Search,343.61
CUST-00073,Value Seekers,18-25,North,Email Marketing,1237.99
CUST-00074,Value Seekers,36-50,North,Paid Social,729.11
CUST-00075,Value Seekers,18-25,North,Referral,562.44
CUST-00076,Corporate / Bulk,51-65,East,Paid Social,5281.9
CUST-00077,Budget Shoppers,26-35,North,Referral,492.02
CUST-00078,Premium / High-End,51-65,West,Organic Search,2147.09
CUST-00079,Budget Shoppers,36-50,North,Referral,92.35
CUST-00080,Value Seekers,18-25,East,Direct,1051.07
CUST-00081,Premium / High-End,36-50,West,Referral,1565.88
CUST-00082,Budget Shoppers,26-35,East,Direct,290.45
CUST-00083,Premium / High-End,36-50,West,Organic Search,1798.75
CUST-00084,Premium / High-End,51-65,North,Referral,4187.6
CUST-00085,Budget Shoppers,26-35,West,Organic Search,52.85
CUST-00086,Premium / High-End,18-25,North,Organic Search,1377.46
CUST-00087,Budget Shoppers,65+,West,Organic Search,235.23
CUST-00088,Value Seekers,65+,South,Paid Social,1169.43
CUST-00089,Corporate / Bulk,65+,North,Organic Search,7631.51
CUST-00090,Corporate / Bulk,18-25,North,Paid Social,4782.67
CUST-00091,Premium / High-End,36-50,South,Paid Social,1641.21
CUST-00092,Value Seekers,26-35,East,Email Marketing,830.37
CUST-00093,Budget Shoppers,26-35,West,Email Marketing,243.43
CUST-00094,Premium / High-End,26-35,East,Organic Search,951.49
CUST-00095,Value Seekers,26-35,South,Referral,1380.41
CUST-00096,Premium / High-End,26-35,South,Paid Social,2298.51
CUST-00097,Value Seekers,18-25,South,Paid Social,598.71
CUST-00098,Corporate / Bulk,51-65,East,Email Marketing,4811.32
CUST-00099,Budget Shoppers,18-25,East,Organic Search,540.6
CUST-00100,Value Seekers,36-50,East,Paid Social,1030.89
CUST-00101,Value Seekers,26-35,North,Direct,1400.25
CUST-00102,Premium / High-End,18-25,North,Paid Social,1631.74
CUST-00103,Value Seekers,36-50,South,Email Marketing,1089.84
CUST-00104,Value Seekers,26-35,North,Organic Search,986.76
CUST-00105,Budget Shoppers,51-65,South,Organic Search,384.19
CUST-00106,Value Seekers,26-35,East,Email Marketing,521.21
CUST-00107,Value Seekers,36-50,North,Organic Search,1022.58
CUST-00108,Premium / High-End,18-25,East,Paid Social,2644.49
CUST-00109,Budget Shoppers,26-35,West,Organic Search,214.5
CUST-00110,Budget Shoppers,26-35,West,Referral,426.73
CUST-00111,Value Seekers,36-50,West,Direct,545.22
CUST-00112,Premium / High-End,36-50,East,Paid Social,2764.32
CUST-00113,Premium / High-End,51-65,East,Email Marketing,2491.7
CUST-00114,Value Seekers,26-35,North,Email Marketing,1015.98
CUST-00115,Premium / High-End,36-50,East,Organic Search,2061.78
CUST-00116,Budget Shoppers,26-35,South,Organic Search,541.33
CUST-00117,Value Seekers,26-35,North,Email Marketing,485.44
CUST-00118,Premium / High-End,26-35,North,Paid Social,2181.01
CUST-00119,Value Seekers,26-35,North,Direct,1557.95
CUST-00120,Value Seekers,51-65,East,Email Marketing,693.69
CUST-00121,Value Seekers,26-35,North,Email Marketing,909.41
CUST-00122,Premium / High-End,26-35,West,Email Marketing,2266.0
CUST-00123,Value Seekers,26-35,East,Organic Search,603.01
CUST-00124,Value Seekers,26-35,North,Email Marketing,589.33
CUST-00125,Value Seekers,26-35,North,Organic Search,1824.37
CUST-00126,Value Seekers,26-35,North,Paid Social,955.92
CUST-00127,Budget Shoppers,18-25,East,Paid Social,313.55
CUST-00128,Budget Shoppers,26-35,South,Paid Social,1114.51
CUST-00129,Premium / High-End,36-50,South,Referral,3002.84
CUST-00130,Budget Shoppers,18-25,North,Paid Social,674.45
CUST-00131,Corporate / Bulk,36-50,South,Referral,6933.51
CUST-00132,Value Seekers,51-65,East,Organic Search,2104.23
CUST-00133,Budget Shoppers,18-25,North,Email Marketing,454.52
CUST-00134,Value Seekers,36-50,North,Email Marketing,546.21
CUST-00135,Budget Shoppers,36-50,East,Organic Search,735.26
CUST-00136,Premium / High-End,18-25,West,Organic Search,1085.09
CUST-00137,Budget Shoppers,65+,East,Paid Social,465.07
CUST-00138,Premium / High-End,36-50,North,Email Marketing,1103.19
CUST-00139,Budget Shoppers,51-65,East,Email Marketing,391.97
CUST-00140,Budget Shoppers,36-50,West,Paid Social,360.08
CUST-00141,Value Seekers,26-35,South,Paid Social,552.43
CUST-00142,Premium / High-End,18-25,West,Direct,2960.25
CUST-00143,Value Seekers,36-50,West,Paid Social,786.73
CUST-00144,Premium / High-End,26-35,West,Referral,1868.76
CUST-00145,Value Seekers,26-35,South,Email Marketing,693.95
CUST-00146,Budget Shoppers,51-65,West,Organic Search,680.0
CUST-00147,Premium / High-End,26-35,North,Email Marketing,3658.62
CUST-00148,Value Seekers,51-65,North,Organic Search,892.95
CUST-00149,Budget Shoppers,26-35,West,Referral,433.78
CUST-00150,Premium / High-End,18-25,North,Direct,1859.61
CUST-00151,Budget Shoppers,26-35,East,Email Marketing,234.35
CUST-00152,Value Seekers,26-35,East,Referral,790.55
CUST-00153,Budget Shoppers,36-50,North,Organic Search,705.31
CUST-00154,Value Seekers,26-35,South,Paid Social,1408.42
CUST-00155,Premium / High-End,36-50,South,Organic Search,1076.11
CUST-00156,Budget Shoppers,26-35,North,Organic Search,310.89
CUST-00157,Value Seekers,26-35,East,Organic Search,639.42
CUST-00158,Value Seekers,65+,East,Paid Social,2035.93
CUST-00159,Budget Shoppers,26-35,North,Organic Search,306.17
CUST-00160,Budget Shoppers,26-35,North,Organic Search,535.24
CUST-00161,Corporate / Bulk,36-50,East,Organic Search,13863.89
CUST-00162,Premium / High-End,51-65,South,Paid Social,5409.96
CUST-00163,Value Seekers,26-35,South,Organic Search,1417.17
CUST-00164,Corporate / Bulk,51-65,South,Paid Social,8179.57
CUST-00165,Budget Shoppers,18-25,East,Organic Search,614.26
CUST-00166,Value Seekers,65+,South,Organic Search,813.25
CUST-00167,Premium / High-End,36-50,East,Organic Search,4134.81
CUST-00168,Value Seekers,26-35,South,Referral,677.42
CUST-00169,Corporate / Bulk,36-50,South,Email Marketing,7635.29
CUST-00170,Premium / High-End,26-35,West,Organic Search,1278.12
CUST-00171,Value Seekers,18-25,North,Organic Search,309.46
CUST-00172,Budget Shoppers,36-50,South,Organic Search,341.1
CUST-00173,Budget Shoppers,36-50,East,Paid Social,365.91
CUST-00174,Value Seekers,36-50,West,Email Marketing,558.39
CUST-00175,Value Seekers,26-35,West,Paid Social,1454.74
CUST-00176,Value Seekers,51-65,West,Organic Search,993.85
CUST-00177,Budget Shoppers,36-50,South,Paid Social,222.71
CUST-00178,Budget Shoppers,36-50,North,Email Marketing,444.95
CUST-00179,Corporate / Bulk,26-35,East,Organic Search,3253.47
CUST-00180,Budget Shoppers,26-35,South,Organic Search,66.74
CUST-00181,Budget Shoppers,51-65,West,Paid Social,442.35
CUST-00182,Corporate / Bulk,36-50,West,Organic Search,5935.61
CUST-00183,Budget Shoppers,26-35,East,Email Marketing,621.44
CUST-00184,Corporate / Bulk,36-50,North,Email Marketing,3662.06
CUST-00185,Value Seekers,26-35,North,Paid Social,1040.15
CUST-00186,Value Seekers,26-35,West,Email Marketing,765.72
CUST-00187,Budget Shoppers,36-50,West,Paid Social,286.92
CUST-00188,Value Seekers,26-35,South,Direct,1202.53
CUST-00189,Value Seekers,65+,East,Email Marketing,730.44
CUST-00190,Value Seekers,26-35,South,Paid Social,227.84
CUST-00191,Premium / High-End,36-50,East,Organic Search,1789.06
CUST-00192,Value Seekers,26-35,West,Email Marketing,876.22
CUST-00193,Budget Shoppers,36-50,West,Organic Search,108.31
CUST-00194,Budget Shoppers,26-35,East,Organic Search,493.01
CUST-00195,Corporate / Bulk,26-35,West,Organic Search,10822.79
CUST-00196,Premium / High-End,36-50,South,Paid Social,1351.96
CUST-00197,Budget Shoppers,65+,West,Organic Search,96.52
CUST-00198,Value Seekers,51-65,South,Paid Social,2099.49
CUST-00199,Premium / High-End,26-35,West,Referral,1507.68
CUST-00200,Value Seekers,26-35,West,Referral,361.84
CUST-00201,Budget Shoppers,36-50,South,Direct,437.1
CUST-00202,Value Seekers,26-35,North,Paid Social,678.22
CUST-00203,Value Seekers,26-35,East,Paid Social,1264.07
CUST-00204,Budget Shoppers,36-50,East,Organic Search,253.68
CUST-00205,Premium / High-End,36-50,North,Email Marketing,3052.45
CUST-00206,Premium / High-End,36-50,South,Referral,2614.35
CUST-00207,Corporate / Bulk,18-25,South,Paid Social,5103.9
CUST-00208,Value Seekers,51-65,West,Paid Social,815.66
CUST-00209,Value Seekers,36-50,South,Paid Social,978.13
CUST-00210,Value Seekers,26-35,North,Direct,498.8
CUST-00211,Budget Shoppers,36-50,East,Referral,616.43
CUST-00212,Premium / High-End,26-35,West,Organic Search,4265.9
CUST-00213,Premium / High-End,51-65,East,Organic Search,938.64
CUST-00214,Budget Shoppers,51-65,East,Direct,223.58
CUST-00215,Premium / High-End,18-25,South,Email Marketing,1400.81
CUST-00216,Premium / High-End,36-50,South,Direct,1174.19
CUST-00217,Budget Shoppers,26-35,West,Paid Social,304.07
CUST-00218,Budget Shoppers,36-50,East,Referral,277.64
CUST-00219,Budget Shoppers,51-65,North,Email Marketing,348.41
CUST-00220,Budget Shoppers,18-25,West,Paid Social,431.56
CUST-00221,Budget Shoppers,18-25,North,Referral,215.9
CUST-00222,Corporate / Bulk,18-25,East,Paid Social,7904.31
CUST-00223,Budget Shoppers,36-50,East,Paid Social,710.68
CUST-00224,Budget Shoppers,26-35,West,Paid Social,333.31
CUST-00225,Value Seekers,36-50,North,Paid Social,385.25
CUST-00226,Corporate / Bulk,65+,South,Email Marketing,6977.72
CUST-00227,Budget Shoppers,36-50,East,Email Marketing,355.84
CUST-00228,Budget Shoppers,26-35,East,Direct,531.83
CUST-00229,Budget Shoppers,36-50,West,Paid Social,672.1
CUST-00230,Value Seekers,36-50,East,Email Marketing,689.87
CUST-00231,Value Seekers,36-50,West,Direct,939.18
CUST-00232,Value Seekers,26-35,South,Paid Social,1881.14
CUST-00233,Premium / High-End,26-35,North,Email Marketing,3268.79
CUST-00234,Budget Shoppers,26-35,North,Direct,247.24
CUST-00235,Value Seekers,51-65,West,Organic Search,436.78
CUST-00236,Premium / High-End,36-50,South,Email Marketing,1775.05
CUST-00237,Budget Shoppers,65+,North,Organic Search,653.86
CUST-00238,Corporate / Bulk,36-50,West,Direct,5741.18
CUST-00239,Corporate / Bulk,26-35,West,Referral,8019.71
CUST-00240,Budget Shoppers,26-35,East,Email Marketing,315.28
CUST-00241,Value Seekers,51-65,East,Direct,1232.2
CUST-00242,Budget Shoppers,18-25,North,Referral,204.72
CUST-00243,Value Seekers,26-35,West,Organic Search,1124.47
CUST-00244,Premium / High-End,26-35,West,Paid Social,2013.22
CUST-00245,Budget Shoppers,26-35,West,Paid Social,242.02
CUST-00246,Budget Shoppers,18-25,West,Paid Social,583.47
CUST-00247,Value Seekers,51-65,East,Paid Social,439.22
CUST-00248,Premium / High-End,26-35,North,Organic Search,1940.12
CUST-00249,Value Seekers,65+,South,Organic Search,475.67
CUST-00250,Value Seekers,65+,South,Referral,119.71
CUST-00251,Budget Shoppers,26-35,East,Direct,671.71
CUST-00252,Value Seekers,26-35,South,Organic Search,2110.37
CUST-00253,Premium / High-End,36-50,South,Email Marketing,1060.41
CUST-00254,Value Seekers,36-50,North,Organic Search,347.43
CUST-00255,Budget Shoppers,18-25,East,Email Marketing,110.93
CUST-00256,Budget Shoppers,51-65,North,Paid Social,343.07
CUST-00257,Budget Shoppers,18-25,West,Referral,324.19
CUST-00258,Budget Shoppers,26-35,North,Organic Search,430.4
CUST-00259,Value Seekers,18-25,North,Referral,197.33
CUST-00260,Budget Shoppers,18-25,South,Organic Search,335.3
CUST-00261,Premium / High-End,36-50,East,Paid Social,2391.67
CUST-00262,Premium / High-End,18-25,East,Paid Social,750.42
CUST-00263,Corporate / Bulk,36-50,North,Referral,3928.45
CUST-00264,Value Seekers,65+,South,Organic Search,1546.95
CUST-00265,Value Seekers,36-50,,Paid Social,1490.35
CUST-00266,Corporate / Bulk,18-25,North,Email Marketing,11271.76
CUST-00267,Budget Shoppers,36-50,North,Paid Social,678.81
CUST-00268,Budget Shoppers,26-35,West,Paid Social,217.38
CUST-00269,Value Seekers,36-50,North,Referral,770.01
CUST-00270,Value Seekers,36-50,East,Organic Search,1137.33
CUST-00271,Value Seekers,26-35,North,Paid Social,401.0
CUST-00272,Value Seekers,26-35,North,Email Marketing,518.23
CUST-00273,Value Seekers,51-65,North,Organic Search,2033.84
CUST-00274,Premium / High-End,18-25,North,Email Marketing,1998.68
CUST-00275,Premium / High-End,36-50,East,Paid Social,1741.82
CUST-00276,Budget Shoppers,26-35,North,Email Marketing,252.9
CUST-00277,Premium / High-End,36-50,West,Direct,3739.5
CUST-00278,Value Seekers,36-50,South,Organic Search,1046.72
CUST-00279,Value Seekers,18-25,North,Referral,1083.44
CUST-00280,Value Seekers,36-50,East,Referral,990.58
CUST-00281,Premium / High-End,36-50,West,Email Marketing,2886.68
CUST-00282,Value Seekers,51-65,North,Referral,1167.97
CUST-00283,Budget Shoppers,36-50,,Organic Search,289.1
CUST-00284,Budget Shoppers,51-65,North,Paid Social,73.88
CUST-00285,Value Seekers,36-50,North,Organic Search,526.13
CUST-00286,Premium / High-End,26-35,North,Paid Social,3719.86
CUST-00287,Value Seekers,36-50,East,Paid Social,898.25
CUST-00288,Budget Shoppers,18-25,North,Email Marketing,429.62
CUST-00289,Value Seekers,36-50,North,Paid Social,507.44
CUST-00290,Value Seekers,36-50,North,Organic Search,1206.57
CUST-00291,Value Seekers,36-50,South,Paid Social,922.41
CUST-00292,Value Seekers,26-35,North,Paid Social,153.72
CUST-00293,Budget Shoppers,26-35,South,Organic Search,628.49
CUST-00294,Budget Shoppers,18-25,South,Email Marketing,618.63
CUST-00295,Budget Shoppers,36-50,South,Paid Social,135.44
CUST-00296,Premium / High-End,18-25,West,Referral,1220.87
CUST-00297,Budget Shoppers,51-65,North,Referral,173.78
CUST-00298,Value Seekers,36-50,East,Paid Social,824.03
CUST-00299,Budget Shoppers,26-35,North,Referral,162.02
CUST-00300,Value Seekers,51-65,West,Organic Search,1147.12
CUST-00301,Premium / High-End,36-50,North,Paid Social,3994.42
CUST-00302,Value Seekers,26-35,South,Paid Social,881.92
CUST-00303,Budget Shoppers,18-25,East,Paid Social,183.56
CUST-00304,Corporate / Bulk,36-50,South,Referral,11157.46
CUST-00305,Premium / High-End,18-25,North,Organic Search,3414.78
CUST-00306,Value Seekers,36-50,East,Organic Search,1298.18
CUST-00307,Premium / High-End,36-50,South,Email Marketing,1920.63
CUST-00308,Value Seekers,36-50,West,Email Marketing,1640.43
CUST-00309,Value Seekers,36-50,West,Organic Search,1080.88
CUST-00310,Budget Shoppers,26-35,South,Organic Search,358.63
CUST-00311,Budget Shoppers,26-35,East,Paid Social,819.79
CUST-00312,Budget Shoppers,18-25,West,Referral,262.49
CUST-00313,Premium / High-End,26-35,East,Paid Social,4873.91
CUST-00314,Value Seekers,51-65,West,Paid Social,732.71
CUST-00315,Premium / High-End,26-35,East,Paid Social,708.04
CUST-00316,Budget Shoppers,18-25,North,Referral,322.81
CUST-00317,Budget Shoppers,26-35,East,Organic Search,884.57
CUST-00318,Budget Shoppers,26-35,South,Paid Social,284.35
CUST-00319,Budget Shoppers,26-35,South,Paid Social,527.16
CUST-00320,Budget Shoppers,36-50,East,Email Marketing,628.39
CUST-00321,Budget Shoppers,36-50,North,Organic Search,393.08
CUST-00322,Premium / High-End,51-65,East,Referral,2832.08
CUST-00323,Budget Shoppers,18-25,East,Paid Social,86.96
CUST-00324,Corporate / Bulk,26-35,East,Paid Social,4742.59
CUST-00325,Corporate / Bulk,26-35,South,Referral,3346.64
CUST-00326,Premium / High-End,51-65,East,Email Marketing,2746.74
CUST-00327,Value Seekers,36-50,East,Paid Social,1823.89
CUST-00328,Value Seekers,26-35,South,Organic Search,426.3
CUST-00329,Corporate / Bulk,26-35,South,Organic Search,9525.34
CUST-00330,Budget Shoppers,18-25,West,Email Marketing,105.2
CUST-00331,Premium / High-End,18-25,West,Paid Social,625.21
CUST-00332,Premium / High-End,26-35,North,Organic Search,3308.08
CUST-00333,Premium / High-End,36-50,East,Organic Search,1761.09
CUST-00334,Value Seekers,36-50,South,Organic Search,360.48
CUST-00335,Value Seekers,36-50,South,Paid Social,280.0
CUST-00336,Value Seekers,36-50,South,Paid Social,1583.67
CUST-00337,Premium / High-End,51-65,South,Direct,1883.89
CUST-00338,Value Seekers,26-35,South,Paid Social,475.04
CUST-00339,Corporate / Bulk,36-50,West,Organic Search,6053.14
CUST-00340,Budget Shoppers,51-65,East,Paid Social,126.92
CUST-00341,Budget Shoppers,51-65,West,Organic Search,146.58
CUST-00342,Premium / High-End,51-65,North,Organic Search,935.54
CUST-00343,Value Seekers,26-35,West,Paid Social,673.96
CUST-00344,Budget Shoppers,18-25,North,Paid Social,294.92
CUST-00345,Budget Shoppers,26-35,West,Organic Search,231.21
CUST-00346,Corporate / Bulk,36-50,West,Referral,7507.06
CUST-00347,Budget Shoppers,51-65,South,Email Marketing,428.24
CUST-00348,Budget Shoppers,26-35,East,Organic Search,192.52
CUST-00349,Budget Shoppers,51-65,North,Paid Social,383.3
CUST-00350,Premium / High-End,18-25,East,Organic Search,1609.79
CUST-00351,Budget Shoppers,26-35,North,Referral,325.0
CUST-00352,Value Seekers,51-65,North,Paid Social,694.46
CUST-00353,Budget Shoppers,26-35,East,Organic Search,259.37
CUST-00354,Value Seekers,26-35,East,Paid Social,1059.87
CUST-00355,Value Seekers,65+,North,Organic Search,498.53
CUST-00356,Value Seekers,65+,East,Paid Social,1090.27
CUST-00357,Value Seekers,36-50,South,Direct,688.63
CUST-00358,Budget Shoppers,36-50,North,Paid Social,200.12
CUST-00359,Premium / High-End,36-50,East,Email Marketing,3257.6
CUST-00360,Budget Shoppers,26-35,North,Referral,844.48
CUST-00361,Budget Shoppers,26-35,East,Email Marketing,337.09
CUST-00362,Value Seekers,18-25,West,Email Marketing,686.89
CUST-00363,Value Seekers,18-25,South,Organic Search,930.76
CUST-00364,Budget Shoppers,26-35,West,Direct,624.64
CUST-00365,Value Seekers,36-50,North,Organic Search,788.76
CUST-00366,Value Seekers,51-65,East,Paid Social,577.13
CUST-00367,Budget Shoppers,51-65,South,Email Marketing,457.45
CUST-00368,Premium / High-End,65+,South,Paid Social,1176.83
CUST-00369,Value Seekers,26-35,West,Referral,1015.05
CUST-00370,Premium / High-End,36-50,North,Referral,2854.12
CUST-00371,Value Seekers,18-25,South,Email Marketing,1755.63
CUST-00372,Budget Shoppers,26-35,East,Email Marketing,404.48
CUST-00373,Value Seekers,51-65,North,Paid Social,481.5
CUST-00374,Corporate / Bulk,65+,North,Direct,8652.67
CUST-00375,Budget Shoppers,26-35,East,Referral,167.82
CUST-00376,Value Seekers,18-25,West,Email Marketing,452.02
CUST-00377,Premium / High-End,18-25,North,Email Marketing,1819.85
CUST-00378,Value Seekers,36-50,South,Email Marketing,1169.32
CUST-00379,Value Seekers,26-35,West,Email Marketing,955.64
CUST-00380,Value Seekers,26-35,East,Email Marketing,980.84
CUST-00381,Budget Shoppers,36-50,North,Paid Social,571.59
CUST-00382,Value Seekers,26-35,East,Organic Search,971.67
CUST-00383,Value Seekers,26-35,West,Direct,611.82
CUST-00384,Value Seekers,51-65,North,Paid Social,619.01
CUST-00385,Premium / High-End,18-25,South,Email Marketing,4002.09
CUST-00386,Premium / High-End,26-35,South,Organic Search,2343.44
CUST-00387,Value Seekers,51-65,West,Email Marketing,1667.35
CUST-00388,Corporate / Bulk,36-50,East,Paid Social,4751.47
CUST-00389,Budget Shoppers,18-25,North,Referral,372.22
CUST-00390,Budget Shoppers,26-35,East,Referral,281.33
CUST-00391,Value Seekers,18-25,East,Organic Search,709.15
CUST-00392,Corporate / Bulk,26-35,East,Email Marketing,3728.87
CUST-00393,Premium / High-End,65+,North,Email Marketing,2069.59
CUST-00394,Value Seekers,26-35,East,Referral,940.28
CUST-00395,Premium / High-End,26-35,East,Direct,1988.52
CUST-00396,Value Seekers,18-25,West,Organic Search,1200.55
CUST-00397,Budget Shoppers,26-35,North,Email Marketing,515.83
CUST-00398,Budget Shoppers,51-65,West,Referral,253.42
CUST-00399,Budget Shoppers,26-35,East,Organic Search,756.07
CUST-00400,Budget Shoppers,26-35,East,Organic Search,149.54
CUST-00401,Corporate / Bulk,36-50,North,Email Marketing,5392.63
CUST-00402,Value Seekers,36-50,West,Referral,991.33
CUST-00403,Budget Shoppers,36-50,North,Paid Social,626.3
CUST-00404,Value Seekers,26-35,East,Email Marketing,183.43
CUST-00405,Value Seekers,26-35,East,Direct,604.66
CUST-00406,Value Seekers,36-50,West,Organic Search,3848.67
CUST-00407,Budget Shoppers,26-35,North,Paid Social,311.16
CUST-00408,Budget Shoppers,26-35,East,Email Marketing,245.18
CUST-00409,Premium / High-End,65+,West,Organic Search,2196.78
CUST-00410,Value Seekers,26-35,East,Paid Social,779.93
CUST-00411,Budget Shoppers,18-25,North,Organic Search,522.32
CUST-00412,Value Seekers,26-35,East,Referral,1599.69
CUST-00413,Budget Shoppers,36-50,South,Organic Search,557.71
CUST-00414,Premium / High-End,26-35,South,Paid Social,2183.93
CUST-00415,Budget Shoppers,51-65,North,Paid Social,619.28
CUST-00416,Corporate / Bulk,26-35,North,Organic Search,4206.37
CUST-00417,Value Seekers,36-50,West,Paid Social,589.46
CUST-00418,Value Seekers,26-35,West,Referral,852.04
CUST-00419,Premium / High-End,26-35,East,Paid Social,1982.96
CUST-00420,Value Seekers,26-35,North,Organic Search,1087.84
CUST-00421,Value Seekers,26-35,East,Direct,743.01
CUST-00422,Value Seekers,65+,North,Paid Social,1891.83
CUST-00423,Premium / High-End,51-65,South,Email Marketing,1582.23
CUST-00424,Budget Shoppers,26-35,East,Organic Search,105.06
CUST-00425,Budget Shoppers,26-35,South,Paid Social,75.65
CUST-00426,Value Seekers,26-35,East,Email Marketing,559.93
CUST-00427,Budget Shoppers,36-50,West,Organic Search,165.99
CUST-00428,Budget Shoppers,26-35,West,Email Marketing,605.11
CUST-00429,Budget Shoppers,26-35,West,Email Marketing,794.59
CUST-00430,Corporate / Bulk,36-50,East,Email Marketing,7760.64
CUST-00431,Value Seekers,26-35,North,Direct,1135.09
CUST-00432,Premium / High-End,36-50,East,Email Marketing,3496.59
CUST-00433,Value Seekers,36-50,North,Email Marketing,944.43
CUST-00434,Premium / High-End,36-50,North,Organic Search,3284.17
CUST-00435,Corporate / Bulk,18-25,North,Organic Search,10339.67
CUST-00436,Budget Shoppers,26-35,East,Email Marketing,127.6
CUST-00437,Corporate / Bulk,36-50,West,Organic Search,12709.63
CUST-00438,Budget Shoppers,26-35,North,Email Marketing,426.23
CUST-00439,Value Seekers,18-25,South,Direct,790.94
CUST-00440,Budget Shoppers,36-50,South,Email Marketing,422.04
CUST-00441,Value Seekers,36-50,East,Organic Search,542.31
CUST-00442,Budget Shoppers,26-35,East,Direct,21.51
CUST-00443,Budget Shoppers,26-35,South,Email Marketing,215.26
CUST-00444,Budget Shoppers,51-65,South,Referral,301.44
CUST-00445,Budget Shoppers,36-50,North,Paid Social,161.04
CUST-00446,Corporate / Bulk,65+,West,Referral,9685.72
CUST-00447,Budget Shoppers,36-50,South,Paid Social,528.82
CUST-00448,Value Seekers,26-35,North,Organic Search,245.0
CUST-00449,Value Seekers,36-50,West,Organic Search,553.76
CUST-00450,Value Seekers,26-35,East,Email Marketing,1633.55
CUST-00451,Value Seekers,18-25,East,Paid Social,1169.7
CUST-00452,Premium / High-End,36-50,North,Organic Search,1719.38
CUST-00453,Value Seekers,26-35,West,Direct,1909.53
CUST-00454,Premium / High-End,26-35,South,Direct,859.73
CUST-00455,Budget Shoppers,51-65,East,Organic Search,414.5
CUST-00456,Value Seekers,36-50,East,Direct,870.67
CUST-00457,Corporate / Bulk,51-65,North,Organic Search,13989.13
CUST-00458,Corporate / Bulk,26-35,West,Paid Social,9074.99
CUST-00459,Corporate / Bulk,51-65,West,Referral,7190.89
CUST-00460,Budget Shoppers,18-25,East,Direct,179.1
CUST-00461,Budget Shoppers,26-35,West,Paid Social,212.08
CUST-00462,Corporate / Bulk,26-35,West,Organic Search,7813.67
CUST-00463,Budget Shoppers,26-35,North,Organic Search,169.15
CUST-00464,Budget Shoppers,36-50,East,Paid Social,319.94
CUST-00465,Premium / High-End,51-65,North,Referral,1338.05
CUST-00466,Premium / High-End,18-25,East,Email Marketing,3020.48
CUST-00467,Budget Shoppers,26-35,North,Organic Search,446.19
CUST-00468,Budget Shoppers,36-50,North,Direct,274.76
CUST-00469,Budget Shoppers,18-25,East,Email Marketing,743.84
CUST-00470,Value Seekers,18-25,North,Organic Search,1015.48
CUST-00471,Value Seekers,51-65,East,Email Marketing,262.38
CUST-00472,Budget Shoppers,51-65,North,Organic Search,356.11
CUST-00473,Value Seekers,18-25,North,Organic Search,694.44
CUST-00474,Premium / High-End,26-35,East,Paid Social,1598.1
CUST-00475,Value Seekers,36-50,East,Organic Search,775.9
CUST-00476,Budget Shoppers,51-65,East,Organic Search,709.49
CUST-00477,Value Seekers,18-25,East,Paid Social,1004.62
CUST-00478,Budget Shoppers,26-35,East,Paid Social,205.13
CUST-00479,Budget Shoppers,26-35,South,Organic Search,127.66
CUST-00480,Budget Shoppers,18-25,East,Paid Social,372.09
CUST-00481,Premium / High-End,26-35,South,Paid Social,1080.09
CUST-00482,Budget Shoppers,36-50,South,Email Marketing,348.43
CUST-00483,Value Seekers,36-50,West,Paid Social,385.03
CUST-00484,Budget Shoppers,18-25,South,Direct,323.7
CUST-00485,Corporate / Bulk,51-65,North,Organic Search,6194.33
CUST-00486,Value Seekers,36-50,East,Direct,437.28
CUST-00487,Value Seekers,65+,South,Paid Social,1542.97
CUST-00488,Premium / High-End,26-35,West,Email Marketing,1797.87
CUST-00489,Value Seekers,36-50,East,Paid Social,1927.34
CUST-00490,Budget Shoppers,26-35,East,Email Marketing,328.94
CUST-00491,Budget Shoppers,18-25,North,Organic Search,623.8
CUST-00492,Value Seekers,26-35,East,Referral,998.98
CUST-00493,Budget Shoppers,26-35,South,Direct,165.62
CUST-00494,Premium / High-End,36-50,North,Paid Social,2001.05
CUST-00495,Premium / High-End,18-25,West,Organic Search,2438.32
CUST-00496,Budget Shoppers,36-50,North,Email Marketing,672.63
CUST-00497,Budget Shoppers,26-35,East,Organic Search,392.86
CUST-00498,Budget Shoppers,18-25,West,Paid Social,462.65
CUST-00499,Budget Shoppers,36-50,West,Organic Search,546.94
CUST-00500,Value Seekers,26-35,East,Organic Search,1495.2
CUST-00501,Budget Shoppers,26-35,East,Organic Search,185.34
CUST-00502,Budget Shoppers,51-65,West,Direct,334.17
CUST-00503,Value Seekers,26-35,South,Direct,1088.87
CUST-00504,Corporate / Bulk,36-50,East,Organic Search,6170.68
CUST-00505,Value Seekers,26-35,North,Email Marketing,806.95
CUST-00506,Value Seekers,26-35,West,Email Marketing,854.5
CUST-00507,Premium / High-End,36-50,West,Direct,1028.18
CUST-00508,Value Seekers,26-35,North,Organic Search,469.62
CUST-00509,Value Seekers,51-65,West,Organic Search,1162.53
CUST-00510,Premium / High-End,26-35,North,Email Marketing,1406.16
CUST-00511,Value Seekers,26-35,West,Email Marketing,638.34
CUST-00512,Premium / High-End,26-35,East,Referral,1769.09
CUST-00513,Budget Shoppers,18-25,West,Direct,615.25
CUST-00514,Corporate / Bulk,65+,North,Paid Social,7010.3
CUST-00515,Budget Shoppers,26-35,East,Direct,614.94
CUST-00516,Value Seekers,26-35,East,Paid Social,923.43
CUST-00517,Value Seekers,26-35,North,Paid Social,1339.12
CUST-00518,Budget Shoppers,26-35,West,Referral,577.4
CUST-00519,Corporate / Bulk,26-35,South,Paid Social,2346.19
CUST-00520,Budget Shoppers,26-35,North,Direct,1469.05
CUST-00521,Value Seekers,18-25,South,Paid Social,1034.61
CUST-00522,Value Seekers,26-35,West,Email Marketing,1189.07
CUST-00523,Value Seekers,51-65,North,Direct,541.5
CUST-00524,Value Seekers,18-25,South,Referral,193.2
CUST-00525,Budget Shoppers,26-35,East,Direct,388.92
CUST-00526,Value Seekers,18-25,East,Organic Search,929.24
CUST-00527,Premium / High-End,36-50,West,Email Marketing,3639.11
CUST-00528,Value Seekers,26-35,West,Email Marketing,520.04
CUST-00529,Budget Shoppers,26-35,East,Email Marketing,421.58
CUST-00530,Value Seekers,26-35,East,Paid Social,1018.53
CUST-00531,Budget Shoppers,18-25,East,Paid Social,649.36
CUST-00532,Budget Shoppers,18-25,West,Referral,260.34
CUST-00533,Value Seekers,51-65,West,Organic Search,485.99
CUST-00534,Budget Shoppers,26-35,North,Paid Social,506.63
CUST-00535,Premium / High-End,26-35,North,Paid Social,2372.81
CUST-00536,Value Seekers,65+,East,Organic Search,1414.02
CUST-00537,Value Seekers,36-50,West,Referral,1448.45
CUST-00538,Premium / High-End,26-35,North,Paid Social,3012.41
CUST-00539,Budget Shoppers,18-25,North,Paid Social,113.31
CUST-00540,Value Seekers,36-50,East,Referral,538.5
CUST-00541,Budget Shoppers,18-25,East,Organic Search,279.58
CUST-00542,Premium / High-End,26-35,West,Organic Search,966.61
CUST-00543,Budget Shoppers,51-65,West,Paid Social,370.02
CUST-00544,Budget Shoppers,26-35,West,Direct,175.32
CUST-00545,Value Seekers,36-50,East,Paid Social,652.16
CUST-00546,Budget Shoppers,26-35,North,Referral,480.41
CUST-00547,Value Seekers,26-35,West,Email Marketing,1079.52
CUST-00548,Budget Shoppers,36-50,West,Paid Social,181.34
CUST-00549,Corporate / Bulk,26-35,North,Referral,9928.59
CUST-00550,Budget Shoppers,65+,East,Paid Social,419.45
CUST-00551,Premium / High-End,26-35,North,Direct,1434.95
CUST-00552,Value Seekers,51-65,South,Paid Social,1055.01
CUST-00553,Value Seekers,18-25,East,Email Marketing,585.95
CUST-00554,Premium / High-End,18-25,East,Organic Search,2939.57
CUST-00555,Premium / High-End,36-50,East,Organic Search,3621.1
CUST-00556,Budget Shoppers,26-35,North,Paid Social,337.29
CUST-00557,Budget Shoppers,26-35,North,Paid Social,761.18
CUST-00558,Value Seekers,18-25,South,Paid Social,227.84
CUST-00559,Budget Shoppers,26-35,East,Paid Social,325.61
CUST-00560,Budget Shoppers,18-25,South,Direct,396.0
CUST-00561,Corporate / Bulk,36-50,West,Organic Search,4356.54
CUST-00562,Value Seekers,26-35,North,Paid Social,773.81
CUST-00563,Budget Shoppers,26-35,South,Paid Social,303.05
CUST-00564,Budget Shoppers,26-35,North,Email Marketing,271.74
CUST-00565,Value Seekers,18-25,North,Organic Search,1044.62
CUST-00566,Corporate / Bulk,36-50,South,Referral,6506.27
CUST-00567,Budget Shoppers,36-50,South,Referral,403.43
CUST-00568,Corporate / Bulk,26-35,North,Direct,4342.32
CUST-00569,Budget Shoppers,65+,South,Direct,211.31
CUST-00570,Budget Shoppers,26-35,East,Paid Social,292.44
CUST-00571,Budget Shoppers,36-50,South,Paid Social,774.54
CUST-00572,Budget Shoppers,36-50,East,Paid Social,519.73
CUST-00573,Value Seekers,65+,East,Paid Social,445.36
CUST-00574,Premium / High-End,26-35,South,Email Marketing,3706.23
CUST-00575,Premium / High-End,26-35,West,Paid Social,3422.69
CUST-00576,Value Seekers,36-50,North,Email Marketing,659.64
CUST-00577,Premium / High-End,65+,North,Paid Social,2413.52
CUST-00578,Value Seekers,51-65,East,Email Marketing,1724.86
CUST-00579,Value Seekers,26-35,West,Referral,957.58
CUST-00580,Value Seekers,18-25,East,Email Marketing,608.66
CUST-00581,Value Seekers,36-50,South,Organic Search,1049.43
CUST-00582,Corporate / Bulk,26-35,East,Email Marketing,10024.75
CUST-00583,Corporate / Bulk,18-25,South,Organic Search,6773.5
CUST-00584,Value Seekers,36-50,East,Paid Social,670.67
CUST-00585,Value Seekers,36-50,South,Paid Social,967.78
CUST-00586,Value Seekers,18-25,South,Organic Search,922.86
CUST-00587,Value Seekers,18-25,West,Direct,310.54
CUST-00588,Budget Shoppers,26-35,South,Organic Search,370.16
CUST-00589,Value Seekers,26-35,South,Email Marketing,102.7
CUST-00590,Budget Shoppers,36-50,South,Organic Search,503.19
CUST-00591,Premium / High-End,36-50,East,Organic Search,2431.46
CUST-00592,Corporate / Bulk,18-25,North,Organic Search,8070.76
CUST-00593,Value Seekers,26-35,West,Paid Social,1523.08
CUST-00594,Budget Shoppers,26-35,East,Organic Search,697.62
CUST-00595,Value Seekers,36-50,North,Paid Social,1349.77
CUST-00596,Premium / High-End,36-50,North,Referral,1349.81
CUST-00597,Budget Shoppers,51-65,North,Organic Search,266.16
CUST-00598,Budget Shoppers,26-35,South,Referral,227.95
CUST-00599,Value Seekers,36-50,East,Email Marketing,1400.28
CUST-00600,Value Seekers,51-65,South,Email Marketing,1040.46
CUST-00601,Premium / High-End,26-35,East,Email Marketing,937.78
CUST-00602,Budget Shoppers,18-25,North,Organic Search,188.47
CUST-00603,Budget Shoppers,26-35,East,Paid Social,485.93
CUST-00604,Budget Shoppers,26-35,South,Email Marketing,560.37
CUST-00605,Value Seekers,65+,East,Paid Social,580.9
CUST-00606,Value Seekers,26-35,North,Paid Social,1022.8
CUST-00607,Budget Shoppers,18-25,South,Organic Search,261.75
CUST-00608,Premium / High-End,26-35,West,Paid Social,2146.51
CUST-00609,Value Seekers,51-65,South,Paid Social,1082.35
CUST-00610,Budget Shoppers,36-50,North,Organic Search,616.08
CUST-00611,Budget Shoppers,18-25,East,Paid Social,224.48
CUST-00612,Premium / High-End,26-35,East,Organic Search,2275.97
CUST-00613,Budget Shoppers,51-65,East,Paid Social,247.12
CUST-00614,Premium / High-End,36-50,North,Paid Social,1295.23
CUST-00615,Corporate / Bulk,51-65,North,Email Marketing,6448.66
CUST-00616,Budget Shoppers,26-35,West,Paid Social,516.3
CUST-00617,Premium / High-End,65+,,Email Marketing,1777.07
CUST-00618,Budget Shoppers,36-50,West,Paid Social,634.43
CUST-00619,Premium / High-End,18-25,East,Organic Search,1606.92
CUST-00620,Budget Shoppers,18-25,North,Paid Social,257.79
CUST-00621,Budget Shoppers,26-35,East,Email Marketing,70.74
CUST-00622,Budget Shoppers,51-65,North,Direct,602.29
CUST-00623,Value Seekers,65+,North,Referral,1118.95
CUST-00624,Corporate / Bulk,51-65,West,Organic Search,8064.28
CUST-00625,Premium / High-End,36-50,North,Referral,3034.19
CUST-00626,Premium / High-End,26-35,East,Paid Social,1139.67
CUST-00627,Budget Shoppers,26-35,South,Email Marketing,313.4
CUST-00628,Premium / High-End,26-35,North,Organic Search,3047.75
CUST-00629,Corporate / Bulk,65+,South,Paid Social,6206.65
CUST-00630,Budget Shoppers,36-50,East,Email Marketing,400.25
CUST-00631,Value Seekers,26-35,East,Organic Search,583.07
CUST-00632,Value Seekers,26-35,North,Organic Search,962.49
CUST-00633,Budget Shoppers,26-35,West,Paid Social,580.07
CUST-00634,Value Seekers,26-35,South,Email Marketing,1036.58
CUST-00635,Budget Shoppers,36-50,North,Paid Social,210.61
CUST-00636,Budget Shoppers,26-35,West,Organic Search,216.59
CUST-00637,Corporate / Bulk,36-50,North,Organic Search,4312.94
CUST-00638,Value Seekers,51-65,North,Organic Search,434.6
CUST-00639,Value Seekers,26-35,North,Direct,1221.71
CUST-00640,Budget Shoppers,26-35,South,Email Marketing,322.78
CUST-00641,Budget Shoppers,36-50,East,Organic Search,278.52
CUST-00642,Value Seekers,26-35,North,Email Marketing,458.94
CUST-00643,Budget Shoppers,36-50,East,Direct,238.11
CUST-00644,Value Seekers,18-25,North,Paid Social,1482.08
CUST-00645,Premium / High-End,26-35,North,Referral,1782.02
CUST-00646,Budget Shoppers,36-50,East,Organic Search,333.48
CUST-00647,Corporate / Bulk,26-35,North,Organic Search,4567.18
CUST-00648,Value Seekers,36-50,,Email Marketing,556.98
CUST-00649,Budget Shoppers,36-50,South,Referral,225.53
CUST-00650,Budget Shoppers,36-50,North,Paid Social,277.79
CUST-00651,Value Seekers,26-35,West,Organic Search,1100.48
CUST-00652,Budget Shoppers,26-35,North,Email Marketing,370.69
CUST-00653,Value Seekers,36-50,East,Referral,1731.26
CUST-00654,Value Seekers,26-35,South,Paid Social,438.82
CUST-00655,Premium / High-End,18-25,South,Referral,3879.16
CUST-00656,Corporate / Bulk,18-25,South,Paid Social,7518.31
CUST-00657,Value Seekers,65+,East,Direct,1049.61
CUST-00658,Corporate / Bulk,51-65,North,Paid Social,6439.06
CUST-00659,Value Seekers,36-50,East,Direct,790.46
CUST-00660,Premium / High-End,18-25,North,Organic Search,5382.52
CUST-00661,Budget Shoppers,36-50,North,Paid Social,483.57
CUST-00662,Value Seekers,26-35,East,Email Marketing,617.89
CUST-00663,Budget Shoppers,36-50,East,Organic Search,380.47
CUST-00664,Budget Shoppers,26-35,East,Referral,432.83
CUST-00665,Value Seekers,36-50,South,Referral,848.58
CUST-00666,Value Seekers,36-50,North,Email Marketing,937.42
CUST-00667,Premium / High-End,18-25,North,Paid Social,1274.05
CUST-00668,Value Seekers,26-35,East,Email Marketing,1190.99
CUST-00669,Premium / High-End,36-50,North,Email Marketing,2383.15
CUST-00670,Budget Shoppers,26-35,West,Referral,1220.48
CUST-00671,Premium / High-End,18-25,North,Referral,2608.97
CUST-00672,Budget Shoppers,36-50,West,Organic Search,429.99
CUST-00673,Premium / High-End,18-25,North,Email Marketing,2808.5
CUST-00674,Value Seekers,26-35,North,Paid Social,706.73
CUST-00675,Value Seekers,26-35,East,Organic Search,800.74
CUST-00676,Budget Shoppers,36-50,East,Organic Search,537.23
CUST-00677,Value Seekers,51-65,North,Organic Search,1096.92
CUST-00678,Value Seekers,18-25,South,Direct,838.98
CUST-00679,Premium / High-End,51-65,East,Email Marketing,1599.81
CUST-00680,Value Seekers,26-35,South,Email Marketing,871.02
CUST-00681,Budget Shoppers,26-35,North,Paid Social,235.53
CUST-00682,Corporate / Bulk,36-50,North,Direct,5206.86
CUST-00683,Corporate / Bulk,26-35,North,Organic Search,10052.18
CUST-00684,Premium / High-End,26-35,South,Organic Search,2596.83
CUST-00685,Budget Shoppers,26-35,East,Email Marketing,750.37
CUST-00686,Value Seekers,26-35,East,Email Marketing,1123.59
CUST-00687,Budget Shoppers,36-50,West,Organic Search,252.29
CUST-00688,Budget Shoppers,26-35,South,Paid Social,656.29
CUST-00689,Premium / High-End,65+,West,Organic Search,2410.93
CUST-00690,Value Seekers,36-50,West,Organic Search,375.99
CUST-00691,Value Seekers,26-35,North,Organic Search,628.07
CUST-00692,Corporate / Bulk,18-25,East,Direct,7039.37
CUST-00693,Premium / High-End,36-50,East,Paid Social,1051.45
CUST-00694,Corporate / Bulk,18-25,North,Organic Search,6653.88
CUST-00695,Premium / High-End,36-50,North,Paid Social,2414.98
CUST-00696,Corporate / Bulk,26-35,North,Organic Search,4306.93
CUST-00697,Premium / High-End,36-50,East,Organic Search,2214.62
CUST-00698,Budget Shoppers,26-35,North,Email Marketing,527.21
CUST-00699,Value Seekers,18-25,North,Paid Social,759.26
CUST-00700,Value Seekers,65+,East,Organic Search,641.0
CUST-00701,Budget Shoppers,18-25,North,Organic Search,129.62
CUST-00702,Value Seekers,36-50,West,Organic Search,839.37
CUST-00703,Premium / High-End,18-25,South,Organic Search,1463.38
CUST-00704,Value Seekers,36-50,East,Organic Search,1480.06
CUST-00705,Corporate / Bulk,26-35,North,Paid Social,15146.52
CUST-00706,Premium / High-End,26-35,North,Referral,847.1
CUST-00707,Budget Shoppers,51-65,North,Direct,579.12
CUST-00708,Budget Shoppers,26-35,West,Email Marketing,393.86
CUST-00709,Value Seekers,26-35,East,Referral,673.52
CUST-00710,Budget Shoppers,51-65,North,Paid Social,749.7
CUST-00711,Budget Shoppers,51-65,West,Paid Social,101.74
CUST-00712,Budget Shoppers,18-25,South,Paid Social,347.38
CUST-00713,Premium / High-End,18-25,South,Email Marketing,1485.91
CUST-00714,Budget Shoppers,26-35,North,Organic Search,783.56
CUST-00715,Premium / High-End,36-50,North,Organic Search,2626.42
CUST-00716,Budget Shoppers,26-35,South,Organic Search,361.16
CUST-00717,Budget Shoppers,26-35,North,Referral,116.17
CUST-00718,Value Seekers,36-50,East,Referral,702.93
CUST-00719,Corporate / Bulk,26-35,East,Paid Social,7984.38
CUST-00720,Value Seekers,26-35,West,Paid Social,1026.0
CUST-00721,Budget Shoppers,26-35,South,Referral,207.45
CUST-00722,Premium / High-End,65+,North,Paid Social,1375.71
CUST-00723,Premium / High-End,65+,West,Organic Search,1181.8
CUST-00724,Value Seekers,36-50,North,Direct,612.58
CUST-00725,Budget Shoppers,26-35,West,Referral,145.94
CUST-00726,Premium / High-End,51-65,South,Referral,1695.32
CUST-00727,Budget Shoppers,36-50,East,Email Marketing,253.01
CUST-00728,Corporate / Bulk,36-50,North,Direct,9801.81
CUST-00729,Value Seekers,26-35,East,Direct,1176.87
CUST-00730,Premium / High-End,26-35,,Paid Social,2470.19
CUST-00731,Budget Shoppers,26-35,North,Paid Social,380.47
CUST-00732,Budget Shoppers,26-35,West,Organic Search,1308.85
CUST-00733,Premium / High-End,51-65,West,Paid Social,1013.19
CUST-00734,Budget Shoppers,51-65,East,Email Marketing,300.43
CUST-00735,Premium / High-End,65+,West,Paid Social,1294.11
CUST-00736,Corporate / Bulk,18-25,South,Organic Search,14368.5
CUST-00737,Budget Shoppers,51-65,North,Referral,376.41
CUST-00738,Corporate / Bulk,18-25,East,Direct,8998.28
CUST-00739,Value Seekers,36-50,West,Organic Search,383.07
CUST-00740,Value Seekers,26-35,North,Email Marketing,994.83
CUST-00741,Budget Shoppers,51-65,East,Direct,107.24
CUST-00742,Value Seekers,65+,West,Organic Search,681.99
CUST-00743,Value Seekers,65+,West,Organic Search,460.61
CUST-00744,Value Seekers,18-25,West,Email Marketing,701.9
CUST-00745,Budget Shoppers,18-25,West,Referral,365.78
CUST-00746,Budget Shoppers,36-50,East,Referral,228.89
CUST-00747,Value Seekers,26-35,North,Organic Search,1421.03
CUST-00748,Budget Shoppers,18-25,North,Paid Social,256.67
CUST-00749,Premium / High-End,51-65,West,Paid Social,1844.03
CUST-00750,Value Seekers,18-25,East,Paid Social,975.4
CUST-00751,Premium / High-End,36-50,East,Organic Search,2055.35
CUST-00752,Budget Shoppers,26-35,West,Organic Search,284.15
CUST-00753,Corporate / Bulk,18-25,North,Paid Social,9139.34
CUST-00754,Premium / High-End,51-65,East,Organic Search,1334.66
CUST-00755,Value Seekers,26-35,East,Organic Search,816.48
CUST-00756,Corporate / Bulk,51-65,North,Organic Search,7235.59
CUST-00757,Budget Shoppers,26-35,North,Email Marketing,115.49
CUST-00758,Premium / High-End,26-35,East,Organic Search,935.3
CUST-00759,Budget Shoppers,36-50,North,Referral,227.51
CUST-00760,Budget Shoppers,26-35,South,Organic Search,220.75
CUST-00761,Value Seekers,26-35,East,Organic Search,798.23
CUST-00762,Budget Shoppers,18-25,South,Referral,341.44
CUST-00763,Budget Shoppers,26-35,South,Email Marketing,391.77
CUST-00764,Budget Shoppers,26-35,East,Referral,121.68
CUST-00765,Value Seekers,26-35,South,Paid Social,424.11
CUST-00766,Budget Shoppers,18-25,North,Email Marketing,312.88
CUST-00767,Value Seekers,26-35,North,Paid Social,860.37
CUST-00768,Corporate / Bulk,26-35,East,Referral,10447.21
CUST-00769,Premium / High-End,26-35,South,Referral,2233.14
CUST-00770,Value Seekers,26-35,West,Organic Search,1318.12
CUST-00771,Corporate / Bulk,26-35,East,Direct,3566.87
CUST-00772,Premium / High-End,36-50,East,Organic Search,1886.87
CUST-00773,Premium / High-End,65+,North,Direct,2629.69
CUST-00774,Premium / High-End,26-35,North,Direct,1372.69
CUST-00775,Value Seekers,36-50,West,Referral,761.21
CUST-00776,Budget Shoppers,51-65,West,Organic Search,289.58
CUST-00777,Value Seekers,26-35,South,Organic Search,662.38
CUST-00778,Value Seekers,36-50,West,Email Marketing,736.11
CUST-00779,Value Seekers,26-35,South,Organic Search,794.42
CUST-00780,Value Seekers,51-65,East,Direct,820.01
CUST-00781,Value Seekers,26-35,North,Paid Social,670.23
CUST-00782,Budget Shoppers,26-35,South,Paid Social,359.41
CUST-00783,Value Seekers,26-35,North,Organic Search,1416.63
CUST-00784,Value Seekers,18-25,East,Referral,991.74
CUST-00785,Budget Shoppers,36-50,North,Direct,418.63
CUST-00786,Premium / High-End,36-50,North,Organic Search,4327.86
CUST-00787,Budget Shoppers,36-50,South,Organic Search,338.6
CUST-00788,Premium / High-End,65+,North,Paid Social,2006.61
CUST-00789,Premium / High-End,26-35,North,Email Marketing,3057.88
CUST-00790,Budget Shoppers,51-65,North,Email Marketing,479.51
CUST-00791,Premium / High-End,51-65,West,Paid Social,820.49
CUST-00792,Budget Shoppers,26-35,South,Organic Search,541.43
CUST-00793,Premium / High-End,18-25,West,Organic Search,1324.88
CUST-00794,Premium / High-End,26-35,West,Paid Social,2876.47
CUST-00795,Corporate / Bulk,26-35,East,Referral,7326.12
CUST-00796,Value Seekers,18-25,East,Organic Search,468.65
CUST-00797,Value Seekers,18-25,East,Referral,381.7
CUST-00798,Value Seekers,18-25,South,Referral,649.66
CUST-00799,Premium / High-End,26-35,East,Paid Social,1565.98
CUST-00800,Budget Shoppers,65+,East,Referral,382.2
CUST-00801,Value Seekers,26-35,East,Paid Social,1011.72
CUST-00802,Budget Shoppers,36-50,East,Organic Search,790.01
CUST-00803,Corporate / Bulk,36-50,East,Organic Search,8592.83
CUST-00804,Budget Shoppers,26-35,West,Direct,684.11
CUST-00805,Value Seekers,26-35,South,Paid Social,655.52
CUST-00806,Budget Shoppers,36-50,South,Referral,134.08
CUST-00807,Value Seekers,26-35,North,Email Marketing,819.13
CUST-00808,Premium / High-End,36-50,South,Email Marketing,884.19
CUST-00809,Budget Shoppers,18-25,North,Direct,182.53
CUST-00810,Value Seekers,26-35,West,Email Marketing,1015.07
CUST-00811,Premium / High-End,18-25,South,Email Marketing,1835.1
CUST-00812,Premium / High-End,36-50,West,Email Marketing,2400.27
CUST-00813,Value Seekers,36-50,East,Email Marketing,865.66
CUST-00814,Corporate / Bulk,26-35,North,Paid Social,8947.57
CUST-00815,Budget Shoppers,36-50,East,Organic Search,132.25
CUST-00816,Premium / High-End,26-35,North,Referral,2260.01
CUST-00817,Corporate / Bulk,26-35,East,Referral,11816.86
CUST-00818,Premium / High-End,26-35,West,Organic Search,2881.76
CUST-00819,Budget Shoppers,36-50,North,Email Marketing,171.27
CUST-00820,Budget Shoppers,26-35,East,Organic Search,52.12
CUST-00821,Value Seekers,26-35,East,Referral,579.45
CUST-00822,Budget Shoppers,26-35,North,Referral,210.92
CUST-00823,Value Seekers,36-50,West,Direct,949.73
CUST-00824,Budget Shoppers,26-35,West,Referral,772.28
CUST-00825,Value Seekers,18-25,South,Referral,1353.43
CUST-00826,Budget Shoppers,26-35,North,Paid Social,291.13
CUST-00827,Corporate / Bulk,26-35,South,Email Marketing,4553.64
CUST-00828,Premium / High-End,36-50,South,Organic Search,2790.46
CUST-00829,Value Seekers,26-35,North,Email Marketing,878.93
CUST-00830,Budget Shoppers,26-35,East,Email Marketing,340.59
CUST-00831,Budget Shoppers,36-50,East,Paid Social,124.68
CUST-00832,Corporate / Bulk,18-25,South,Organic Search,6872.77
CUST-00833,Value Seekers,26-35,North,Referral,1198.05
CUST-00834,Budget Shoppers,36-50,East,Organic Search,185.72
CUST-00835,Value Seekers,18-25,South,Paid Social,582.01
CUST-00836,Value Seekers,51-65,North,Organic Search,1098.65
CUST-00837,Budget Shoppers,36-50,East,Paid Social,890.34
CUST-00838,Premium / High-End,26-35,West,Direct,1271.35
CUST-00839,Value Seekers,51-65,North,Direct,394.82
CUST-00840,Value Seekers,36-50,North,Organic Search,1213.22
CUST-00841,Premium / High-End,18-25,East,Paid Social,5009.5
CUST-00842,Value Seekers,51-65,North,Organic Search,986.81
CUST-00843,Value Seekers,65+,North,Email Marketing,583.75
CUST-00844,Value Seekers,36-50,North,Paid Social,282.59
CUST-00845,Value Seekers,26-35,East,Organic Search,665.76
CUST-00846,Value Seekers,26-35,East,Email Marketing,1317.19
CUST-00847,Value Seekers,36-50,North,Organic Search,1085.77
CUST-00848,Premium / High-End,36-50,North,Organic Search,3060.84
CUST-00849,Budget Shoppers,26-35,,Organic Search,446.77
CUST-00850,Budget Shoppers,26-35,East,Email Marketing,123.05
CUST-00851,Budget Shoppers,26-35,North,Organic Search,301.72
CUST-00852,Corporate / Bulk,18-25,South,Email Marketing,7052.95
CUST-00853,Corporate / Bulk,36-50,West,Organic Search,7480.26
CUST-00854,Budget Shoppers,36-50,East,Organic Search,174.66
CUST-00855,Budget Shoppers,65+,North,Organic Search,423.72
CUST-00856,Value Seekers,18-25,North,Organic Search,870.53
CUST-00857,Budget Shoppers,26-35,West,Email Marketing,185.23
CUST-00858,Budget Shoppers,18-25,East,Referral,584.62
CUST-00859,Value Seekers,26-35,North,Paid Social,1130.13
CUST-00860,Value Seekers,18-25,West,Referral,488.72
CUST-00861,Budget Shoppers,65+,South,Organic Search,484.03
CUST-00862,Value Seekers,36-50,West,Email Marketing,1232.33
CUST-00863,Premium / High-End,36-50,North,Organic Search,1750.55
CUST-00864,Corporate / Bulk,26-35,North,Paid Social,5964.26
CUST-00865,Premium / High-End,26-35,East,Paid Social,2077.67
CUST-00866,Value Seekers,36-50,North,Referral,432.88
CUST-00867,Corporate / Bulk,51-65,North,Organic Search,4122.76
CUST-00868,Value Seekers,26-35,North,Organic Search,1876.82
CUST-00869,Premium / High-End,36-50,East,Paid Social,1669.97
CUST-00870,Value Seekers,36-50,West,Paid Social,400.27
CUST-00871,Value Seekers,18-25,East,Email Marketing,676.3
CUST-00872,Budget Shoppers,36-50,South,Paid Social,380.52
CUST-00873,Premium / High-End,65+,East,Organic Search,3680.0
CUST-00874,Value Seekers,51-65,North,Referral,1035.07
CUST-00875,Premium / High-End,26-35,North,Organic Search,3761.43
CUST-00876,Corporate / Bulk,26-35,North,Email Marketing,7719.22
CUST-00877,Value Seekers,26-35,North,Referral,866.94
CUST-00878,Value Seekers,26-35,West,Organic Search,1161.27
CUST-00879,Value Seekers,18-25,East,Paid Social,731.8
CUST-00880,Value Seekers,18-25,North,Email Marketing,1316.54
CUST-00881,Value Seekers,26-35,South,Organic Search,1595.78
CUST-00882,Value Seekers,26-35,West,Organic Search,584.2
CUST-00883,Budget Shoppers,36-50,South,Email Marketing,69.99
CUST-00884,Value Seekers,36-50,East,Organic Search,1090.78
CUST-00885,Premium / High-End,26-35,,Referral,1657.48
CUST-00886,Corporate / Bulk,26-35,South,Email Marketing,6008.53
CUST-00887,Budget Shoppers,18-25,North,Email Marketing,475.38
CUST-00888,Premium / High-End,36-50,North,Organic Search,1707.17
CUST-00889,Corporate / Bulk,26-35,South,Referral,6149.82
CUST-00890,Premium / High-End,26-35,North,Direct,1640.08
CUST-00891,Premium / High-End,36-50,East,Paid Social,1858.21
CUST-00892,Value Seekers,18-25,West,Paid Social,1363.55
CUST-00893,Value Seekers,51-65,North,Referral,608.52
CUST-00894,Value Seekers,51-65,East,Organic Search,805.07
CUST-00895,Value Seekers,18-25,East,Paid Social,377.25
CUST-00896,Value Seekers,26-35,West,Paid Social,1038.29
CUST-00897,Corporate / Bulk,36-50,West,Organic Search,5036.22
CUST-00898,Corporate / Bulk,26-35,West,Organic Search,7200.87
CUST-00899,Value Seekers,36-50,East,Organic Search,1041.0
CUST-00900,Premium / High-End,36-50,West,Direct,2234.18
CUST-00901,Value Seekers,36-50,North,Organic Search,1050.09
CUST-00902,Budget Shoppers,65+,East,Email Marketing,192.14
CUST-00903,Corporate / Bulk,36-50,East,Paid Social,10060.3
CUST-00904,Budget Shoppers,26-35,South,Paid Social,251.03
CUST-00905,Value Seekers,36-50,South,Referral,619.83
CUST-00906,Budget Shoppers,36-50,West,Paid Social,78.7
CUST-00907,Budget Shoppers,36-50,North,Organic Search,475.97
CUST-00908,Premium / High-End,26-35,North,Organic Search,3175.72
CUST-00909,Premium / High-End,26-35,East,Email Marketing,3533.24
CUST-00910,Budget Shoppers,18-25,West,Referral,577.46
CUST-00911,Premium / High-End,36-50,West,Paid Social,1443.25
CUST-00912,Budget Shoppers,36-50,East,Organic Search,779.38
CUST-00913,Value Seekers,26-35,West,Direct,1196.65
CUST-00914,Corporate / Bulk,26-35,South,Organic Search,9422.7
CUST-00915,Budget Shoppers,36-50,East,Referral,229.07
CUST-00916,Premium / High-End,36-50,West,Email Marketing,2084.27
CUST-00917,Premium / High-End,36-50,East,Email Marketing,1996.62
CUST-00918,Corporate / Bulk,18-25,South,Email Marketing,9026.93
CUST-00919,Budget Shoppers,26-35,North,Paid Social,364.73
CUST-00920,Value Seekers,18-25,East,Paid Social,1398.23
CUST-00921,Budget Shoppers,36-50,South,Organic Search,266.83
CUST-00922,Budget Shoppers,18-25,South,Direct,176.68
CUST-00923,Value Seekers,26-35,East,Paid Social,576.75
CUST-00924,Value Seekers,26-35,East,Organic Search,281.19
CUST-00925,Budget Shoppers,26-35,North,Paid Social,473.05
CUST-00926,Value Seekers,26-35,North,Organic Search,715.44
CUST-00927,Budget Shoppers,26-35,South,Email Marketing,208.11
CUST-00928,Value Seekers,51-65,West,Direct,1015.01
CUST-00929,Budget Shoppers,26-35,East,Direct,192.93
CUST-00930,Value Seekers,65+,East,Email Marketing,556.24
CUST-00931,Budget Shoppers,51-65,West,Paid Social,373.1
CUST-00932,Value Seekers,51-65,South,Referral,1642.28
CUST-00933,Value Seekers,26-35,West,Organic Search,119.2
CUST-00934,Premium / High-End,26-35,North,Direct,2479.54
CUST-00935,Budget Shoppers,26-35,West,Organic Search,540.71
CUST-00936,Budget Shoppers,36-50,East,Referral,481.6
CUST-00937,Value Seekers,26-35,North,Email Marketing,547.83
CUST-00938,Corporate / Bulk,36-50,East,Direct,10555.47
CUST-00939,Premium / High-End,26-35,North,Paid Social,1866.79
CUST-00940,Budget Shoppers,36-50,North,Paid Social,700.58
CUST-00941,Value Seekers,26-35,North,Paid Social,773.0
CUST-00942,Value Seekers,18-25,South,Email Marketing,1423.4
CUST-00943,Value Seekers,36-50,East,Email Marketing,552.61
CUST-00944,Value Seekers,18-25,East,Direct,652.14
CUST-00945,Budget Shoppers,26-35,East,Organic Search,167.02
CUST-00946,Premium / High-End,26-35,South,Email Marketing,4813.66
CUST-00947,Value Seekers,18-25,East,Paid Social,727.09
CUST-00948,Premium / High-End,65+,East,Organic Search,597.77
CUST-00949,Value Seekers,36-50,West,Email Marketing,951.02
CUST-00950,Value Seekers,26-35,West,Paid Social,641.92
CUST-00951,Budget Shoppers,36-50,North,Paid Social,528.02
CUST-00952,Corporate / Bulk,36-50,South,Direct,6444.92
CUST-00953,Budget Shoppers,36-50,South,Paid Social,251.89
CUST-00954,Budget Shoppers,51-65,North,Organic Search,68.77
CUST-00955,Budget Shoppers,51-65,West,Referral,490.43
CUST-00956,Corporate / Bulk,26-35,West,Paid Social,3962.21
CUST-00957,Budget Shoppers,18-25,North,Email Marketing,219.56
CUST-00958,Value Seekers,18-25,South,Email Marketing,456.32
CUST-00959,Budget Shoppers,51-65,East,Organic Search,324.4
CUST-00960,Value Seekers,26-35,East,Paid Social,919.73
CUST-00961,Value Seekers,26-35,South,Paid Social,1121.35
CUST-00962,Budget Shoppers,26-35,North,Email Marketing,264.6
CUST-00963,Value Seekers,18-25,West,Email Marketing,1311.83
CUST-00964,Premium / High-End,26-35,South,Organic Search,1184.8
CUST-00965,Value Seekers,36-50,North,Referral,661.65
CUST-00966,Premium / High-End,26-35,North,Organic Search,3446.1
CUST-00967,Premium / High-End,18-25,North,Organic Search,2069.51
CUST-00968,Value Seekers,36-50,North,Paid Social,815.59
CUST-00969,Value Seekers,26-35,West,Paid Social,1236.49
CUST-00970,Corporate / Bulk,36-50,South,Paid Social,2784.17
CUST-00971,Budget Shoppers,36-50,East,Organic Search,530.23
CUST-00972,Value Seekers,26-35,East,Paid Social,847.15
CUST-00973,Value Seekers,36-50,West,Email Marketing,1374.46
CUST-00974,Budget Shoppers,26-35,East,Organic Search,437.3
CUST-00975,Corporate / Bulk,65+,East,Email Marketing,7758.79
CUST-00976,Value Seekers,26-35,South,Paid Social,1658.64
CUST-00977,Budget Shoppers,18-25,South,Organic Search,205.59
CUST-00978,Corporate / Bulk,26-35,South,Paid Social,6785.42
CUST-00979,Budget Shoppers,26-35,West,Email Marketing,404.67
CUST-00980,Value Seekers,51-65,West,Organic Search,1691.31
CUST-00981,Value Seekers,36-50,North,Paid Social,683.35
CUST-00982,Value Seekers,26-35,West,Paid Social,594.11
CUST-00983,Corporate / Bulk,26-35,East,Referral,12493.93
CUST-00984,Value Seekers,36-50,,Paid Social,309.25
CUST-00985,Budget Shoppers,18-25,North,Email Marketing,245.55
CUST-00986,Budget Shoppers,26-35,North,Email Marketing,302.14
CUST-00987,Budget Shoppers,36-50,North,Email Marketing,86.94
CUST-00988,Value Seekers,26-35,South,Organic Search,655.33
CUST-00989,Premium / High-End,18-25,North,Paid Social,3570.84
CUST-00990,Budget Shoppers,18-25,East,Paid Social,290.31
CUST-00991,Budget Shoppers,26-35,North,Direct,330.51
CUST-00992,Value Seekers,18-25,East,Email Marketing,780.11
CUST-00993,Value Seekers,18-25,South,Paid Social,687.61
CUST-00994,Corporate / Bulk,18-25,West,Referral,13138.21
CUST-00995,Value Seekers,51-65,West,Organic Search,501.87
CUST-00996,Value Seekers,36-50,North,Paid Social,816.43
CUST-00997,Value Seekers,26-35,East,Paid Social,653.12
CUST-00998,Budget Shoppers,51-65,North,Paid Social,665.12
CUST-00999,Value Seekers,18-25,North,Paid Social,1530.05
CUST-01000,Value Seekers,36-50,North,Paid Social,1405.37
CUST-01001,Budget Shoppers,18-25,South,Email Marketing,308.91
CUST-01002,Premium / High-End,36-50,West,Email Marketing,2743.17
CUST-01003,Value Seekers,18-25,South,Paid Social,946.52
CUST-01004,Budget Shoppers,36-50,West,Paid Social,474.35
CUST-01005,Value Seekers,36-50,East,Email Marketing,763.5
CUST-01006,Budget Shoppers,26-35,North,Organic Search,85.5
CUST-01007,Premium / High-End,51-65,South,Paid Social,1575.96
CUST-01008,Budget Shoppers,36-50,East,Paid Social,589.55
CUST-01009,Budget Shoppers,36-50,North,Email Marketing,352.52
CUST-01010,Budget Shoppers,18-25,South,Email Marketing,272.23
CUST-01011,Budget Shoppers,26-35,West,Paid Social,180.15
CUST-01012,Budget Shoppers,36-50,East,Paid Social,390.52
CUST-01013,Premium / High-End,26-35,South,Paid Social,4678.75
CUST-01014,Budget Shoppers,26-35,South,Email Marketing,292.02
CUST-01015,Premium / High-End,36-50,West,Email Marketing,3108.28
CUST-01016,Value Seekers,18-25,East,Organic Search,778.67
CUST-01017,Value Seekers,26-35,South,Email Marketing,790.29
CUST-01018,Premium / High-End,65+,North,Organic Search,2221.09
CUST-01019,Budget Shoppers,51-65,North,Paid Social,199.27
CUST-01020,Budget Shoppers,18-25,North,Organic Search,564.85
CUST-01021,Value Seekers,36-50,West,Paid Social,233.13
CUST-01022,Premium / High-End,51-65,East,Referral,2596.01
CUST-01023,Value Seekers,26-35,South,Email Marketing,623.13
CUST-01024,Premium / High-End,18-25,South,Paid Social,2064.64
CUST-01025,Value Seekers,18-25,North,Organic Search,992.95
CUST-01026,Budget Shoppers,18-25,North,Direct,173.99
CUST-01027,Premium / High-End,26-35,South,Paid Social,1444.7
CUST-01028,Value Seekers,18-25,East,Organic Search,1173.33
CUST-01029,Budget Shoppers,51-65,West,Paid Social,248.93
CUST-01030,Corporate / Bulk,36-50,North,Organic Search,4770.22
CUST-01031,Corporate / Bulk,26-35,East,Paid Social,7025.28
CUST-01032,Budget Shoppers,26-35,North,Direct,328.71
CUST-01033,Premium / High-End,51-65,West,Referral,1755.71
CUST-01034,Value Seekers,65+,East,Paid Social,1412.86
CUST-01035,Premium / High-End,65+,East,Paid Social,2080.7
CUST-01036,Value Seekers,18-25,East,Organic Search,1322.54
CUST-01037,Budget Shoppers,65+,East,Email Marketing,327.85
CUST-01038,Budget Shoppers,65+,South,Paid Social,105.58
CUST-01039,Budget Shoppers,26-35,West,Organic Search,497.48
CUST-01040,Value Seekers,18-25,West,Direct,440.24
CUST-01041,Value Seekers,51-65,South,Organic Search,412.27
CUST-01042,Corporate / Bulk,51-65,East,Paid Social,13037.12
CUST-01043,Budget Shoppers,51-65,,Organic Search,50.84
CUST-01044,Budget Shoppers,36-50,North,Organic Search,222.51
CUST-01045,Budget Shoppers,36-50,West,Email Marketing,270.94
CUST-01046,Value Seekers,26-35,East,Organic Search,1773.9
CUST-01047,Value Seekers,26-35,East,Direct,514.3
CUST-01048,Premium / High-End,26-35,West,Direct,1868.62
CUST-01049,Corporate / Bulk,26-35,South,Paid Social,10134.53
CUST-01050,Budget Shoppers,26-35,West,Paid Social,247.28
CUST-01051,Value Seekers,36-50,South,Organic Search,534.62
CUST-01052,Corporate / Bulk,26-35,East,Email Marketing,6833.94
CUST-01053,Budget Shoppers,36-50,North,Paid Social,163.72
CUST-01054,Value Seekers,26-35,North,Organic Search,493.48
CUST-01055,Value Seekers,26-35,East,Paid Social,969.46
CUST-01056,Budget Shoppers,26-35,East,Referral,134.97
CUST-01057,Budget Shoppers,18-25,North,Paid Social,116.67
CUST-01058,Budget Shoppers,26-35,North,Organic Search,469.37
CUST-01059,Value Seekers,18-25,South,Direct,528.42
CUST-01060,Budget Shoppers,18-25,West,Paid Social,154.88
CUST-01061,Corporate / Bulk,26-35,West,Email Marketing,4743.97
CUST-01062,Premium / High-End,36-50,South,Paid Social,3914.38
CUST-01063,Value Seekers,18-25,East,Referral,1217.27
CUST-01064,Value Seekers,26-35,East,Paid Social,497.92
CUST-01065,Value Seekers,51-65,East,Organic Search,663.71
CUST-01066,Budget Shoppers,51-65,North,Direct,543.29
CUST-01067,Budget Shoppers,36-50,East,Organic Search,307.74
CUST-01068,Premium / High-End,36-50,South,Paid Social,3093.44
CUST-01069,Premium / High-End,26-35,West,Organic Search,2442.06
CUST-01070,Value Seekers,18-25,North,Referral,41.91
CUST-01071,Budget Shoppers,36-50,East,Referral,557.08
CUST-01072,Budget Shoppers,26-35,North,Organic Search,407.18
CUST-01073,Budget Shoppers,36-50,North,Organic Search,567.72
CUST-01074,Value Seekers,26-35,West,Paid Social,1302.37
CUST-01075,Corporate / Bulk,26-35,South,Organic Search,3658.44
CUST-01076,Premium / High-End,51-65,East,Email Marketing,1479.52
CUST-01077,Budget Shoppers,18-25,North,Organic Search,287.46
CUST-01078,Premium / High-End,18-25,East,Paid Social,2101.75
CUST-01079,Premium / High-End,26-35,North,Organic Search,1966.31
CUST-01080,Value Seekers,26-35,West,Organic Search,1154.83
CUST-01081,Budget Shoppers,18-25,East,Referral,197.94
CUST-01082,Budget Shoppers,51-65,East,Paid Social,481.11
CUST-01083,Value Seekers,26-35,West,Organic Search,690.39
CUST-01084,Value Seekers,36-50,West,Organic Search,654.7
CUST-01085,Value Seekers,36-50,East,Paid Social,782.55
CUST-01086,Value Seekers,26-35,East,Paid Social,363.49
CUST-01087,Value Seekers,26-35,West,Paid Social,515.67
CUST-01088,Budget Shoppers,18-25,South,Referral,790.34
CUST-01089,Premium / High-End,26-35,South,Organic Search,2336.06
CUST-01090,Corporate / Bulk,26-35,West,Organic Search,6261.8
CUST-01091,Value Seekers,26-35,South,Organic Search,1108.44
CUST-01092,Value Seekers,36-50,South,Paid Social,780.46
CUST-01093,Budget Shoppers,26-35,East,Paid Social,701.56
CUST-01094,Budget Shoppers,26-35,South,Email Marketing,438.23
CUST-01095,Corporate / Bulk,36-50,West,Organic Search,9565.02
CUST-01096,Premium / High-End,26-35,West,Referral,4545.59
CUST-01097,Budget Shoppers,36-50,South,Email Marketing,255.49
CUST-01098,Budget Shoppers,26-35,East,Organic Search,275.46
CUST-01099,Budget Shoppers,26-35,East,Organic Search,270.28
CUST-01100,Budget Shoppers,36-50,East,Organic Search,224.0
CUST-01101,Budget Shoppers,26-35,South,Organic Search,140.69
CUST-01102,Premium / High-End,26-35,West,Referral,2102.17
CUST-01103,Budget Shoppers,65+,West,Organic Search,238.51
CUST-01104,Premium / High-End,26-35,North,Organic Search,3619.09
CUST-01105,Premium / High-End,51-65,West,Organic Search,962.16
CUST-01106,Premium / High-End,36-50,North,Paid Social,5438.07
CUST-01107,Premium / High-End,26-35,North,Email Marketing,2562.81
CUST-01108,Value Seekers,26-35,West,Email Marketing,345.22
CUST-01109,Budget Shoppers,36-50,South,Organic Search,117.61
CUST-01110,Corporate / Bulk,26-35,East,Email Marketing,10187.96
CUST-01111,Budget Shoppers,51-65,West,Organic Search,251.16
CUST-01112,Budget Shoppers,26-35,East,Organic Search,387.1
CUST-01113,Budget Shoppers,36-50,North,Organic Search,231.03
CUST-01114,Budget Shoppers,26-35,East,Paid Social,181.9
CUST-01115,Value Seekers,18-25,North,Organic Search,543.84
CUST-01116,Value Seekers,65+,West,Email Marketing,792.83
CUST-01117,Budget Shoppers,36-50,East,Referral,445.32
CUST-01118,Budget Shoppers,65+,North,Referral,309.18
CUST-01119,Premium / High-End,26-35,West,Organic Search,1304.77
CUST-01120,Value Seekers,18-25,South,Referral,644.2
CUST-01121,Value Seekers,26-35,South,Email Marketing,771.88
CUST-01122,Budget Shoppers,26-35,North,Email Marketing,285.42
CUST-01123,Budget Shoppers,51-65,West,Paid Social,336.72
CUST-01124,Budget Shoppers,26-35,North,Organic Search,266.79
CUST-01125,Value Seekers,36-50,North,Paid Social,1403.34
CUST-01126,Budget Shoppers,51-65,North,Email Marketing,254.09
CUST-01127,Budget Shoppers,36-50,East,Paid Social,598.28
CUST-01128,Value Seekers,26-35,East,Paid Social,1006.76
CUST-01129,Value Seekers,36-50,South,Organic Search,824.45
CUST-01130,Value Seekers,51-65,North,Organic Search,159.76
CUST-01131,Premium / High-End,26-35,North,Organic Search,3000.72
CUST-01132,Value Seekers,36-50,West,Paid Social,487.17
CUST-01133,Premium / High-End,26-35,North,Email Marketing,2086.45
CUST-01134,Budget Shoppers,26-35,West,Paid Social,168.05
CUST-01135,Premium / High-End,36-50,North,Organic Search,2743.7
CUST-01136,Value Seekers,26-35,West,Paid Social,1355.21
CUST-01137,Premium / High-End,26-35,West,Organic Search,941.92
CUST-01138,Budget Shoppers,51-65,South,Direct,156.9
CUST-01139,Budget Shoppers,26-35,East,Organic Search,1337.7
CUST-01140,Value Seekers,36-50,North,Organic Search,624.16
CUST-01141,Premium / High-End,18-25,South,Email Marketing,2239.04
CUST-01142,Value Seekers,36-50,South,Referral,1088.83
CUST-01143,Budget Shoppers,26-35,North,Paid Social,558.17
CUST-01144,Budget Shoppers,26-35,West,Paid Social,187.24
CUST-01145,Budget Shoppers,26-35,West,Paid Social,462.9
CUST-01146,Premium / High-End,36-50,South,Email Marketing,2567.9
CUST-01147,Value Seekers,36-50,North,Direct,809.36
CUST-01148,Budget Shoppers,26-35,West,Paid Social,500.66
CUST-01149,Premium / High-End,36-50,West,Paid Social,3688.54
CUST-01150,Corporate / Bulk,26-35,South,Organic Search,7133.65
CUST-01151,Premium / High-End,51-65,North,Email Marketing,2372.3
CUST-01152,Budget Shoppers,26-35,East,Direct,303.38
CUST-01153,Budget Shoppers,26-35,North,Organic Search,575.26
CUST-01154,Value Seekers,26-35,East,Referral,494.6
CUST-01155,Budget Shoppers,51-65,South,Email Marketing,20.36
CUST-01156,Premium / High-End,18-25,West,Referral,3265.55
CUST-01157,Value Seekers,51-65,East,Paid Social,539.28
CUST-01158,Budget Shoppers,36-50,East,Organic Search,503.25
CUST-01159,Budget Shoppers,26-35,East,Referral,1193.47
CUST-01160,Value Seekers,51-65,West,Organic Search,1832.92
CUST-01161,Value Seekers,18-25,East,Email Marketing,719.36
CUST-01162,Value Seekers,18-25,South,Paid Social,870.98
CUST-01163,Budget Shoppers,26-35,East,Organic Search,123.7
CUST-01164,Premium / High-End,26-35,South,Paid Social,3172.79
CUST-01165,Value Seekers,26-35,North,Paid Social,367.67
CUST-01166,Budget Shoppers,36-50,North,Organic Search,401.05
CUST-01167,Value Seekers,26-35,North,Email Marketing,1198.08
CUST-01168,Budget Shoppers,26-35,North,Paid Social,630.56
CUST-01169,Value Seekers,36-50,North,Email Marketing,502.83
CUST-01170,Budget Shoppers,36-50,North,Paid Social,312.67
CUST-01171,Corporate / Bulk,36-50,North,Paid Social,4203.72
CUST-01172,Budget Shoppers,36-50,South,Organic Search,373.87
CUST-01173,Budget Shoppers,36-50,West,Direct,230.09
CUST-01174,Value Seekers,18-25,North,Referral,265.27
CUST-01175,Budget Shoppers,36-50,South,Referral,488.28
CUST-01176,Budget Shoppers,51-65,North,Direct,680.02
CUST-01177,Premium / High-End,18-25,West,Email Marketing,1549.27
CUST-01178,Budget Shoppers,18-25,South,Organic Search,485.98
CUST-01179,Value Seekers,26-35,North,Organic Search,1088.66
CUST-01180,Value Seekers,18-25,East,Email Marketing,1025.32
CUST-01181,Budget Shoppers,36-50,East,Organic Search,121.89
CUST-01182,Budget Shoppers,36-50,South,Email Marketing,492.49
CUST-01183,Budget Shoppers,18-25,East,Paid Social,223.06
CUST-01184,Budget Shoppers,36-50,West,Referral,239.41
CUST-01185,Budget Shoppers,36-50,West,Organic Search,182.25
CUST-01186,Value Seekers,18-25,West,Organic Search,475.67
CUST-01187,Premium / High-End,26-35,East,Paid Social,1232.1
CUST-01188,Value Seekers,18-25,West,Organic Search,489.25
CUST-01189,Value Seekers,26-35,South,Organic Search,1106.67
CUST-01190,Budget Shoppers,36-50,South,Organic Search,120.42
CUST-01191,Corporate / Bulk,36-50,East,Email Marketing,9864.88
CUST-01192,Premium / High-End,36-50,West,Organic Search,3445.59
CUST-01193,Value Seekers,18-25,South,Referral,165.79
CUST-01194,Value Seekers,26-35,North,Direct,992.19
CUST-01195,Value Seekers,26-35,East,Organic Search,180.69
CUST-01196,Budget Shoppers,51-65,West,Paid Social,459.95
CUST-01197,Value Seekers,18-25,North,Paid Social,1927.87
CUST-01198,Premium / High-End,26-35,West,Email Marketing,1442.83
CUST-01199,Value Seekers,65+,North,Direct,144.14
CUST-01200,Budget Shoppers,51-65,West,Organic Search,288.41
CUST-01201,Value Seekers,18-25,West,Organic Search,517.53
CUST-01202,Premium / High-End,36-50,East,Referral,1502.44
CUST-01203,Value Seekers,26-35,South,Direct,1471.62
CUST-01204,Premium / High-End,26-35,West,Email Marketing,1436.57
CUST-01205,Budget Shoppers,36-50,North,Email Marketing,68.37
CUST-01206,Budget Shoppers,26-35,East,Organic Search,293.76
CUST-01207,Value Seekers,36-50,South,Paid Social,677.41
CUST-01208,Value Seekers,36-50,East,Paid Social,778.59
CUST-01209,Premium / High-End,18-25,South,Organic Search,2201.27
CUST-01210,Budget Shoppers,18-25,East,Organic Search,388.49
CUST-01211,Value Seekers,65+,East,Email Marketing,792.19
CUST-01212,Budget Shoppers,65+,West,Referral,139.94
CUST-01213,Value Seekers,26-35,South,Organic Search,1787.2
CUST-01214,Value Seekers,36-50,North,Paid Social,407.92
CUST-01215,Budget Shoppers,36-50,East,Paid Social,444.37
CUST-01216,Value Seekers,36-50,West,Paid Social,749.78
CUST-01217,Value Seekers,18-25,West,Direct,936.42
CUST-01218,Value Seekers,36-50,South,Paid Social,1603.32
CUST-01219,Value Seekers,18-25,East,Organic Search,765.55
CUST-01220,Value Seekers,51-65,South,Paid Social,1096.58
CUST-01221,Value Seekers,18-25,East,Paid Social,1288.99
CUST-01222,Budget Shoppers,26-35,West,Email Marketing,238.84
CUST-01223,Budget Shoppers,51-65,East,Email Marketing,466.77
CUST-01224,Budget Shoppers,26-35,South,Organic Search,546.25
CUST-01225,Value Seekers,26-35,East,Paid Social,203.51
CUST-01226,Budget Shoppers,51-65,East,Referral,268.93
CUST-01227,Premium / High-End,18-25,North,Paid Social,2779.87
CUST-01228,Value Seekers,26-35,East,Referral,868.97
CUST-01229,Value Seekers,26-35,West,Paid Social,1028.51
CUST-01230,Premium / High-End,36-50,West,Email Marketing,2443.69
CUST-01231,Budget Shoppers,18-25,West,Email Marketing,215.32
CUST-01232,Value Seekers,36-50,South,Paid Social,544.09
CUST-01233,Value Seekers,18-25,North,Organic Search,614.03
CUST-01234,Value Seekers,26-35,North,Referral,897.44
CUST-01235,Value Seekers,51-65,North,Organic Search,1021.99
CUST-01236,Value Seekers,26-35,South,Organic Search,267.54
CUST-01237,Value Seekers,26-35,North,Email Marketing,196.57
CUST-01238,Value Seekers,18-25,West,Organic Search,957.96
CUST-01239,Value Seekers,51-65,North,Email Marketing,419.99
CUST-01240,Premium / High-End,51-65,South,Organic Search,2259.68
CUST-01241,Value Seekers,36-50,North,Email Marketing,489.95
CUST-01242,Value Seekers,36-50,East,Organic Search,1800.6
CUST-01243,Value Seekers,51-65,East,Organic Search,429.72
CUST-01244,Budget Shoppers,26-35,South,Organic Search,264.72
CUST-01245,Value Seekers,26-35,East,Organic Search,457.78
CUST-01246,Value Seekers,26-35,North,Paid Social,746.97
CUST-01247,Value Seekers,18-25,East,Email Marketing,910.98
CUST-01248,Value Seekers,26-35,West,Email Marketing,1278.43
CUST-01249,Corporate / Bulk,26-35,West,Email Marketing,8441.31
CUST-01250,Budget Shoppers,65+,East,Paid Social,710.77
CUST-01251,Budget Shoppers,26-35,East,Email Marketing,310.06
CUST-01252,Value Seekers,36-50,North,Email Marketing,1634.41
CUST-01253,Corporate / Bulk,18-25,North,Email Marketing,10708.89
CUST-01254,Budget Shoppers,36-50,West,Direct,743.11
CUST-01255,Value Seekers,36-50,South,Email Marketing,942.17
CUST-01256,Budget Shoppers,26-35,North,Referral,350.06
CUST-01257,Budget Shoppers,26-35,East,Organic Search,749.87
CUST-01258,Value Seekers,36-50,South,Email Marketing,1030.79
CUST-01259,Budget Shoppers,26-35,North,Paid Social,663.17
CUST-01260,Value Seekers,36-50,West,Email Marketing,727.93
CUST-01261,Value Seekers,51-65,East,Paid Social,272.34
CUST-01262,Budget Shoppers,26-35,East,Email Marketing,298.0
CUST-01263,Premium / High-End,36-50,South,Organic Search,2708.24
CUST-01264,Value Seekers,36-50,North,Referral,2018.61
CUST-01265,Premium / High-End,65+,South,Organic Search,2407.81
CUST-01266,Budget Shoppers,36-50,West,Referral,890.62
CUST-01267,Value Seekers,36-50,South,Referral,383.05
CUST-01268,Premium / High-End,26-35,East,Organic Search,1783.73
CUST-01269,Value Seekers,26-35,South,Paid Social,1862.55
CUST-01270,Corporate / Bulk,26-35,North,Organic Search,6565.17
CUST-01271,Premium / High-End,51-65,East,Paid Social,2113.74
CUST-01272,Budget Shoppers,26-35,South,Organic Search,185.47
CUST-01273,Corporate / Bulk,26-35,East,Email Marketing,7536.05
CUST-01274,Budget Shoppers,51-65,West,Direct,249.31
CUST-01275,Value Seekers,36-50,North,Paid Social,688.64
CUST-01276,Premium / High-End,18-25,East,Direct,3318.7
CUST-01277,Value Seekers,18-25,East,Paid Social,426.71
CUST-01278,Budget Shoppers,36-50,East,Organic Search,251.57
CUST-01279,Value Seekers,51-65,South,Paid Social,736.68
CUST-01280,Budget Shoppers,26-35,North,Paid Social,403.06
CUST-01281,Budget Shoppers,26-35,North,Organic Search,392.82
CUST-01282,Value Seekers,26-35,East,Paid Social,420.61
CUST-01283,Budget Shoppers,36-50,North,Organic Search,77.68
CUST-01284,Budget Shoppers,36-50,North,Paid Social,621.47
CUST-01285,Value Seekers,26-35,North,Email Marketing,644.73
CUST-01286,Budget Shoppers,26-35,North,Organic Search,233.02
CUST-01287,Value Seekers,51-65,East,Email Marketing,370.47
CUST-01288,Value Seekers,36-50,South,Email Marketing,424.49
CUST-01289,Value Seekers,65+,East,Email Marketing,286.67
CUST-01290,Value Seekers,36-50,North,Direct,622.52
CUST-01291,Value Seekers,36-50,South,Email Marketing,524.94
CUST-01292,Value Seekers,26-35,North,Referral,637.3
CUST-01293,Value Seekers,26-35,West,Email Marketing,986.04
CUST-01294,Value Seekers,51-65,East,Paid Social,1140.02
CUST-01295,Budget Shoppers,26-35,South,Paid Social,205.5
CUST-01296,Budget Shoppers,36-50,East,Organic Search,193.01
CUST-01297,Budget Shoppers,36-50,West,Paid Social,436.55
CUST-01298,Value Seekers,26-35,West,Paid Social,468.11
CUST-01299,Value Seekers,26-35,East,Direct,455.26
CUST-01300,Value Seekers,36-50,South,Paid Social,968.94
CUST-01301,Premium / High-End,36-50,South,Paid Social,3763.86
CUST-01302,Budget Shoppers,18-25,East,Direct,169.57
CUST-01303,Value Seekers,36-50,South,Paid Social,674.78
CUST-01304,Value Seekers,18-25,West,Direct,1164.34
CUST-01305,Budget Shoppers,36-50,North,Email Marketing,688.0
CUST-01306,Value Seekers,36-50,South,Organic Search,1510.25
CUST-01307,Premium / High-End,51-65,West,Email Marketing,664.35
CUST-01308,Budget Shoppers,18-25,,Paid Social,319.56
CUST-01309,Value Seekers,26-35,East,Email Marketing,1788.76
CUST-01310,Budget Shoppers,51-65,East,Organic Search,354.48
CUST-01311,Corporate / Bulk,65+,South,Paid Social,6224.81
CUST-01312,Budget Shoppers,65+,North,Paid Social,137.97
CUST-01313,Budget Shoppers,26-35,South,Paid Social,442.44
CUST-01314,Budget Shoppers,51-65,East,Paid Social,341.58
CUST-01315,Premium / High-End,26-35,,Email Marketing,3055.3
CUST-01316,Value Seekers,26-35,South,Paid Social,344.18
CUST-01317,Value Seekers,26-35,East,Organic Search,840.66
CUST-01318,Value Seekers,51-65,West,Organic Search,1160.35
CUST-01319,Corporate / Bulk,18-25,East,Organic Search,6684.66
CUST-01320,Budget Shoppers,26-35,East,Paid Social,437.14
CUST-01321,Corporate / Bulk,36-50,North,Paid Social,5450.39
CUST-01322,Value Seekers,36-50,East,Paid Social,1679.53
CUST-01323,Budget Shoppers,26-35,East,Paid Social,107.62
CUST-01324,Value Seekers,36-50,North,Paid Social,983.55
CUST-01325,Premium / High-End,26-35,North,Paid Social,4457.48
CUST-01326,Value Seekers,65+,South,Paid Social,1208.8
CUST-01327,Premium / High-End,26-35,North,Email Marketing,1910.89
CUST-01328,Budget Shoppers,65+,East,Direct,545.65
CUST-01329,Premium / High-End,18-25,South,Referral,3002.42
CUST-01330,Budget Shoppers,36-50,South,Direct,127.99
CUST-01331,Budget Shoppers,36-50,East,Organic Search,683.01
CUST-01332,Budget Shoppers,36-50,South,Paid Social,277.63
CUST-01333,Value Seekers,36-50,South,Paid Social,1072.03
CUST-01334,Corporate / Bulk,26-35,West,Organic Search,5781.53
CUST-01335,Corporate / Bulk,36-50,East,Paid Social,4153.79
CUST-01336,Budget Shoppers,18-25,South,Organic Search,258.12
CUST-01337,Corporate / Bulk,36-50,West,Organic Search,11041.44
CUST-01338,Budget Shoppers,51-65,East,Organic Search,598.35
CUST-01339,Budget Shoppers,51-65,South,Organic Search,638.56
CUST-01340,Budget Shoppers,36-50,North,Organic Search,428.11
CUST-01341,Value Seekers,26-35,West,Email Marketing,969.19
CUST-01342,Value Seekers,51-65,West,Paid Social,887.12
CUST-01343,Budget Shoppers,51-65,North,Organic Search,265.06
CUST-01344,Value Seekers,36-50,West,Organic Search,709.45
CUST-01345,Value Seekers,26-35,East,Email Marketing,794.59
CUST-01346,Budget Shoppers,36-50,East,Organic Search,409.62
CUST-01347,Budget Shoppers,26-35,South,Email Marketing,257.05
CUST-01348,Premium / High-End,26-35,East,Email Marketing,2768.74
CUST-01349,Value Seekers,51-65,North,Organic Search,803.69
CUST-01350,Corporate / Bulk,36-50,South,Direct,6161.82
CUST-01351,Value Seekers,51-65,North,Email Marketing,1427.35
CUST-01352,Corporate / Bulk,51-65,South,Referral,4226.39
CUST-01353,Budget Shoppers,18-25,North,Email Marketing,472.09
CUST-01354,Value Seekers,36-50,East,Email Marketing,850.87
CUST-01355,Value Seekers,26-35,North,Email Marketing,627.08
CUST-01356,Budget Shoppers,36-50,East,Referral,132.76
CUST-01357,Budget Shoppers,18-25,North,Paid Social,406.36
CUST-01358,Budget Shoppers,26-35,South,Organic Search,142.61
CUST-01359,Budget Shoppers,36-50,West,Referral,572.06
CUST-01360,Corporate / Bulk,36-50,East,Organic Search,622.77
CUST-01361,Premium / High-End,36-50,North,Referral,4051.97
CUST-01362,Value Seekers,51-65,West,Email Marketing,628.82
CUST-01363,Budget Shoppers,51-65,South,Email Marketing,361.65
CUST-01364,Corporate / Bulk,26-35,North,Direct,7929.59
CUST-01365,Premium / High-End,18-25,South,Organic Search,3005.42
CUST-01366,Premium / High-End,26-35,South,Organic Search,661.07
CUST-01367,Corporate / Bulk,26-35,North,Paid Social,6805.15
CUST-01368,Corporate / Bulk,18-25,East,Paid Social,5570.75
CUST-01369,Budget Shoppers,26-35,East,Email Marketing,90.1
CUST-01370,Corporate / Bulk,18-25,East,Organic Search,3871.8
CUST-01371,Value Seekers,26-35,North,Referral,386.0
CUST-01372,Budget Shoppers,51-65,East,Email Marketing,183.6
CUST-01373,Budget Shoppers,51-65,East,Paid Social,179.63
CUST-01374,Value Seekers,26-35,West,Paid Social,433.77
CUST-01375,Premium / High-End,36-50,East,Paid Social,2425.41
CUST-01376,Budget Shoppers,36-50,West,Paid Social,148.11
CUST-01377,Value Seekers,26-35,West,Email Marketing,673.42
CUST-01378,Value Seekers,65+,East,Organic Search,521.21
CUST-01379,Value Seekers,18-25,West,Paid Social,972.76
CUST-01380,Premium / High-End,18-25,East,Organic Search,1476.61
CUST-01381,Value Seekers,36-50,North,Referral,600.32
CUST-01382,Value Seekers,18-25,South,Email Marketing,1332.98
CUST-01383,Premium / High-End,26-35,North,Email Marketing,2805.49
CUST-01384,Value Seekers,18-25,South,Paid Social,1224.94
CUST-01385,Budget Shoppers,51-65,East,Paid Social,283.65
CUST-01386,Corporate / Bulk,18-25,North,Referral,4252.08
CUST-01387,Budget Shoppers,36-50,North,Email Marketing,152.71
CUST-01388,Value Seekers,51-65,East,Organic Search,537.08
CUST-01389,Value Seekers,18-25,West,Organic Search,483.55
CUST-01390,Value Seekers,51-65,South,Organic Search,913.83
CUST-01391,Premium / High-End,18-25,North,Organic Search,3487.97
CUST-01392,Budget Shoppers,26-35,West,Organic Search,427.31
CUST-01393,Value Seekers,18-25,West,Paid Social,520.15
CUST-01394,Premium / High-End,36-50,North,Paid Social,1478.95
CUST-01395,Premium / High-End,36-50,West,Paid Social,2347.81
CUST-01396,Corporate / Bulk,18-25,East,Referral,5367.98
CUST-01397,Premium / High-End,36-50,East,Paid Social,2222.39
CUST-01398,Budget Shoppers,26-35,North,Email Marketing,183.58
CUST-01399,Value Seekers,51-65,South,Organic Search,1105.8
CUST-01400,Budget Shoppers,36-50,West,Email Marketing,423.11
CUST-01401,Budget Shoppers,18-25,South,Organic Search,268.85
CUST-01402,Budget Shoppers,51-65,East,Paid Social,555.24
CUST-01403,Premium / High-End,36-50,East,Organic Search,2737.88
CUST-01404,Value Seekers,26-35,East,Direct,1622.05
CUST-01405,Value Seekers,26-35,North,Paid Social,1685.25
CUST-01406,Corporate / Bulk,36-50,East,Paid Social,6497.67
CUST-01407,Budget Shoppers,18-25,North,Paid Social,202.0
CUST-01408,Budget Shoppers,36-50,South,Paid Social,193.94
CUST-01409,Budget Shoppers,36-50,,Organic Search,421.88
CUST-01410,Budget Shoppers,36-50,West,Direct,179.93
CUST-01411,Value Seekers,36-50,North,Organic Search,1167.22
CUST-01412,Value Seekers,26-35,South,Paid Social,652.1
CUST-01413,Premium / High-End,18-25,East,Email Marketing,2627.39
CUST-01414,Corporate / Bulk,36-50,North,Paid Social,7138.73
CUST-01415,Budget Shoppers,36-50,West,Paid Social,807.22
CUST-01416,Budget Shoppers,36-50,North,Paid Social,716.11
CUST-01417,Premium / High-End,18-25,South,Email Marketing,2335.36
CUST-01418,Premium / High-End,26-35,South,Paid Social,2699.25
CUST-01419,Value Seekers,18-25,West,Direct,935.91
CUST-01420,Value Seekers,18-25,South,Email Marketing,810.9
CUST-01421,Value Seekers,26-35,West,Organic Search,1246.34
CUST-01422,Value Seekers,18-25,North,Referral,1471.6
CUST-01423,Value Seekers,26-35,North,Referral,485.68
CUST-01424,Value Seekers,36-50,East,Email Marketing,1745.56
CUST-01425,Budget Shoppers,51-65,West,Organic Search,432.06
CUST-01426,Premium / High-End,65+,South,Paid Social,1438.07
CUST-01427,Premium / High-End,36-50,North,Email Marketing,2068.2
CUST-01428,Budget Shoppers,36-50,South,Referral,290.32
CUST-01429,Value Seekers,36-50,North,Organic Search,661.72
CUST-01430,Corporate / Bulk,26-35,North,Email Marketing,10232.69
CUST-01431,Budget Shoppers,26-35,East,Referral,367.93
CUST-01432,Premium / High-End,26-35,South,Paid Social,1935.11
CUST-01433,Budget Shoppers,51-65,East,Organic Search,738.35
CUST-01434,Budget Shoppers,18-25,East,Paid Social,165.68
CUST-01435,Budget Shoppers,51-65,East,Email Marketing,228.16
CUST-01436,Budget Shoppers,36-50,South,Referral,91.74
CUST-01437,Value Seekers,26-35,East,Paid Social,1044.23
CUST-01438,Value Seekers,18-25,West,Referral,893.9
CUST-01439,Budget Shoppers,26-35,North,Organic Search,146.03
CUST-01440,Corporate / Bulk,36-50,East,Referral,7211.12
CUST-01441,Budget Shoppers,36-50,West,Organic Search,104.54
CUST-01442,Corporate / Bulk,51-65,East,Organic Search,4291.75
CUST-01443,Value Seekers,26-35,East,Organic Search,522.48
CUST-01444,Value Seekers,36-50,North,Organic Search,736.43
CUST-01445,Corporate / Bulk,18-25,North,Paid Social,13398.53
CUST-01446,Corporate / Bulk,65+,East,Organic Search,5543.2
CUST-01447,Premium / High-End,26-35,North,Organic Search,2024.53
CUST-01448,Value Seekers,18-25,North,Paid Social,1397.61
CUST-01449,Value Seekers,18-25,East,Email Marketing,1470.2
CUST-01450,Value Seekers,26-35,East,Email Marketing,467.7
CUST-01451,Premium / High-End,36-50,West,Direct,3265.86
CUST-01452,Budget Shoppers,26-35,West,Organic Search,356.46
CUST-01453,Premium / High-End,65+,South,Organic Search,2297.71
CUST-01454,Budget Shoppers,26-35,East,Referral,277.77
CUST-01455,Value Seekers,26-35,East,Direct,382.08
CUST-01456,Value Seekers,26-35,North,Paid Social,508.39
CUST-01457,Value Seekers,18-25,South,Referral,614.88
CUST-01458,Budget Shoppers,36-50,West,Paid Social,603.26
CUST-01459,Budget Shoppers,26-35,East,Paid Social,455.58
CUST-01460,Value Seekers,26-35,West,Organic Search,429.68
CUST-01461,Budget Shoppers,18-25,East,Organic Search,271.6
CUST-01462,Value Seekers,36-50,West,Organic Search,652.66
CUST-01463,Value Seekers,18-25,South,Direct,878.41
CUST-01464,Premium / High-End,65+,South,Referral,2040.17
CUST-01465,Value Seekers,18-25,East,Organic Search,1645.39
CUST-01466,Budget Shoppers,18-25,South,Organic Search,136.25
CUST-01467,Budget Shoppers,18-25,East,Organic Search,357.45
CUST-01468,Budget Shoppers,26-35,South,Organic Search,480.91
CUST-01469,Budget Shoppers,26-35,West,Paid Social,270.67
CUST-01470,Budget Shoppers,26-35,South,Organic Search,112.5
CUST-01471,Premium / High-End,26-35,West,Email Marketing,2526.6
CUST-01472,Value Seekers,51-65,South,Direct,429.48
CUST-01473,Value Seekers,36-50,North,Direct,1207.15
CUST-01474,Value Seekers,36-50,East,Direct,772.94
CUST-01475,Budget Shoppers,26-35,East,Paid Social,428.35
CUST-01476,Premium / High-End,18-25,South,Organic Search,764.27
CUST-01477,Value Seekers,26-35,East,Direct,1540.89
CUST-01478,Budget Shoppers,26-35,North,Paid Social,271.25
CUST-01479,Value Seekers,26-35,North,Organic Search,1487.52
CUST-01480,Budget Shoppers,51-65,East,Direct,341.18
CUST-01481,Value Seekers,51-65,North,Paid Social,1346.17
CUST-01482,Value Seekers,26-35,South,Direct,1948.8
CUST-01483,Premium / High-End,36-50,North,Paid Social,3855.07
CUST-01484,Corporate / Bulk,26-35,West,Referral,8925.21
CUST-01485,Corporate / Bulk,51-65,South,Organic Search,4599.12
CUST-01486,Value Seekers,26-35,North,Paid Social,1366.07
CUST-01487,Premium / High-End,18-25,West,Direct,1377.2
CUST-01488,Premium / High-End,26-35,North,Direct,2015.07
CUST-01489,Value Seekers,36-50,East,Email Marketing,1046.76
CUST-01490,Budget Shoppers,26-35,North,Paid Social,639.64
CUST-01491,Budget Shoppers,51-65,West,Organic Search,939.54
CUST-01492,Value Seekers,18-25,South,Organic Search,728.0
CUST-01493,Budget Shoppers,51-65,West,Paid Social,200.28
CUST-01494,Value Seekers,26-35,West,Paid Social,607.49
CUST-01495,Value Seekers,18-25,North,Organic Search,1289.29
CUST-01496,Corporate / Bulk,36-50,North,Paid Social,2187.06
CUST-01497,Value Seekers,36-50,West,Paid Social,747.1
CUST-01498,Value Seekers,26-35,North,Paid Social,1656.02
CUST-01499,Premium / High-End,18-25,North,Organic Search,3702.85
CUST-01500,Premium / High-End,18-25,North,Organic Search,2173.64
CUST-01501,Value Seekers,26-35,West,Organic Search,1339.16
CUST-01502,Value Seekers,26-35,West,Email Marketing,1222.02
CUST-01503,Budget Shoppers,36-50,North,Paid Social,624.41
CUST-01504,Premium / High-End,36-50,West,Organic Search,2327.76
CUST-01505,Value Seekers,18-25,East,Paid Social,804.9
CUST-01506,Premium / High-End,26-35,North,Paid Social,1840.9
CUST-01507,Value Seekers,51-65,South,Organic Search,592.65
CUST-01508,Budget Shoppers,26-35,North,Referral,203.66
CUST-01509,Value Seekers,26-35,West,Paid Social,656.49
CUST-01510,Value Seekers,18-25,East,Paid Social,494.56
CUST-01511,Budget Shoppers,51-65,West,Paid Social,191.63
CUST-01512,Budget Shoppers,36-50,South,Referral,259.88
CUST-01513,Value Seekers,26-35,East,Email Marketing,1132.97
CUST-01514,Budget Shoppers,26-35,West,Referral,69.83
CUST-01515,Budget Shoppers,18-25,North,Organic Search,369.93
CUST-01516,Budget Shoppers,36-50,East,Organic Search,422.01
CUST-01517,Premium / High-End,18-25,East,Organic Search,1622.86
CUST-01518,Premium / High-End,18-25,East,Organic Search,1492.74
CUST-01519,Budget Shoppers,36-50,North,Email Marketing,440.36
CUST-01520,Premium / High-End,26-35,West,Direct,1857.51
CUST-01521,Budget Shoppers,18-25,South,Referral,231.22
CUST-01522,Corporate / Bulk,26-35,West,Organic Search,1876.04
CUST-01523,Value Seekers,26-35,East,Paid Social,1132.54
CUST-01524,Budget Shoppers,18-25,East,Organic Search,501.98
CUST-01525,Budget Shoppers,51-65,South,Paid Social,291.24
CUST-01526,Corporate / Bulk,26-35,North,Paid Social,7936.54
CUST-01527,Premium / High-End,36-50,South,Paid Social,2350.75
CUST-01528,Corporate / Bulk,26-35,North,Paid Social,8452.81
CUST-01529,Budget Shoppers,18-25,North,Direct,542.98
CUST-01530,Budget Shoppers,18-25,North,Email Marketing,217.04
CUST-01531,Premium / High-End,18-25,East,Paid Social,3340.49
CUST-01532,Budget Shoppers,36-50,South,Organic Search,309.17
CUST-01533,Corporate / Bulk,26-35,South,Organic Search,3136.05
CUST-01534,Premium / High-End,18-25,North,Referral,2223.24
CUST-01535,Value Seekers,18-25,East,Direct,914.29
CUST-01536,Value Seekers,26-35,North,Email Marketing,458.82
CUST-01537,Budget Shoppers,26-35,North,Paid Social,277.96
CUST-01538,Budget Shoppers,65+,West,Organic Search,284.81
CUST-01539,Corporate / Bulk,36-50,South,Direct,9405.05
CUST-01540,Budget Shoppers,36-50,West,Organic Search,81.87
CUST-01541,Premium / High-End,26-35,East,Referral,1191.8
CUST-01542,Value Seekers,26-35,South,Email Marketing,891.62
CUST-01543,Value Seekers,26-35,South,Email Marketing,638.75
CUST-01544,Budget Shoppers,26-35,North,Email Marketing,748.72
CUST-01545,Budget Shoppers,18-25,North,Organic Search,357.86
CUST-01546,Value Seekers,26-35,West,Email Marketing,728.14
CUST-01547,Budget Shoppers,18-25,East,Organic Search,250.7
CUST-01548,Premium / High-End,36-50,East,Organic Search,3101.47
CUST-01549,Value Seekers,26-35,South,Paid Social,969.24
CUST-01550,Premium / High-End,65+,East,Organic Search,3878.61
CUST-01551,Value Seekers,26-35,West,Organic Search,379.34
CUST-01552,Value Seekers,18-25,South,Paid Social,648.59
CUST-01553,Premium / High-End,36-50,South,Paid Social,2288.58
CUST-01554,Budget Shoppers,26-35,East,Organic Search,298.37
CUST-01555,Value Seekers,36-50,East,Paid Social,663.68
CUST-01556,Value Seekers,26-35,West,Paid Social,1307.48
CUST-01557,Value Seekers,36-50,West,Paid Social,694.15
CUST-01558,Corporate / Bulk,18-25,South,Organic Search,11494.27
CUST-01559,Premium / High-End,36-50,South,Organic Search,1577.42
CUST-01560,Premium / High-End,18-25,South,Paid Social,3377.02
CUST-01561,Value Seekers,36-50,South,Organic Search,774.96
CUST-01562,Value Seekers,51-65,East,Organic Search,810.64
CUST-01563,Budget Shoppers,18-25,South,Paid Social,301.88
CUST-01564,Value Seekers,36-50,West,Direct,906.27
CUST-01565,Budget Shoppers,36-50,East,Direct,363.89
CUST-01566,Value Seekers,36-50,South,Referral,1128.05
CUST-01567,Budget Shoppers,26-35,East,Paid Social,238.12
CUST-01568,Premium / High-End,36-50,South,Paid Social,4493.06
CUST-01569,Value Seekers,51-65,South,Referral,1183.78
CUST-01570,Premium / High-End,26-35,East,Organic Search,4934.83
CUST-01571,Corporate / Bulk,26-35,South,Email Marketing,14024.95
CUST-01572,Budget Shoppers,18-25,West,Paid Social,610.56
CUST-01573,Budget Shoppers,26-35,West,Organic Search,264.64
CUST-01574,Premium / High-End,26-35,East,Referral,1868.85
CUST-01575,Value Seekers,26-35,East,Paid Social,433.79
CUST-01576,Value Seekers,36-50,South,Organic Search,990.0
CUST-01577,Budget Shoppers,51-65,East,Paid Social,418.79
CUST-01578,Budget Shoppers,36-50,West,Paid Social,393.46
CUST-01579,Corporate / Bulk,36-50,East,Email Marketing,5431.25
CUST-01580,Value Seekers,36-50,East,Paid Social,819.43
CUST-01581,Value Seekers,18-25,North,Email Marketing,1055.45
CUST-01582,Budget Shoppers,26-35,South,Referral,330.58
CUST-01583,Budget Shoppers,26-35,North,Referral,179.14
CUST-01584,Value Seekers,36-50,North,Paid Social,1458.48
CUST-01585,Budget Shoppers,26-35,North,Referral,318.36
CUST-01586,Value Seekers,26-35,East,Email Marketing,740.86
CUST-01587,Budget Shoppers,18-25,North,Organic Search,434.34
CUST-01588,Premium / High-End,18-25,East,Referral,1215.18
CUST-01589,Corporate / Bulk,18-25,,Referral,6898.72
CUST-01590,Budget Shoppers,51-65,East,Direct,209.93
CUST-01591,Value Seekers,36-50,South,Organic Search,582.7
CUST-01592,Corporate / Bulk,18-25,East,Organic Search,6852.21
CUST-01593,Premium / High-End,26-35,West,Referral,1744.52
CUST-01594,Corporate / Bulk,26-35,West,Referral,8693.94
CUST-01595,Budget Shoppers,36-50,North,Paid Social,195.53
CUST-01596,Value Seekers,36-50,South,Organic Search,855.36
CUST-01597,Value Seekers,18-25,North,Direct,1567.48
CUST-01598,Value Seekers,36-50,North,Paid Social,956.81
CUST-01599,Value Seekers,26-35,West,Paid Social,1429.77
CUST-01600,Value Seekers,51-65,West,Direct,1486.28
CUST-01601,Value Seekers,51-65,East,Organic Search,997.0
CUST-01602,Corporate / Bulk,51-65,East,Email Marketing,3543.68
CUST-01603,Corporate / Bulk,36-50,East,Organic Search,1415.88
CUST-01604,Value Seekers,65+,South,Paid Social,956.78
CUST-01605,Premium / High-End,51-65,North,Referral,4006.58
CUST-01606,Value Seekers,26-35,West,Direct,1370.85
CUST-01607,Budget Shoppers,51-65,North,Organic Search,697.17
CUST-01608,Budget Shoppers,51-65,West,Email Marketing,411.91
CUST-01609,Premium / High-End,26-35,East,Organic Search,2284.79
CUST-01610,Premium / High-End,51-65,West,Paid Social,1717.73
CUST-01611,Value Seekers,36-50,West,Referral,1020.58
CUST-01612,Premium / High-End,36-50,West,Paid Social,1814.97
CUST-01613,Value Seekers,36-50,East,Email Marketing,1485.02
CUST-01614,Value Seekers,18-25,North,Email Marketing,756.96
CUST-01615,Value Seekers,18-25,West,Paid Social,432.5
CUST-01616,Value Seekers,18-25,South,Organic Search,1025.05
CUST-01617,Value Seekers,51-65,West,Email Marketing,681.32
CUST-01618,Premium / High-End,36-50,East,Organic Search,3912.76
CUST-01619,Value Seekers,26-35,East,Email Marketing,884.76
CUST-01620,Premium / High-End,26-35,West,Paid Social,2037.57
CUST-01621,Budget Shoppers,51-65,West,Referral,554.7
CUST-01622,Budget Shoppers,51-65,West,Email Marketing,202.94
CUST-01623,Value Seekers,65+,West,Organic Search,850.15
CUST-01624,Premium / High-End,26-35,North,Paid Social,4883.06
CUST-01625,Budget Shoppers,26-35,North,Direct,253.65
CUST-01626,Budget Shoppers,26-35,East,Direct,335.52
CUST-01627,Value Seekers,18-25,East,Email Marketing,612.72
CUST-01628,Budget Shoppers,36-50,West,Organic Search,111.08
CUST-01629,Value Seekers,51-65,North,Email Marketing,1978.05
CUST-01630,Corporate / Bulk,36-50,South,Paid Social,5824.84
CUST-01631,Value Seekers,26-35,North,Organic Search,1050.82
CUST-01632,Value Seekers,26-35,West,Email Marketing,1268.93
CUST-01633,Value Seekers,18-25,North,Paid Social,392.7
CUST-01634,Value Seekers,36-50,East,Email Marketing,1233.19
CUST-01635,Premium / High-End,18-25,North,Organic Search,1855.66
CUST-01636,Budget Shoppers,51-65,North,Direct,792.22
CUST-01637,Corporate / Bulk,36-50,West,Email Marketing,8591.88
CUST-01638,Budget Shoppers,36-50,North,Organic Search,420.54
CUST-01639,Value Seekers,65+,South,Paid Social,416.4
CUST-01640,Value Seekers,26-35,North,Direct,313.81
CUST-01641,Premium / High-End,26-35,North,Paid Social,1639.76
CUST-01642,Budget Shoppers,18-25,North,Organic Search,114.4
CUST-01643,Premium / High-End,36-50,West,Direct,3089.25
CUST-01644,Budget Shoppers,36-50,West,Email Marketing,224.46
CUST-01645,Budget Shoppers,51-65,South,Organic Search,184.98
CUST-01646,Corporate / Bulk,18-25,East,Referral,7102.94
CUST-01647,Value Seekers,18-25,West,Organic Search,604.61
CUST-01648,Budget Shoppers,26-35,North,Email Marketing,420.87
CUST-01649,Value Seekers,51-65,West,Organic Search,1321.83
CUST-01650,Value Seekers,26-35,East,Paid Social,418.39
CUST-01651,Premium / High-End,18-25,West,Organic Search,1772.22
CUST-01652,Premium / High-End,18-25,North,Paid Social,2182.07
CUST-01653,Budget Shoppers,36-50,West,Paid Social,259.34
CUST-01654,Corporate / Bulk,36-50,East,Paid Social,6118.09
CUST-01655,Budget Shoppers,36-50,East,Referral,88.25
CUST-01656,Budget Shoppers,36-50,East,Paid Social,438.7
CUST-01657,Value Seekers,51-65,West,Organic Search,540.54
CUST-01658,Budget Shoppers,36-50,West,Paid Social,446.27
CUST-01659,Corporate / Bulk,18-25,East,Direct,15108.55
CUST-01660,Value Seekers,26-35,West,Email Marketing,921.77
CUST-01661,Premium / High-End,36-50,West,Organic Search,2966.21
CUST-01662,Budget Shoppers,26-35,East,Organic Search,418.77
CUST-01663,Budget Shoppers,26-35,West,Paid Social,137.65
CUST-01664,Budget Shoppers,51-65,West,Organic Search,404.19
CUST-01665,Premium / High-End,36-50,North,Organic Search,3987.07
CUST-01666,Premium / High-End,18-25,East,Paid Social,1405.29
CUST-01667,Value Seekers,26-35,West,Email Marketing,366.25
CUST-01668,Budget Shoppers,51-65,East,Paid Social,483.01
CUST-01669,Value Seekers,26-35,West,Paid Social,605.96
CUST-01670,Value Seekers,36-50,East,Email Marketing,1012.14
CUST-01671,Value Seekers,18-25,South,Paid Social,676.31
CUST-01672,Value Seekers,36-50,North,Organic Search,575.5
CUST-01673,Value Seekers,26-35,East,Organic Search,1106.49
CUST-01674,Value Seekers,26-35,West,Organic Search,418.79
CUST-01675,Budget Shoppers,51-65,West,Paid Social,140.65
CUST-01676,Budget Shoppers,18-25,North,Organic Search,152.73
CUST-01677,Budget Shoppers,18-25,South,Email Marketing,388.87
CUST-01678,Value Seekers,26-35,North,Organic Search,1682.36
CUST-01679,Value Seekers,36-50,North,Organic Search,876.76
CUST-01680,Budget Shoppers,18-25,South,Referral,427.43
CUST-01681,Budget Shoppers,26-35,East,Email Marketing,317.86
CUST-01682,Value Seekers,65+,North,Referral,782.53
CUST-01683,Budget Shoppers,36-50,North,Email Marketing,449.64
CUST-01684,Premium / High-End,26-35,North,Organic Search,1957.65
CUST-01685,Budget Shoppers,26-35,North,Email Marketing,419.74
CUST-01686,Premium / High-End,36-50,West,Paid Social,2269.32
CUST-01687,Value Seekers,26-35,West,Email Marketing,773.68
CUST-01688,Value Seekers,26-35,South,Organic Search,605.53
CUST-01689,Budget Shoppers,18-25,North,Direct,311.68
CUST-01690,Premium / High-End,36-50,North,Email Marketing,1811.77
CUST-01691,Value Seekers,36-50,East,Organic Search,419.72
CUST-01692,Budget Shoppers,26-35,South,Organic Search,245.36
CUST-01693,Budget Shoppers,36-50,North,Direct,305.36
CUST-01694,Value Seekers,36-50,West,Organic Search,492.39
CUST-01695,Value Seekers,18-25,West,Organic Search,1917.62
CUST-01696,Value Seekers,65+,East,Referral,1192.73
CUST-01697,Premium / High-End,26-35,East,Organic Search,1066.77
CUST-01698,Value Seekers,36-50,South,Email Marketing,1080.44
CUST-01699,Value Seekers,26-35,West,Email Marketing,1444.09
CUST-01700,Value Seekers,26-35,South,Organic Search,861.44
CUST-01701,Premium / High-End,26-35,South,Paid Social,2415.53
CUST-01702,Corporate / Bulk,36-50,South,Organic Search,5738.52
CUST-01703,Budget Shoppers,26-35,North,Organic Search,464.79
CUST-01704,Budget Shoppers,26-35,West,Email Marketing,417.2
CUST-01705,Premium / High-End,18-25,East,Organic Search,718.82
CUST-01706,Premium / High-End,51-65,West,Email Marketing,949.33
CUST-01707,Premium / High-End,36-50,West,Referral,1947.43
CUST-01708,Value Seekers,36-50,South,Email Marketing,924.99
CUST-01709,Budget Shoppers,36-50,North,Organic Search,293.42
CUST-01710,Value Seekers,26-35,West,Organic Search,1687.23
CUST-01711,Budget Shoppers,51-65,North,Paid Social,190.39
CUST-01712,Budget Shoppers,51-65,West,Organic Search,473.11
CUST-01713,Budget Shoppers,36-50,South,Organic Search,249.93
CUST-01714,Budget Shoppers,26-35,North,Paid Social,67.72
CUST-01715,Budget Shoppers,26-35,West,Organic Search,253.54
CUST-01716,Value Seekers,36-50,East,Email Marketing,1072.51
CUST-01717,Corporate / Bulk,26-35,South,Referral,6672.14
CUST-01718,Budget Shoppers,36-50,North,Referral,209.13
CUST-01719,Corporate / Bulk,18-25,West,Organic Search,5486.98
CUST-01720,Value Seekers,51-65,West,Organic Search,284.29
CUST-01721,Budget Shoppers,26-35,South,Email Marketing,381.32
CUST-01722,Budget Shoppers,26-35,East,Organic Search,417.73
CUST-01723,Premium / High-End,26-35,South,Email Marketing,3535.02
CUST-01724,Budget Shoppers,26-35,West,Paid Social,659.52
CUST-01725,Budget Shoppers,36-50,South,Paid Social,492.46
CUST-01726,Value Seekers,36-50,North,Paid Social,248.19
CUST-01727,Budget Shoppers,26-35,West,Paid Social,225.51
CUST-01728,Value Seekers,36-50,West,Paid Social,1228.35
CUST-01729,Budget Shoppers,18-25,North,Referral,275.33
CUST-01730,Corporate / Bulk,26-35,North,Direct,8909.23
CUST-01731,Budget Shoppers,36-50,North,Email Marketing,381.27
CUST-01732,Value Seekers,18-25,West,Email Marketing,761.06
CUST-01733,Premium / High-End,26-35,East,Organic Search,794.68
CUST-01734,Value Seekers,26-35,East,Organic Search,740.38
CUST-01735,Premium / High-End,18-25,West,Organic Search,2423.87
CUST-01736,Value Seekers,36-50,West,Paid Social,1536.42
CUST-01737,Budget Shoppers,36-50,East,Email Marketing,171.41
CUST-01738,Value Seekers,36-50,West,Paid Social,859.8
CUST-01739,Budget Shoppers,18-25,South,Paid Social,285.17
CUST-01740,Premium / High-End,18-25,East,Direct,938.66
CUST-01741,Budget Shoppers,26-35,North,Paid Social,255.49
CUST-01742,Premium / High-End,18-25,North,Referral,1435.27
CUST-01743,Value Seekers,36-50,North,Email Marketing,815.33
CUST-01744,Corporate / Bulk,18-25,North,Paid Social,4912.8
CUST-01745,Value Seekers,18-25,South,Email Marketing,699.51
CUST-01746,Budget Shoppers,36-50,South,Paid Social,277.23
CUST-01747,Corporate / Bulk,65+,West,Paid Social,6778.0
CUST-01748,Premium / High-End,26-35,East,Paid Social,1719.93
CUST-01749,Value Seekers,36-50,South,Email Marketing,668.03
CUST-01750,Value Seekers,26-35,East,Organic Search,422.99
CUST-01751,Budget Shoppers,51-65,East,Paid Social,301.43
CUST-01752,Budget Shoppers,51-65,East,Organic Search,141.92
CUST-01753,Budget Shoppers,26-35,West,Paid Social,323.94
CUST-01754,Value Seekers,36-50,East,Paid Social,970.49
CUST-01755,Value Seekers,26-35,North,Paid Social,838.85
CUST-01756,Value Seekers,26-35,West,Direct,619.65
CUST-01757,Premium / High-End,18-25,North,Email Marketing,1789.83
CUST-01758,Budget Shoppers,51-65,East,Organic Search,113.27
CUST-01759,Budget Shoppers,36-50,South,Direct,676.0
CUST-01760,Value Seekers,36-50,West,Paid Social,1423.6
CUST-01761,Budget Shoppers,18-25,East,Organic Search,120.0
CUST-01762,Value Seekers,26-35,West,Paid Social,649.6
CUST-01763,Premium / High-End,36-50,North,Organic Search,884.77
CUST-01764,Premium / High-End,26-35,West,Referral,2465.95
CUST-01765,Value Seekers,26-35,North,Referral,1025.59
CUST-01766,Value Seekers,36-50,East,Direct,150.72
CUST-01767,Premium / High-End,36-50,South,Email Marketing,3372.64
CUST-01768,Premium / High-End,26-35,East,Paid Social,2630.77
CUST-01769,Value Seekers,26-35,West,Referral,1183.69
CUST-01770,Value Seekers,26-35,South,Paid Social,337.66
CUST-01771,Value Seekers,51-65,West,Email Marketing,785.08
CUST-01772,Value Seekers,36-50,West,Paid Social,1071.7
CUST-01773,Premium / High-End,36-50,East,Organic Search,3486.65
CUST-01774,Value Seekers,36-50,North,Paid Social,515.57
CUST-01775,Budget Shoppers,26-35,East,Paid Social,85.74
CUST-01776,Premium / High-End,51-65,North,Organic Search,2114.01
CUST-01777,Budget Shoppers,26-35,East,Email Marketing,647.68
CUST-01778,Premium / High-End,36-50,South,Email Marketing,2513.1
CUST-01779,Value Seekers,51-65,North,Organic Search,1274.38
CUST-01780,Value Seekers,51-65,South,Organic Search,670.91
CUST-01781,Budget Shoppers,18-25,North,Organic Search,745.28
CUST-01782,Budget Shoppers,18-25,North,Organic Search,249.76
CUST-01783,Value Seekers,36-50,North,Paid Social,574.53
CUST-01784,Budget Shoppers,26-35,North,Paid Social,359.47
CUST-01785,Value Seekers,26-35,South,Referral,555.66
CUST-01786,Budget Shoppers,36-50,North,Paid Social,159.47
CUST-01787,Value Seekers,26-35,East,Organic Search,822.19
CUST-01788,Budget Shoppers,26-35,South,Paid Social,189.89
CUST-01789,Value Seekers,51-65,North,Organic Search,348.93
CUST-01790,Corporate / Bulk,26-35,East,Paid Social,7251.4
CUST-01791,Premium / High-End,26-35,South,Organic Search,1089.53
CUST-01792,Value Seekers,65+,North,Paid Social,1216.76
CUST-01793,Corporate / Bulk,26-35,East,Paid Social,5642.2
CUST-01794,Corporate / Bulk,18-25,South,Paid Social,9299.63
CUST-01795,Premium / High-End,65+,South,Organic Search,2038.1
CUST-01796,Corporate / Bulk,36-50,South,Referral,7859.16
CUST-01797,Value Seekers,36-50,South,Paid Social,430.49
CUST-01798,Value Seekers,36-50,North,Paid Social,539.95
CUST-01799,Budget Shoppers,18-25,South,Organic Search,124.27
CUST-01800,Value Seekers,26-35,North,Email Marketing,461.94
CUST-01801,Corporate / Bulk,36-50,South,Paid Social,3776.59
CUST-01802,Budget Shoppers,26-35,East,Organic Search,169.14
CUST-01803,Corporate / Bulk,26-35,South,Paid Social,7483.09
CUST-01804,Budget Shoppers,36-50,East,Organic Search,601.34
CUST-01805,Value Seekers,36-50,West,Paid Social,776.83
CUST-01806,Premium / High-End,36-50,East,Paid Social,3634.44
CUST-01807,Premium / High-End,18-25,East,Organic Search,2111.43
CUST-01808,Premium / High-End,36-50,East,Paid Social,1402.75
CUST-01809,Premium / High-End,26-35,West,Organic Search,1523.13
CUST-01810,Premium / High-End,18-25,East,Paid Social,1930.27
CUST-01811,Corporate / Bulk,26-35,South,Organic Search,5292.0
CUST-01812,Budget Shoppers,26-35,West,Organic Search,921.15
CUST-01813,Value Seekers,36-50,South,Organic Search,461.67
CUST-01814,Value Seekers,26-35,South,Direct,1671.99
CUST-01815,Premium / High-End,26-35,North,Referral,2584.65
CUST-01816,Value Seekers,36-50,West,Paid Social,1740.18
CUST-01817,Value Seekers,36-50,East,Email Marketing,1138.11
CUST-01818,Value Seekers,18-25,North,Organic Search,1322.77
CUST-01819,Budget Shoppers,26-35,East,Paid Social,244.22
CUST-01820,Premium / High-End,36-50,North,Direct,1506.5
CUST-01821,Value Seekers,26-35,East,Paid Social,342.61
CUST-01822,Value Seekers,36-50,West,Direct,952.71
CUST-01823,Budget Shoppers,26-35,West,Direct,92.95
CUST-01824,Budget Shoppers,26-35,East,Paid Social,573.91
CUST-01825,Premium / High-End,26-35,West,Organic Search,2750.45
CUST-01826,Value Seekers,18-25,South,Organic Search,813.02
CUST-01827,Budget Shoppers,18-25,East,Email Marketing,219.4
CUST-01828,Corporate / Bulk,18-25,South,Organic Search,5805.61
CUST-01829,Budget Shoppers,36-50,South,Organic Search,173.48
CUST-01830,Value Seekers,36-50,West,Email Marketing,1040.67
CUST-01831,Budget Shoppers,18-25,North,Organic Search,370.51
CUST-01832,Budget Shoppers,26-35,North,Referral,518.88
CUST-01833,Corporate / Bulk,36-50,East,Email Marketing,8624.54
CUST-01834,Value Seekers,18-25,East,Organic Search,1591.73
CUST-01835,Budget Shoppers,51-65,South,Organic Search,325.63
CUST-01836,Budget Shoppers,26-35,West,Organic Search,106.48
CUST-01837,Value Seekers,36-50,North,Paid Social,1247.32
CUST-01838,Budget Shoppers,18-25,South,Email Marketing,125.64
CUST-01839,Budget Shoppers,36-50,East,Organic Search,521.08
CUST-01840,Value Seekers,51-65,West,Email Marketing,2495.05
CUST-01841,Budget Shoppers,36-50,West,Paid Social,339.37
CUST-01842,Budget Shoppers,18-25,North,Paid Social,399.99
CUST-01843,Budget Shoppers,26-35,East,Paid Social,595.32
CUST-01844,Value Seekers,26-35,North,Email Marketing,683.28
CUST-01845,Value Seekers,36-50,North,Organic Search,650.09
CUST-01846,Budget Shoppers,65+,South,Email Marketing,404.73
CUST-01847,Budget Shoppers,36-50,West,Organic Search,578.41
CUST-01848,Budget Shoppers,26-35,South,Organic Search,510.65
CUST-01849,Value Seekers,18-25,East,Paid Social,1129.69
CUST-01850,Premium / High-End,26-35,West,Organic Search,1395.2
CUST-01851,Budget Shoppers,36-50,West,Paid Social,717.9
CUST-01852,Value Seekers,65+,East,Paid Social,1307.45
CUST-01853,Budget Shoppers,65+,East,Email Marketing,233.54
CUST-01854,Value Seekers,26-35,North,Referral,800.4
CUST-01855,Budget Shoppers,18-25,North,Organic Search,420.29
CUST-01856,Budget Shoppers,26-35,East,Email Marketing,556.37
CUST-01857,Corporate / Bulk,36-50,South,Organic Search,6177.52
CUST-01858,Budget Shoppers,26-35,West,Organic Search,212.12
CUST-01859,Budget Shoppers,26-35,North,Organic Search,233.81
CUST-01860,Value Seekers,18-25,East,Organic Search,732.12
CUST-01861,Budget Shoppers,51-65,North,Email Marketing,354.0
CUST-01862,Budget Shoppers,18-25,East,Organic Search,609.54
CUST-01863,Premium / High-End,18-25,West,Email Marketing,1264.65
CUST-01864,Value Seekers,18-25,East,Direct,754.28
CUST-01865,Budget Shoppers,36-50,North,Email Marketing,154.43
CUST-01866,Corporate / Bulk,65+,West,Referral,5088.48
CUST-01867,Premium / High-End,18-25,North,Direct,3451.39
CUST-01868,Premium / High-End,26-35,North,Paid Social,2447.65
CUST-01869,Value Seekers,26-35,West,Organic Search,1204.92
CUST-01870,Value Seekers,26-35,North,Referral,496.19
CUST-01871,Budget Shoppers,36-50,North,Referral,361.51
CUST-01872,Premium / High-End,51-65,West,Organic Search,3236.09
CUST-01873,Budget Shoppers,36-50,South,Organic Search,161.79
CUST-01874,Value Seekers,36-50,East,Paid Social,1069.24
CUST-01875,Value Seekers,26-35,South,Paid Social,930.38
CUST-01876,Value Seekers,26-35,East,Organic Search,1174.87
CUST-01877,Value Seekers,36-50,West,Organic Search,710.61
CUST-01878,Budget Shoppers,51-65,North,Paid Social,105.46
CUST-01879,Budget Shoppers,36-50,West,Direct,252.37
CUST-01880,Value Seekers,18-25,East,Organic Search,1762.54
CUST-01881,Value Seekers,36-50,South,Paid Social,987.87
CUST-01882,Value Seekers,26-35,South,Paid Social,1327.94
CUST-01883,Premium / High-End,26-35,South,Organic Search,805.97
CUST-01884,Budget Shoppers,26-35,East,Organic Search,330.08
CUST-01885,Premium / High-End,36-50,East,Referral,1826.86
CUST-01886,Corporate / Bulk,18-25,North,Organic Search,3788.95
CUST-01887,Budget Shoppers,26-35,North,Organic Search,664.0
CUST-01888,Premium / High-End,26-35,East,Email Marketing,3540.13
CUST-01889,Corporate / Bulk,36-50,West,Email Marketing,13422.06
CUST-01890,Corporate / Bulk,26-35,North,Referral,6999.02
CUST-01891,Premium / High-End,26-35,South,Paid Social,2235.13
CUST-01892,Value Seekers,26-35,South,Email Marketing,1576.87
CUST-01893,Budget Shoppers,26-35,South,Email Marketing,487.64
CUST-01894,Value Seekers,36-50,East,Email Marketing,1402.66
CUST-01895,Premium / High-End,36-50,South,Organic Search,1735.15
CUST-01896,Budget Shoppers,36-50,East,Organic Search,235.83
CUST-01897,Value Seekers,26-35,East,Paid Social,2018.84
CUST-01898,Budget Shoppers,18-25,West,Referral,447.54
CUST-01899,Premium / High-End,26-35,South,Email Marketing,2173.17
CUST-01900,Value Seekers,26-35,East,Paid Social,666.62
CUST-01901,Budget Shoppers,51-65,East,Organic Search,397.51
CUST-01902,Corporate / Bulk,36-50,South,Email Marketing,4645.08
CUST-01903,Value Seekers,65+,West,Organic Search,465.55
CUST-01904,Value Seekers,26-35,East,Organic Search,331.6
CUST-01905,Value Seekers,51-65,South,Organic Search,1192.61
CUST-01906,Budget Shoppers,18-25,East,Email Marketing,509.33
CUST-01907,Value Seekers,18-25,North,Direct,931.39
CUST-01908,Budget Shoppers,36-50,North,Organic Search,125.54
CUST-01909,Budget Shoppers,18-25,East,Referral,592.58
CUST-01910,Value Seekers,18-25,North,Paid Social,162.42
CUST-01911,Value Seekers,65+,North,Referral,642.0
CUST-01912,Budget Shoppers,26-35,North,Email Marketing,108.09
CUST-01913,Value Seekers,51-65,East,Paid Social,524.82
CUST-01914,Value Seekers,26-35,East,Organic Search,750.23
CUST-01915,Budget Shoppers,26-35,North,Referral,225.3
CUST-01916,Value Seekers,51-65,West,Paid Social,1202.83
CUST-01917,Value Seekers,26-35,East,Referral,648.87
CUST-01918,Value Seekers,36-50,East,Organic Search,1163.71
CUST-01919,Value Seekers,18-25,West,Organic Search,934.14
CUST-01920,Premium / High-End,26-35,East,Direct,4185.59
CUST-01921,Budget Shoppers,26-35,East,Direct,650.4
CUST-01922,Budget Shoppers,26-35,West,Email Marketing,566.44
CUST-01923,Budget Shoppers,36-50,West,Email Marketing,423.72
CUST-01924,Budget Shoppers,65+,South,Paid Social,700.97
CUST-01925,Corporate / Bulk,18-25,North,Email Marketing,4635.97
CUST-01926,Budget Shoppers,26-35,South,Paid Social,342.3
CUST-01927,Value Seekers,36-50,North,Email Marketing,862.44
CUST-01928,Value Seekers,51-65,East,Paid Social,1173.32
CUST-01929,Budget Shoppers,51-65,North,Paid Social,206.84
CUST-01930,Premium / High-End,18-25,South,Paid Social,1223.46
CUST-01931,Budget Shoppers,18-25,West,Referral,187.47
CUST-01932,Premium / High-End,18-25,North,Organic Search,1734.92
CUST-01933,Budget Shoppers,26-35,East,Organic Search,112.18
CUST-01934,Premium / High-End,18-25,East,Paid Social,2054.59
CUST-01935,Budget Shoppers,36-50,North,Organic Search,265.52
CUST-01936,Value Seekers,36-50,West,Email Marketing,1093.01
CUST-01937,Premium / High-End,26-35,West,Organic Search,6040.49
CUST-01938,Budget Shoppers,36-50,North,Email Marketing,211.76
CUST-01939,Corporate / Bulk,26-35,South,Organic Search,7034.44
CUST-01940,Value Seekers,26-35,West,Organic Search,1158.26
CUST-01941,Value Seekers,51-65,North,Referral,675.18
CUST-01942,Premium / High-End,18-25,North,Paid Social,2543.02
CUST-01943,Budget Shoppers,36-50,South,Organic Search,169.27
CUST-01944,Budget Shoppers,51-65,East,Organic Search,408.79
CUST-01945,Budget Shoppers,18-25,South,Paid Social,1093.8
CUST-01946,Budget Shoppers,26-35,South,Organic Search,132.96
CUST-01947,Premium / High-End,26-35,East,Organic Search,777.01
CUST-01948,Budget Shoppers,36-50,South,Direct,487.95
CUST-01949,Budget Shoppers,65+,East,Referral,228.25
CUST-01950,Budget Shoppers,36-50,West,Direct,179.02
CUST-01951,Value Seekers,65+,,Email Marketing,787.38
CUST-01952,Budget Shoppers,51-65,East,Organic Search,304.97
CUST-01953,Premium / High-End,26-35,South,Email Marketing,2820.81
CUST-01954,Value Seekers,36-50,South,Organic Search,721.33
CUST-01955,Value Seekers,26-35,West,Email Marketing,1122.57
CUST-01956,Premium / High-End,36-50,South,Email Marketing,2084.79
CUST-01957,Value Seekers,26-35,North,Organic Search,569.95
CUST-01958,Budget Shoppers,18-25,North,Direct,55.86
CUST-01959,Value Seekers,36-50,West,Paid Social,518.3
CUST-01960,Budget Shoppers,36-50,East,Paid Social,233.27
CUST-01961,Corporate / Bulk,26-35,East,Organic Search,7653.91
CUST-01962,Premium / High-End,26-35,South,Paid Social,1256.34
CUST-01963,Corporate / Bulk,26-35,East,Email Marketing,9224.03
CUST-01964,Premium / High-End,26-35,East,Paid Social,5390.98
CUST-01965,Value Seekers,51-65,North,Organic Search,1405.04
CUST-01966,Budget Shoppers,18-25,East,Organic Search,488.61
CUST-01967,Budget Shoppers,51-65,East,Direct,361.5
CUST-01968,Budget Shoppers,36-50,North,Organic Search,699.47
CUST-01969,Premium / High-End,18-25,North,Organic Search,1562.48
CUST-01970,Budget Shoppers,36-50,South,Organic Search,286.37
CUST-01971,Premium / High-End,65+,North,Paid Social,1699.49
CUST-01972,Budget Shoppers,26-35,South,Email Marketing,356.9
CUST-01973,Premium / High-End,36-50,West,Organic Search,1954.68
CUST-01974,Value Seekers,36-50,West,Direct,1174.55
CUST-01975,Value Seekers,36-50,North,Organic Search,1830.57
CUST-01976,Value Seekers,26-35,South,Email Marketing,1061.98
CUST-01977,Budget Shoppers,26-35,North,Organic Search,333.08
CUST-01978,Budget Shoppers,26-35,North,Email Marketing,391.31
CUST-01979,Value Seekers,51-65,West,Direct,1875.54
CUST-01980,Value Seekers,36-50,South,Paid Social,1015.69
CUST-01981,Value Seekers,51-65,North,Paid Social,977.38
CUST-01982,Value Seekers,26-35,North,Organic Search,1623.35
CUST-01983,Corporate / Bulk,26-35,East,Paid Social,5776.39
CUST-01984,Value Seekers,36-50,East,Direct,727.64
CUST-01985,Premium / High-End,18-25,North,Referral,1357.37
CUST-01986,Value Seekers,36-50,East,Email Marketing,1601.54
CUST-01987,Budget Shoppers,36-50,South,Organic Search,268.2
CUST-01988,Value Seekers,51-65,West,Organic Search,1072.18
CUST-01989,Premium / High-End,51-65,East,Paid Social,444.97
CUST-01990,Value Seekers,26-35,West,Organic Search,473.39
CUST-01991,Value Seekers,26-35,West,Organic Search,1032.41
CUST-01992,Corporate / Bulk,26-35,East,Organic Search,8517.5
CUST-01993,Value Seekers,36-50,West,Organic Search,824.97
CUST-01994,Value Seekers,26-35,East,Organic Search,517.74
CUST-01995,Premium / High-End,26-35,West,Organic Search,1187.13
CUST-01996,Corporate / Bulk,18-25,West,Organic Search,6502.99
CUST-01997,Value Seekers,36-50,East,Email Marketing,1585.57
CUST-01998,Budget Shoppers,36-50,South,Organic Search,212.26
CUST-01999,Budget Shoppers,26-35,West,Referral,147.21
CUST-02000,Budget Shoppers,26-35,North,Email Marketing,479.62
CUST-02001,Budget Shoppers,26-35,West,Email Marketing,229.26
CUST-02002,Value Seekers,18-25,West,Organic Search,701.42
CUST-02003,Value Seekers,26-35,North,Paid Social,635.03
CUST-02004,Value Seekers,18-25,East,Organic Search,1582.56
CUST-02005,Premium / High-End,36-50,North,Direct,2709.52
CUST-02006,Budget Shoppers,18-25,East,Email Marketing,168.27
CUST-02007,Corporate / Bulk,51-65,East,Paid Social,8156.46
CUST-02008,Budget Shoppers,26-35,South,Referral,210.22
CUST-02009,Corporate / Bulk,51-65,West,Email Marketing,4633.57
CUST-02010,Value Seekers,26-35,North,Paid Social,544.37
CUST-02011,Budget Shoppers,36-50,South,Email Marketing,394.06
CUST-02012,Premium / High-End,36-50,North,Referral,601.7
CUST-02013,Budget Shoppers,36-50,East,Paid Social,471.61
CUST-02014,Value Seekers,26-35,East,Paid Social,881.34
CUST-02015,Budget Shoppers,65+,West,Referral,267.81
CUST-02016,Budget Shoppers,18-25,South,Referral,541.42
CUST-02017,Budget Shoppers,36-50,South,Paid Social,441.54
CUST-02018,Value Seekers,26-35,North,Direct,327.72
CUST-02019,Corporate / Bulk,51-65,West,Direct,8548.54
CUST-02020,Premium / High-End,26-35,South,Organic Search,2239.57
CUST-02021,Value Seekers,51-65,East,Paid Social,467.51
CUST-02022,Budget Shoppers,26-35,West,Email Marketing,96.49
CUST-02023,Value Seekers,18-25,West,Paid Social,717.27
CUST-02024,Budget Shoppers,26-35,East,Organic Search,357.13
CUST-02025,Premium / High-End,18-25,East,Paid Social,1670.41
CUST-02026,Premium / High-End,51-65,North,Direct,792.73
CUST-02027,Premium / High-End,26-35,North,Paid Social,2632.2
CUST-02028,Premium / High-End,18-25,North,Paid Social,2224.29
CUST-02029,Premium / High-End,36-50,North,Referral,2755.25
CUST-02030,Corporate / Bulk,36-50,East,Email Marketing,4989.72
CUST-02031,Value Seekers,36-50,East,Paid Social,1084.85
CUST-02032,Value Seekers,51-65,East,Referral,226.34
CUST-02033,Budget Shoppers,18-25,North,Organic Search,171.23
CUST-02034,Premium / High-End,36-50,West,Organic Search,2315.53
CUST-02035,Value Seekers,65+,West,Paid Social,1431.02
CUST-02036,Budget Shoppers,26-35,North,Referral,241.64
CUST-02037,Corporate / Bulk,26-35,South,Email Marketing,8583.54
CUST-02038,Premium / High-End,36-50,East,Organic Search,3500.25
CUST-02039,Value Seekers,26-35,East,Organic Search,1285.93
CUST-02040,Corporate / Bulk,26-35,West,Paid Social,12694.5
CUST-02041,Value Seekers,36-50,North,Referral,801.79
CUST-02042,Premium / High-End,26-35,East,Direct,1866.43
CUST-02043,Budget Shoppers,36-50,West,Paid Social,415.53
CUST-02044,Premium / High-End,36-50,South,Paid Social,871.62
CUST-02045,Corporate / Bulk,51-65,South,Organic Search,8242.77
CUST-02046,Premium / High-End,36-50,West,Organic Search,517.08
CUST-02047,Premium / High-End,26-35,North,Paid Social,2770.77
CUST-02048,Corporate / Bulk,51-65,East,Direct,13332.18
CUST-02049,Value Seekers,36-50,South,Direct,168.52
CUST-02050,Premium / High-End,26-35,South,Organic Search,1247.61
CUST-02051,Value Seekers,51-65,North,Paid Social,1058.86
CUST-02052,Budget Shoppers,36-50,East,Referral,244.84
CUST-02053,Premium / High-End,26-35,East,Organic Search,2281.03
CUST-02054,Budget Shoppers,26-35,East,Organic Search,254.77
CUST-02055,Budget Shoppers,36-50,East,Organic Search,207.09
CUST-02056,Premium / High-End,36-50,East,Direct,1440.84
CUST-02057,Budget Shoppers,26-35,West,Referral,604.95
CUST-02058,Corporate / Bulk,65+,North,Organic Search,7586.22
CUST-02059,Budget Shoppers,36-50,West,Paid Social,241.89
CUST-02060,Corporate / Bulk,26-35,East,Organic Search,9125.45
CUST-02061,Budget Shoppers,36-50,South,Direct,220.77
CUST-02062,Value Seekers,36-50,South,Referral,677.86
CUST-02063,Value Seekers,51-65,East,Email Marketing,1223.09
CUST-02064,Budget Shoppers,26-35,East,Organic Search,554.31
CUST-02065,Budget Shoppers,36-50,South,Paid Social,557.68
CUST-02066,Budget Shoppers,36-50,East,Organic Search,147.41
CUST-02067,Premium / High-End,26-35,West,Paid Social,1360.83
CUST-02068,Value Seekers,36-50,South,Organic Search,613.26
CUST-02069,Budget Shoppers,36-50,West,Organic Search,597.31
CUST-02070,Premium / High-End,26-35,North,Paid Social,1111.68
CUST-02071,Premium / High-End,26-35,South,Paid Social,3003.44
CUST-02072,Premium / High-End,18-25,West,Email Marketing,2018.05
CUST-02073,Corporate / Bulk,26-35,West,Paid Social,7127.19
CUST-02074,Budget Shoppers,36-50,East,Organic Search,311.98
CUST-02075,Budget Shoppers,18-25,North,Paid Social,477.83
CUST-02076,Premium / High-End,65+,North,Paid Social,2197.24
CUST-02077,Value Seekers,26-35,East,Direct,1110.19
CUST-02078,Budget Shoppers,51-65,South,Paid Social,166.34
CUST-02079,Premium / High-End,26-35,East,Paid Social,3419.02
CUST-02080,Value Seekers,65+,East,Paid Social,1255.87
CUST-02081,Value Seekers,18-25,North,Referral,1495.34
CUST-02082,Budget Shoppers,26-35,North,Referral,332.77
CUST-02083,Corporate / Bulk,26-35,East,Paid Social,12279.22
CUST-02084,Budget Shoppers,18-25,East,Organic Search,509.08
CUST-02085,Value Seekers,26-35,West,Organic Search,864.7
CUST-02086,Budget Shoppers,36-50,South,Paid Social,338.81
CUST-02087,Budget Shoppers,65+,East,Email Marketing,161.81
CUST-02088,Budget Shoppers,36-50,South,Referral,89.6
CUST-02089,Value Seekers,18-25,South,Direct,984.35
CUST-02090,Value Seekers,36-50,North,Organic Search,210.27
CUST-02091,Budget Shoppers,26-35,North,Organic Search,362.5
CUST-02092,Value Seekers,26-35,South,Organic Search,620.76
CUST-02093,Premium / High-End,18-25,North,Paid Social,1889.41
CUST-02094,Corporate / Bulk,18-25,South,Direct,2312.01
CUST-02095,Budget Shoppers,26-35,East,Referral,614.63
CUST-02096,Value Seekers,36-50,East,Referral,377.03
CUST-02097,Value Seekers,51-65,East,Organic Search,1872.72
CUST-02098,Corporate / Bulk,26-35,South,Email Marketing,5159.78
CUST-02099,Corporate / Bulk,36-50,East,Referral,8763.43
CUST-02100,Value Seekers,18-25,North,Paid Social,924.23
CUST-02101,Budget Shoppers,26-35,North,Email Marketing,395.57
CUST-02102,Budget Shoppers,65+,East,Email Marketing,87.19
CUST-02103,Budget Shoppers,36-50,East,Organic Search,715.7
CUST-02104,Corporate / Bulk,26-35,West,Organic Search,9683.47
CUST-02105,Value Seekers,51-65,West,Referral,609.94
CUST-02106,Budget Shoppers,51-65,West,Paid Social,482.04
CUST-02107,Budget Shoppers,18-25,North,Email Marketing,460.55
CUST-02108,Corporate / Bulk,18-25,North,Email Marketing,10826.11
CUST-02109,Value Seekers,51-65,South,Direct,437.77
CUST-02110,Value Seekers,36-50,East,Paid Social,1745.59
CUST-02111,Value Seekers,51-65,West,Email Marketing,1032.49
CUST-02112,Value Seekers,51-65,East,Email Marketing,1187.68
CUST-02113,Premium / High-End,36-50,East,Organic Search,3077.89
CUST-02114,Premium / High-End,51-65,West,Referral,2073.47
CUST-02115,Value Seekers,36-50,East,Direct,1224.04
CUST-02116,Value Seekers,26-35,West,Organic Search,993.76
CUST-02117,Budget Shoppers,26-35,West,Direct,148.98
CUST-02118,Value Seekers,26-35,South,Organic Search,1259.84
CUST-02119,Corporate / Bulk,26-35,North,Email Marketing,8056.7
CUST-02120,Budget Shoppers,26-35,South,Organic Search,687.2
CUST-02121,Premium / High-End,26-35,East,Organic Search,2342.56
CUST-02122,Corporate / Bulk,51-65,East,Organic Search,4920.61
CUST-02123,Value Seekers,26-35,East,Paid Social,198.63
CUST-02124,Value Seekers,26-35,South,Organic Search,1047.1
CUST-02125,Premium / High-End,26-35,North,Organic Search,1694.56
CUST-02126,Value Seekers,26-35,North,Organic Search,572.27
CUST-02127,Budget Shoppers,18-25,South,Email Marketing,309.83
CUST-02128,Budget Shoppers,26-35,South,Paid Social,106.7
CUST-02129,Budget Shoppers,18-25,West,Paid Social,143.07
CUST-02130,Premium / High-End,26-35,North,Paid Social,3132.51
CUST-02131,Value Seekers,26-35,West,Organic Search,1149.59
CUST-02132,Budget Shoppers,36-50,South,Direct,169.65
CUST-02133,Budget Shoppers,26-35,North,Email Marketing,549.15
CUST-02134,Budget Shoppers,26-35,South,Referral,729.06
CUST-02135,Premium / High-End,36-50,South,Referral,2819.0
CUST-02136,Value Seekers,51-65,West,Paid Social,420.51
CUST-02137,Budget Shoppers,18-25,North,Organic Search,211.07
CUST-02138,Value Seekers,26-35,East,Email Marketing,541.13
CUST-02139,Budget Shoppers,36-50,West,Paid Social,301.33
CUST-02140,Budget Shoppers,36-50,South,Organic Search,186.9
CUST-02141,Budget Shoppers,26-35,East,Email Marketing,678.24
CUST-02142,Premium / High-End,26-35,West,Referral,1138.99
CUST-02143,Budget Shoppers,36-50,East,Email Marketing,340.16
CUST-02144,Value Seekers,65+,North,Paid Social,225.39
CUST-02145,Value Seekers,18-25,North,Organic Search,706.36
CUST-02146,Corporate / Bulk,26-35,West,Email Marketing,7202.54
CUST-02147,Budget Shoppers,26-35,North,Organic Search,724.21
CUST-02148,Value Seekers,26-35,North,Paid Social,813.69
CUST-02149,Value Seekers,26-35,East,Organic Search,1000.62
CUST-02150,Budget Shoppers,26-35,South,Organic Search,342.39
CUST-02151,Budget Shoppers,18-25,North,Email Marketing,502.42
CUST-02152,Budget Shoppers,51-65,South,Organic Search,648.67
CUST-02153,Budget Shoppers,26-35,West,Organic Search,777.09
CUST-02154,Budget Shoppers,26-35,North,Referral,474.35
CUST-02155,Budget Shoppers,26-35,East,Email Marketing,586.82
CUST-02156,Value Seekers,36-50,South,Organic Search,667.4
CUST-02157,Value Seekers,18-25,West,Email Marketing,849.02
CUST-02158,Budget Shoppers,51-65,East,Email Marketing,318.22
CUST-02159,Budget Shoppers,51-65,East,Organic Search,154.07
CUST-02160,Value Seekers,36-50,South,Direct,1919.59
CUST-02161,Budget Shoppers,18-25,East,Organic Search,134.51
CUST-02162,Value Seekers,51-65,North,Referral,852.85
CUST-02163,Corporate / Bulk,51-65,West,Paid Social,4663.66
CUST-02164,Premium / High-End,18-25,West,Paid Social,4458.93
CUST-02165,Corporate / Bulk,18-25,East,Paid Social,7522.92
CUST-02166,Value Seekers,18-25,North,Paid Social,540.57
CUST-02167,Premium / High-End,36-50,,Paid Social,1770.14
CUST-02168,Value Seekers,65+,West,Organic Search,684.28
CUST-02169,Premium / High-End,36-50,South,Paid Social,2885.45
CUST-02170,Budget Shoppers,18-25,North,Organic Search,141.47
CUST-02171,Value Seekers,36-50,West,Paid Social,817.81
CUST-02172,Premium / High-End,26-35,East,Organic Search,1582.13
CUST-02173,Premium / High-End,18-25,East,Organic Search,2215.37
CUST-02174,Budget Shoppers,18-25,North,Referral,530.96
CUST-02175,Corporate / Bulk,36-50,North,Email Marketing,4828.56
CUST-02176,Budget Shoppers,26-35,West,Organic Search,438.76
CUST-02177,Budget Shoppers,26-35,East,Organic Search,381.08
CUST-02178,Premium / High-End,36-50,East,Paid Social,1387.94
CUST-02179,Value Seekers,18-25,South,Referral,480.94
CUST-02180,Premium / High-End,65+,North,Organic Search,1037.36
CUST-02181,Corporate / Bulk,65+,East,Email Marketing,5120.08
CUST-02182,Premium / High-End,36-50,North,Paid Social,1694.98
CUST-02183,Value Seekers,36-50,West,Paid Social,103.85
CUST-02184,Premium / High-End,26-35,North,Paid Social,1015.13
CUST-02185,Premium / High-End,18-25,East,Organic Search,3216.37
CUST-02186,Premium / High-End,51-65,South,Organic Search,1984.1
CUST-02187,Budget Shoppers,51-65,North,Organic Search,241.05
CUST-02188,Value Seekers,36-50,East,Organic Search,1003.72
CUST-02189,Budget Shoppers,26-35,North,Email Marketing,186.92
CUST-02190,Budget Shoppers,26-35,North,Direct,164.44
CUST-02191,Corporate / Bulk,26-35,North,Email Marketing,3923.09
CUST-02192,Premium / High-End,26-35,East,Organic Search,1449.97
CUST-02193,Premium / High-End,36-50,East,Organic Search,2788.1
CUST-02194,Budget Shoppers,18-25,North,Email Marketing,162.46
CUST-02195,Budget Shoppers,65+,West,Organic Search,226.97
CUST-02196,Premium / High-End,36-50,South,Organic Search,4301.55
CUST-02197,Value Seekers,26-35,East,Organic Search,683.65
CUST-02198,Budget Shoppers,18-25,North,Email Marketing,334.09
CUST-02199,Value Seekers,51-65,North,Organic Search,571.59
CUST-02200,Budget Shoppers,51-65,East,Organic Search,108.86
CUST-02201,Corporate / Bulk,26-35,North,Organic Search,5592.07
CUST-02202,Value Seekers,51-65,North,Paid Social,896.83
CUST-02203,Premium / High-End,18-25,West,Organic Search,1120.46
CUST-02204,Budget Shoppers,65+,North,Paid Social,530.7
CUST-02205,Value Seekers,51-65,North,Direct,1371.68
CUST-02206,Premium / High-End,18-25,East,Paid Social,1080.67
CUST-02207,Value Seekers,18-25,East,Email Marketing,1066.23
CUST-02208,Budget Shoppers,26-35,West,Organic Search,186.44
CUST-02209,Corporate / Bulk,51-65,East,Referral,3193.91
CUST-02210,Premium / High-End,18-25,North,Direct,1609.06
CUST-02211,Budget Shoppers,26-35,East,Paid Social,232.49
CUST-02212,Premium / High-End,26-35,East,Organic Search,2514.5
CUST-02213,Value Seekers,26-35,West,Organic Search,659.77
CUST-02214,Corporate / Bulk,26-35,North,Organic Search,7568.48
CUST-02215,Value Seekers,26-35,East,Referral,1044.79
CUST-02216,Budget Shoppers,36-50,West,Organic Search,512.86
CUST-02217,Value Seekers,26-35,South,Paid Social,608.86
CUST-02218,Premium / High-End,36-50,South,Paid Social,2140.19
CUST-02219,Value Seekers,36-50,East,Email Marketing,1429.72
CUST-02220,Budget Shoppers,65+,North,Organic Search,525.07
CUST-02221,Value Seekers,51-65,West,Organic Search,1419.22
CUST-02222,Budget Shoppers,51-65,West,Referral,327.76
CUST-02223,Budget Shoppers,51-65,North,Direct,505.03
CUST-02224,Corporate / Bulk,51-65,North,Organic Search,6851.13
CUST-02225,Budget Shoppers,36-50,West,Paid Social,1091.43
CUST-02226,Budget Shoppers,26-35,West,Email Marketing,701.92
CUST-02227,Value Seekers,51-65,North,Referral,545.33
CUST-02228,Budget Shoppers,18-25,South,Organic Search,271.21
CUST-02229,Value Seekers,18-25,West,Organic Search,977.15
CUST-02230,Premium / High-End,36-50,East,Organic Search,684.84
CUST-02231,Value Seekers,36-50,South,Email Marketing,471.65
CUST-02232,Budget Shoppers,51-65,North,Organic Search,499.13
CUST-02233,Premium / High-End,18-25,East,Referral,3608.01
CUST-02234,Value Seekers,26-35,West,Referral,555.6
CUST-02235,Corporate / Bulk,36-50,East,Paid Social,10523.19
CUST-02236,Budget Shoppers,26-35,West,Direct,982.44
CUST-02237,Budget Shoppers,36-50,,Organic Search,502.95
CUST-02238,Budget Shoppers,26-35,East,Referral,185.75
CUST-02239,Premium / High-End,26-35,South,Email Marketing,3416.53
CUST-02240,Premium / High-End,36-50,North,Email Marketing,2167.62
CUST-02241,Budget Shoppers,18-25,North,Email Marketing,264.04
CUST-02242,Premium / High-End,26-35,North,Paid Social,1194.47
CUST-02243,Budget Shoppers,36-50,East,Organic Search,603.39
CUST-02244,Value Seekers,18-25,East,Organic Search,667.21
CUST-02245,Corporate / Bulk,36-50,East,Referral,5082.48
CUST-02246,Budget Shoppers,51-65,South,Organic Search,190.27
CUST-02247,Value Seekers,26-35,South,Organic Search,970.95
CUST-02248,Premium / High-End,65+,East,Email Marketing,1760.71
CUST-02249,Budget Shoppers,36-50,South,Organic Search,225.98
CUST-02250,Premium / High-End,36-50,North,Paid Social,6074.5
CUST-02251,Value Seekers,26-35,West,Organic Search,1571.5
CUST-02252,Value Seekers,18-25,West,Email Marketing,513.34
CUST-02253,Premium / High-End,36-50,West,Email Marketing,2079.3
CUST-02254,Budget Shoppers,26-35,West,Email Marketing,204.58
CUST-02255,Value Seekers,26-35,West,Referral,749.69
CUST-02256,Budget Shoppers,51-65,South,Paid Social,734.72
CUST-02257,Premium / High-End,26-35,East,Organic Search,1165.1
CUST-02258,Value Seekers,18-25,North,Email Marketing,1224.41
CUST-02259,Value Seekers,18-25,West,Referral,455.3
CUST-02260,Value Seekers,36-50,West,Organic Search,647.31
CUST-02261,Budget Shoppers,51-65,South,Organic Search,517.14
CUST-02262,Budget Shoppers,18-25,South,Organic Search,203.39
CUST-02263,Premium / High-End,26-35,North,Organic Search,1937.96
CUST-02264,Premium / High-End,18-25,East,Organic Search,6025.83
CUST-02265,Value Seekers,51-65,North,Paid Social,848.58
CUST-02266,Premium / High-End,18-25,West,Paid Social,2137.12
CUST-02267,Premium / High-End,26-35,West,Email Marketing,1838.63
CUST-02268,Value Seekers,51-65,North,Email Marketing,960.43
CUST-02269,Value Seekers,36-50,East,Organic Search,1546.64
CUST-02270,Premium / High-End,51-65,,Organic Search,2532.1
CUST-02271,Budget Shoppers,18-25,South,Paid Social,183.61
CUST-02272,Value Seekers,26-35,North,Email Marketing,1267.98
CUST-02273,Corporate / Bulk,18-25,South,Email Marketing,6253.15
CUST-02274,Corporate / Bulk,36-50,West,Organic Search,7603.98
CUST-02275,Budget Shoppers,65+,South,Paid Social,196.35
CUST-02276,Premium / High-End,26-35,South,Organic Search,3187.82
CUST-02277,Budget Shoppers,36-50,South,Paid Social,451.84
CUST-02278,Budget Shoppers,26-35,East,Direct,351.48
CUST-02279,Value Seekers,26-35,South,Organic Search,335.35
CUST-02280,Premium / High-End,36-50,West,Organic Search,3267.34
CUST-02281,Value Seekers,18-25,North,Paid Social,1025.16
CUST-02282,Budget Shoppers,51-65,East,Paid Social,459.8
CUST-02283,Value Seekers,51-65,North,Organic Search,965.02
CUST-02284,Corporate / Bulk,36-50,South,Organic Search,7249.03
CUST-02285,Budget Shoppers,26-35,South,Email Marketing,202.76
CUST-02286,Budget Shoppers,26-35,East,Email Marketing,110.02
CUST-02287,Value Seekers,36-50,North,Paid Social,815.24
CUST-02288,Budget Shoppers,36-50,East,Paid Social,405.58
CUST-02289,Corporate / Bulk,36-50,West,Email Marketing,4865.29
CUST-02290,Budget Shoppers,26-35,North,Organic Search,147.24
CUST-02291,Premium / High-End,65+,North,Paid Social,1727.06
CUST-02292,Value Seekers,26-35,North,Referral,482.45
CUST-02293,Budget Shoppers,65+,South,Organic Search,168.76
CUST-02294,Budget Shoppers,26-35,West,Paid Social,347.49
CUST-02295,Budget Shoppers,26-35,South,Direct,443.48
CUST-02296,Corporate / Bulk,18-25,East,Referral,7991.33
CUST-02297,Budget Shoppers,26-35,West,Referral,227.57
CUST-02298,Value Seekers,26-35,East,Paid Social,183.19
CUST-02299,Value Seekers,26-35,East,Email Marketing,400.14
CUST-02300,Budget Shoppers,26-35,North,Organic Search,168.5
CUST-02301,Value Seekers,26-35,East,Referral,1225.73
CUST-02302,Value Seekers,26-35,South,Email Marketing,522.98
CUST-02303,Corporate / Bulk,65+,West,Referral,11862.69
CUST-02304,Budget Shoppers,36-50,East,Paid Social,958.94
CUST-02305,Value Seekers,51-65,East,Organic Search,348.24
CUST-02306,Value Seekers,18-25,East,Organic Search,1164.58
CUST-02307,Value Seekers,26-35,North,Paid Social,2004.3
CUST-02308,Budget Shoppers,18-25,South,Direct,115.07
CUST-02309,Corporate / Bulk,51-65,South,Email Marketing,5182.06
CUST-02310,Premium / High-End,26-35,North,Organic Search,1787.1
CUST-02311,Budget Shoppers,26-35,West,Referral,234.41
CUST-02312,Premium / High-End,26-35,South,Direct,1414.07
CUST-02313,Value Seekers,18-25,North,Paid Social,906.27
CUST-02314,Premium / High-End,36-50,West,Paid Social,2297.77
CUST-02315,Corporate / Bulk,26-35,West,Direct,3403.71
CUST-02316,Budget Shoppers,51-65,East,Referral,278.65
CUST-02317,Value Seekers,36-50,North,Direct,914.24
CUST-02318,Budget Shoppers,26-35,West,Paid Social,232.77
CUST-02319,Budget Shoppers,26-35,West,Email Marketing,145.74
CUST-02320,Premium / High-End,36-50,West,Organic Search,2084.92
CUST-02321,Value Seekers,26-35,West,Organic Search,488.13
CUST-02322,Value Seekers,36-50,East,Organic Search,434.37
CUST-02323,Premium / High-End,18-25,West,Paid Social,2799.92
CUST-02324,Premium / High-End,26-35,North,Email Marketing,2098.47
CUST-02325,Value Seekers,51-65,North,Organic Search,853.37
CUST-02326,Value Seekers,36-50,North,Referral,683.46
CUST-02327,Premium / High-End,26-35,East,Direct,2577.0
CUST-02328,Value Seekers,36-50,East,Organic Search,2142.84
CUST-02329,Value Seekers,18-25,East,Organic Search,1045.01
CUST-02330,Premium / High-End,26-35,North,Paid Social,1597.35
CUST-02331,Premium / High-End,26-35,South,Organic Search,2115.79
CUST-02332,Budget Shoppers,18-25,West,Email Marketing,305.57
CUST-02333,Value Seekers,51-65,South,Referral,537.38
CUST-02334,Budget Shoppers,18-25,North,Paid Social,301.33
CUST-02335,Value Seekers,65+,North,Direct,827.42
CUST-02336,Value Seekers,26-35,East,Organic Search,896.33
CUST-02337,Premium / High-End,26-35,West,Organic Search,2804.34
CUST-02338,Budget Shoppers,18-25,East,Referral,224.02
CUST-02339,Budget Shoppers,26-35,North,Organic Search,509.5
CUST-02340,Premium / High-End,26-35,West,Paid Social,2205.93
CUST-02341,Corporate / Bulk,26-35,South,Organic Search,6984.61
CUST-02342,Premium / High-End,26-35,South,Paid Social,2817.87
CUST-02343,Budget Shoppers,36-50,North,Referral,470.32
CUST-02344,Budget Shoppers,36-50,South,Email Marketing,257.77
CUST-02345,Budget Shoppers,65+,West,Paid Social,271.03
CUST-02346,Premium / High-End,36-50,South,Referral,2066.34
CUST-02347,Value Seekers,26-35,East,Paid Social,960.95
CUST-02348,Value Seekers,18-25,East,Organic Search,976.44
CUST-02349,Budget Shoppers,36-50,East,Organic Search,758.13
CUST-02350,Premium / High-End,65+,East,Paid Social,1881.91
CUST-02351,Budget Shoppers,26-35,North,Referral,348.72
CUST-02352,Value Seekers,36-50,North,Paid Social,523.12
CUST-02353,Premium / High-End,26-35,North,Organic Search,3821.95
CUST-02354,Budget Shoppers,36-50,South,Referral,149.22
CUST-02355,Value Seekers,36-50,South,Paid Social,1349.92
CUST-02356,Budget Shoppers,36-50,North,Referral,257.15
CUST-02357,Premium / High-End,51-65,North,Paid Social,2708.97
CUST-02358,Premium / High-End,26-35,South,Organic Search,1678.07
CUST-02359,Premium / High-End,65+,South,Paid Social,1921.12
CUST-02360,Budget Shoppers,26-35,North,Paid Social,426.39
CUST-02361,Value Seekers,36-50,South,Referral,887.53
CUST-02362,Corporate / Bulk,26-35,West,Referral,9179.76
CUST-02363,Value Seekers,51-65,West,Organic Search,671.81
CUST-02364,Value Seekers,18-25,North,Referral,1042.67
CUST-02365,Premium / High-End,36-50,North,Paid Social,1776.98
CUST-02366,Value Seekers,36-50,South,Paid Social,881.39
CUST-02367,Value Seekers,51-65,South,Direct,705.56
CUST-02368,Budget Shoppers,36-50,South,Organic Search,421.47
CUST-02369,Budget Shoppers,18-25,North,Paid Social,138.25
CUST-02370,Value Seekers,18-25,South,Organic Search,463.71
CUST-02371,Corporate / Bulk,51-65,South,Direct,5977.36
CUST-02372,Corporate / Bulk,26-35,West,Referral,4236.27
CUST-02373,Budget Shoppers,18-25,West,Paid Social,124.64
CUST-02374,Value Seekers,26-35,West,Organic Search,824.51
CUST-02375,Budget Shoppers,18-25,South,Referral,265.57
CUST-02376,Premium / High-End,65+,West,Paid Social,3399.27
CUST-02377,Value Seekers,26-35,North,Paid Social,566.78
CUST-02378,Value Seekers,26-35,West,Email Marketing,794.55
CUST-02379,Budget Shoppers,26-35,North,Organic Search,581.38
CUST-02380,Value Seekers,36-50,West,Email Marketing,1013.77
CUST-02381,Budget Shoppers,65+,North,Organic Search,428.6
CUST-02382,Budget Shoppers,36-50,North,Organic Search,241.31
CUST-02383,Budget Shoppers,36-50,North,Paid Social,467.24
CUST-02384,Premium / High-End,26-35,East,Paid Social,2895.56
CUST-02385,Budget Shoppers,51-65,East,Organic Search,200.02
CUST-02386,Value Seekers,51-65,West,Paid Social,611.37
CUST-02387,Premium / High-End,26-35,North,Organic Search,1612.91
CUST-02388,Budget Shoppers,36-50,West,Organic Search,931.97
CUST-02389,Premium / High-End,26-35,East,Referral,1816.02
CUST-02390,Budget Shoppers,36-50,North,Paid Social,405.89
CUST-02391,Budget Shoppers,18-25,West,Paid Social,526.78
CUST-02392,Budget Shoppers,26-35,East,Organic Search,749.87
CUST-02393,Budget Shoppers,36-50,North,Email Marketing,296.3
CUST-02394,Value Seekers,26-35,South,Paid Social,2370.93
CUST-02395,Value Seekers,26-35,South,Email Marketing,709.32
CUST-02396,Value Seekers,26-35,West,Organic Search,333.96
CUST-02397,Budget Shoppers,18-25,North,Organic Search,654.18
CUST-02398,Budget Shoppers,36-50,East,Paid Social,814.46
CUST-02399,Budget Shoppers,51-65,East,Organic Search,305.82
CUST-02400,Budget Shoppers,26-35,East,Organic Search,467.6
CUST-02401,Value Seekers,18-25,East,Paid Social,843.74
CUST-02402,Premium / High-End,26-35,South,Direct,2408.26
CUST-02403,Budget Shoppers,18-25,South,Organic Search,192.78
CUST-02404,Premium / High-End,18-25,North,Paid Social,1791.71
CUST-02405,Budget Shoppers,26-35,North,Organic Search,416.93
CUST-02406,Value Seekers,36-50,West,Direct,452.03
CUST-02407,Value Seekers,26-35,South,Organic Search,759.92
CUST-02408,Premium / High-End,65+,East,Referral,1832.26
CUST-02409,Value Seekers,18-25,North,Organic Search,1649.02
CUST-02410,Budget Shoppers,26-35,East,Email Marketing,345.21
CUST-02411,Corporate / Bulk,26-35,North,Paid Social,12878.41
CUST-02412,Budget Shoppers,36-50,South,Referral,263.57
CUST-02413,Premium / High-End,51-65,West,Paid Social,4488.37
CUST-02414,Budget Shoppers,36-50,East,Organic Search,480.38
CUST-02415,Corporate / Bulk,36-50,West,Organic Search,9385.4
CUST-02416,Value Seekers,36-50,North,Direct,1265.79
CUST-02417,Value Seekers,26-35,East,Direct,760.59
CUST-02418,Value Seekers,51-65,West,Email Marketing,1327.4
CUST-02419,Premium / High-End,65+,South,Paid Social,2136.26
CUST-02420,Budget Shoppers,51-65,East,Paid Social,459.69
CUST-02421,Value Seekers,26-35,West,Organic Search,842.92
CUST-02422,Value Seekers,36-50,South,Paid Social,393.89
CUST-02423,Value Seekers,36-50,West,Organic Search,842.27
CUST-02424,Corporate / Bulk,36-50,South,Paid Social,12706.29
CUST-02425,Budget Shoppers,36-50,West,Email Marketing,165.14
CUST-02426,Budget Shoppers,36-50,South,Organic Search,299.16
CUST-02427,Budget Shoppers,36-50,South,Organic Search,289.04
CUST-02428,Budget Shoppers,36-50,South,Organic Search,114.44
CUST-02429,Budget Shoppers,26-35,South,Referral,476.04
CUST-02430,Value Seekers,18-25,East,Organic Search,888.68
CUST-02431,Budget Shoppers,26-35,West,Paid Social,407.78
CUST-02432,Budget Shoppers,26-35,North,Paid Social,623.37
CUST-02433,Premium / High-End,26-35,East,Direct,1613.85
CUST-02434,Budget Shoppers,26-35,North,Organic Search,364.15
CUST-02435,Value Seekers,26-35,East,Paid Social,1254.67
CUST-02436,Value Seekers,18-25,North,Paid Social,1371.84
CUST-02437,Budget Shoppers,36-50,North,Email Marketing,158.11
CUST-02438,Value Seekers,51-65,South,Paid Social,1752.49
CUST-02439,Budget Shoppers,26-35,South,Direct,441.36
CUST-02440,Premium / High-End,26-35,South,Paid Social,3097.88
CUST-02441,Value Seekers,26-35,North,Direct,400.8
CUST-02442,Value Seekers,36-50,East,Organic Search,437.61
CUST-02443,Budget Shoppers,18-25,East,Paid Social,403.33
CUST-02444,Value Seekers,36-50,South,Paid Social,987.39
CUST-02445,Value Seekers,36-50,North,Referral,422.84
CUST-02446,Value Seekers,18-25,North,Referral,1000.86
CUST-02447,Value Seekers,18-25,South,Organic Search,1310.62
CUST-02448,Value Seekers,18-25,South,Email Marketing,305.36
CUST-02449,Value Seekers,18-25,East,Organic Search,719.56
CUST-02450,Budget Shoppers,26-35,East,Organic Search,369.78
CUST-02451,Value Seekers,26-35,West,Organic Search,888.79
CUST-02452,Corporate / Bulk,26-35,North,Email Marketing,11990.07
CUST-02453,Budget Shoppers,36-50,North,Organic Search,707.96
CUST-02454,Budget Shoppers,26-35,North,Referral,485.1
CUST-02455,Value Seekers,18-25,North,Paid Social,291.48
CUST-02456,Corporate / Bulk,51-65,West,Paid Social,10253.93
CUST-02457,Premium / High-End,51-65,East,Email Marketing,2387.58
CUST-02458,Value Seekers,26-35,East,Referral,331.2
CUST-02459,Value Seekers,36-50,North,Paid Social,1508.88
CUST-02460,Value Seekers,36-50,South,Direct,577.37
CUST-02461,Value Seekers,26-35,East,Email Marketing,677.2
CUST-02462,Budget Shoppers,26-35,South,Organic Search,188.1
CUST-02463,Value Seekers,18-25,East,Organic Search,557.71
CUST-02464,Value Seekers,36-50,West,Organic Search,955.06
CUST-02465,Corporate / Bulk,26-35,West,Email Marketing,6567.2
CUST-02466,Budget Shoppers,26-35,West,Referral,474.42
CUST-02467,Value Seekers,36-50,South,Paid Social,315.18
CUST-02468,Budget Shoppers,26-35,East,Email Marketing,458.42
CUST-02469,Budget Shoppers,36-50,East,Organic Search,434.67
CUST-02470,Premium / High-End,26-35,South,Direct,2865.06
CUST-02471,Value Seekers,26-35,South,Email Marketing,588.24
CUST-02472,Value Seekers,36-50,West,Paid Social,539.32
CUST-02473,Budget Shoppers,65+,South,Paid Social,98.24
CUST-02474,Value Seekers,18-25,South,Referral,720.52
CUST-02475,Budget Shoppers,18-25,North,Direct,379.22
CUST-02476,Value Seekers,65+,East,Referral,666.2
CUST-02477,Premium / High-End,51-65,North,Organic Search,1523.01
CUST-02478,Premium / High-End,26-35,East,Organic Search,1729.76
CUST-02479,Value Seekers,51-65,North,Organic Search,446.46
CUST-02480,Premium / High-End,51-65,East,Direct,1606.23
CUST-02481,Budget Shoppers,26-35,East,Direct,118.16
CUST-02482,Value Seekers,26-35,North,Paid Social,733.46
CUST-02483,Budget Shoppers,18-25,North,Referral,213.15
CUST-02484,Premium / High-End,36-50,North,Email Marketing,3050.2
CUST-02485,Value Seekers,36-50,North,Referral,642.26
CUST-02486,Value Seekers,26-35,South,Organic Search,896.97
CUST-02487,Budget Shoppers,51-65,East,Email Marketing,182.79
CUST-02488,Value Seekers,36-50,West,Paid Social,957.88
CUST-02489,Value Seekers,26-35,East,Organic Search,183.26
CUST-02490,Budget Shoppers,26-35,South,Organic Search,470.73
CUST-02491,Budget Shoppers,26-35,East,Organic Search,157.4
CUST-02492,Budget Shoppers,26-35,East,Organic Search,85.66
CUST-02493,Corporate / Bulk,26-35,West,Email Marketing,6881.65
CUST-02494,Budget Shoppers,65+,West,Organic Search,134.8
CUST-02495,Value Seekers,51-65,West,Paid Social,814.02
CUST-02496,Value Seekers,36-50,North,Organic Search,970.48
CUST-02497,Value Seekers,26-35,West,Organic Search,638.4
CUST-02498,Budget Shoppers,26-35,North,Email Marketing,599.7
CUST-02499,Budget Shoppers,36-50,,Direct,503.03
CUST-02500,Value Seekers,26-35,West,Organic Search,730.24
CUST-02501,Corporate / Bulk,36-50,West,Email Marketing,10340.6
CUST-02502,Budget Shoppers,51-65,West,Paid Social,378.19
CUST-02503,Value Seekers,26-35,North,Direct,890.0
CUST-02504,Budget Shoppers,18-25,North,Paid Social,189.74
CUST-02505,Value Seekers,26-35,South,Referral,582.65
CUST-02506,Corporate / Bulk,18-25,North,Email Marketing,5383.97
CUST-02507,Premium / High-End,51-65,East,Email Marketing,2085.7
CUST-02508,Premium / High-End,18-25,East,Email Marketing,3110.41
CUST-02509,Value Seekers,26-35,South,Organic Search,466.07
CUST-02510,Value Seekers,65+,West,Paid Social,1076.14
CUST-02511,Budget Shoppers,18-25,South,Organic Search,278.14
CUST-02512,Value Seekers,36-50,North,Referral,999.06
CUST-02513,Premium / High-End,65+,East,Organic Search,1555.61
CUST-02514,Premium / High-End,18-25,West,Organic Search,2230.47
CUST-02515,Budget Shoppers,26-35,North,Email Marketing,620.59
CUST-02516,Budget Shoppers,36-50,South,Paid Social,186.9
CUST-02517,Budget Shoppers,26-35,North,Paid Social,411.58
CUST-02518,Value Seekers,26-35,East,Direct,556.42
CUST-02519,Budget Shoppers,51-65,East,Referral,173.2
CUST-02520,Budget Shoppers,26-35,East,Organic Search,196.72
CUST-02521,Value Seekers,18-25,East,Direct,1030.82
CUST-02522,Premium / High-End,26-35,East,Organic Search,1309.88
CUST-02523,Budget Shoppers,26-35,West,Email Marketing,266.4
CUST-02524,Budget Shoppers,36-50,South,Organic Search,334.86
CUST-02525,Corporate / Bulk,36-50,East,Paid Social,6404.74
CUST-02526,Budget Shoppers,18-25,South,Organic Search,431.69
CUST-02527,Value Seekers,18-25,West,Organic Search,1789.12
CUST-02528,Value Seekers,51-65,South,Paid Social,1717.93
CUST-02529,Budget Shoppers,26-35,North,Paid Social,665.48
CUST-02530,Budget Shoppers,26-35,South,Paid Social,632.71
CUST-02531,Budget Shoppers,51-65,East,Direct,471.21
CUST-02532,Corporate / Bulk,36-50,West,Email Marketing,5525.39
CUST-02533,Budget Shoppers,26-35,West,Paid Social,119.17
CUST-02534,Premium / High-End,18-25,East,Organic Search,1644.12
CUST-02535,Value Seekers,36-50,East,Referral,1201.48
CUST-02536,Corporate / Bulk,36-50,South,Paid Social,6081.69
CUST-02537,Value Seekers,26-35,North,Email Marketing,663.77
CUST-02538,Corporate / Bulk,18-25,North,Referral,11276.93
CUST-02539,Corporate / Bulk,26-35,North,Paid Social,9867.92
CUST-02540,Budget Shoppers,36-50,South,Paid Social,537.52
CUST-02541,Value Seekers,36-50,East,Email Marketing,723.41
CUST-02542,Budget Shoppers,26-35,East,Organic Search,173.91
CUST-02543,Budget Shoppers,26-35,South,Paid Social,395.22
CUST-02544,Corporate / Bulk,51-65,South,Organic Search,6604.18
CUST-02545,Budget Shoppers,26-35,West,Email Marketing,124.1
CUST-02546,Budget Shoppers,18-25,North,Email Marketing,176.92
CUST-02547,Budget Shoppers,18-25,West,Email Marketing,213.92
CUST-02548,Budget Shoppers,18-25,East,Organic Search,194.07
CUST-02549,Budget Shoppers,51-65,East,Paid Social,524.05
CUST-02550,Budget Shoppers,18-25,East,Email Marketing,369.42
CUST-02551,Budget Shoppers,36-50,North,Referral,829.41
CUST-02552,Value Seekers,36-50,East,Paid Social,371.89
CUST-02553,Budget Shoppers,26-35,South,Organic Search,266.65
CUST-02554,Budget Shoppers,51-65,South,Paid Social,785.95
CUST-02555,Value Seekers,18-25,West,Paid Social,605.26
CUST-02556,Premium / High-End,26-35,South,Email Marketing,1651.33
CUST-02557,Value Seekers,36-50,West,Organic Search,831.19
CUST-02558,Budget Shoppers,51-65,West,Organic Search,177.88
CUST-02559,Value Seekers,26-35,West,Referral,301.71
CUST-02560,Value Seekers,26-35,East,Organic Search,318.52
CUST-02561,Premium / High-End,36-50,North,Paid Social,3359.86
CUST-02562,Corporate / Bulk,18-25,North,Direct,5549.79
CUST-02563,Budget Shoppers,36-50,East,Paid Social,673.22
CUST-02564,Value Seekers,51-65,East,Paid Social,1273.0
CUST-02565,Budget Shoppers,26-35,South,Paid Social,358.08
CUST-02566,Budget Shoppers,26-35,West,Organic Search,238.03
CUST-02567,Budget Shoppers,26-35,East,Paid Social,501.97
CUST-02568,Premium / High-End,26-35,North,Email Marketing,3167.13
CUST-02569,Premium / High-End,26-35,South,Paid Social,2863.25
CUST-02570,Corporate / Bulk,36-50,East,Paid Social,8510.58
CUST-02571,Value Seekers,51-65,East,Organic Search,1830.6
CUST-02572,Value Seekers,26-35,East,Paid Social,1264.83
CUST-02573,Budget Shoppers,26-35,North,Organic Search,109.42
CUST-02574,Budget Shoppers,65+,South,Paid Social,309.47
CUST-02575,Value Seekers,51-65,East,Referral,765.25
CUST-02576,Budget Shoppers,26-35,North,Paid Social,290.17
CUST-02577,Corporate / Bulk,18-25,East,Organic Search,6981.78
CUST-02578,Value Seekers,65+,East,Organic Search,723.44
CUST-02579,Premium / High-End,51-65,West,Paid Social,1577.04
CUST-02580,Value Seekers,36-50,East,Organic Search,1664.77
CUST-02581,Premium / High-End,36-50,West,Email Marketing,5625.2
CUST-02582,Corporate / Bulk,36-50,North,Paid Social,5728.59
CUST-02583,Value Seekers,26-35,South,Referral,1026.98
CUST-02584,Budget Shoppers,18-25,South,Organic Search,284.47
CUST-02585,Premium / High-End,51-65,West,Organic Search,4922.12
CUST-02586,Premium / High-End,26-35,East,Email Marketing,2493.58
CUST-02587,Value Seekers,26-35,South,Paid Social,624.41
CUST-02588,Corporate / Bulk,26-35,North,Paid Social,5747.68
CUST-02589,Value Seekers,36-50,West,Referral,1311.55
CUST-02590,Value Seekers,26-35,South,Organic Search,115.24
CUST-02591,Budget Shoppers,36-50,West,Direct,551.64
CUST-02592,Budget Shoppers,36-50,East,Email Marketing,229.92
CUST-02593,Budget Shoppers,18-25,South,Organic Search,365.11
CUST-02594,Value Seekers,26-35,West,Direct,554.18
CUST-02595,Corporate / Bulk,51-65,East,Email Marketing,3970.91
CUST-02596,Budget Shoppers,51-65,North,Email Marketing,85.09
CUST-02597,Budget Shoppers,65+,West,Paid Social,256.17
CUST-02598,Premium / High-End,51-65,North,Organic Search,3146.99
CUST-02599,Budget Shoppers,36-50,West,Email Marketing,304.78
CUST-02600,Value Seekers,26-35,,Organic Search,667.02
CUST-02601,Premium / High-End,26-35,West,Paid Social,3658.61
CUST-02602,Budget Shoppers,65+,West,Email Marketing,496.67
CUST-02603,Budget Shoppers,18-25,South,Referral,137.35
CUST-02604,Premium / High-End,26-35,South,Organic Search,871.77
CUST-02605,Value Seekers,36-50,East,Email Marketing,965.17
CUST-02606,Budget Shoppers,26-35,West,Direct,159.19
CUST-02607,Premium / High-End,51-65,South,Email Marketing,1990.96
CUST-02608,Premium / High-End,36-50,North,Organic Search,3556.21
CUST-02609,Budget Shoppers,51-65,South,Email Marketing,391.25
CUST-02610,Budget Shoppers,36-50,North,Email Marketing,375.71
CUST-02611,Budget Shoppers,51-65,North,Direct,424.21
CUST-02612,Premium / High-End,18-25,East,Organic Search,4166.49
CUST-02613,Value Seekers,18-25,North,Paid Social,1286.75
CUST-02614,Budget Shoppers,36-50,South,Email Marketing,255.82
CUST-02615,Value Seekers,26-35,East,Organic Search,899.22
CUST-02616,Budget Shoppers,26-35,South,Referral,245.86
CUST-02617,Value Seekers,26-35,South,Organic Search,2094.59
CUST-02618,Budget Shoppers,36-50,,Organic Search,275.48
CUST-02619,Corporate / Bulk,36-50,South,Organic Search,4359.97
CUST-02620,Value Seekers,18-25,South,Email Marketing,676.02
CUST-02621,Premium / High-End,26-35,East,Referral,2415.71
CUST-02622,Value Seekers,26-35,South,Organic Search,589.22
CUST-02623,Value Seekers,36-50,West,Organic Search,432.66
CUST-02624,Premium / High-End,26-35,North,Paid Social,2442.31
CUST-02625,Value Seekers,51-65,South,Organic Search,1135.88
CUST-02626,Premium / High-End,36-50,South,Organic Search,1178.31
CUST-02627,Value Seekers,18-25,East,Organic Search,786.13
CUST-02628,Value Seekers,36-50,West,Paid Social,827.01
CUST-02629,Value Seekers,36-50,North,Referral,348.65
CUST-02630,Budget Shoppers,51-65,East,Email Marketing,43.4
CUST-02631,Value Seekers,26-35,East,Paid Social,809.11
CUST-02632,Budget Shoppers,26-35,North,Referral,116.22
CUST-02633,Budget Shoppers,51-65,West,Paid Social,334.05
CUST-02634,Budget Shoppers,51-65,East,Organic Search,242.36
CUST-02635,Budget Shoppers,18-25,West,Paid Social,312.76
CUST-02636,Value Seekers,26-35,North,Organic Search,921.88
CUST-02637,Premium / High-End,26-35,North,Organic Search,2936.73
CUST-02638,Premium / High-End,18-25,East,Email Marketing,1637.57
CUST-02639,Budget Shoppers,18-25,North,Email Marketing,664.77
CUST-02640,Premium / High-End,18-25,South,Referral,2671.09
CUST-02641,Value Seekers,36-50,North,Referral,676.19
CUST-02642,Budget Shoppers,26-35,East,Paid Social,302.54
CUST-02643,Value Seekers,26-35,North,Organic Search,324.12
CUST-02644,Budget Shoppers,26-35,East,Organic Search,426.59
CUST-02645,Budget Shoppers,36-50,West,Paid Social,429.84
CUST-02646,Corporate / Bulk,26-35,East,Organic Search,7646.69
CUST-02647,Value Seekers,26-35,South,Paid Social,352.2
CUST-02648,Budget Shoppers,65+,North,Paid Social,790.2
CUST-02649,Budget Shoppers,36-50,South,Email Marketing,237.81
CUST-02650,Budget Shoppers,65+,West,Organic Search,336.36
CUST-02651,Budget Shoppers,26-35,West,Organic Search,143.68
CUST-02652,Budget Shoppers,26-35,East,Email Marketing,626.03
CUST-02653,Value Seekers,36-50,North,Organic Search,763.24
CUST-02654,Budget Shoppers,18-25,South,Paid Social,112.88
CUST-02655,Value Seekers,18-25,South,Email Marketing,843.09
CUST-02656,Premium / High-End,26-35,West,Organic Search,2012.41
CUST-02657,Value Seekers,36-50,South,Paid Social,639.41
CUST-02658,Premium / High-End,18-25,West,Organic Search,2238.21
CUST-02659,Value Seekers,36-50,South,Organic Search,272.95
CUST-02660,Premium / High-End,26-35,North,Direct,1138.04
CUST-02661,Budget Shoppers,18-25,South,Referral,334.89
CUST-02662,Value Seekers,26-35,East,Paid Social,1628.12
CUST-02663,Budget Shoppers,26-35,South,Direct,183.6
CUST-02664,Value Seekers,36-50,East,Paid Social,895.89
CUST-02665,Value Seekers,26-35,North,Organic Search,1427.58
CUST-02666,Value Seekers,26-35,East,Organic Search,1260.29
CUST-02667,Value Seekers,51-65,West,Email Marketing,1825.58
CUST-02668,Premium / High-End,26-35,North,Referral,2604.31
CUST-02669,Budget Shoppers,18-25,South,Organic Search,251.18
CUST-02670,Corporate / Bulk,26-35,South,Email Marketing,5724.41
CUST-02671,Value Seekers,18-25,South,Paid Social,1145.75
CUST-02672,Budget Shoppers,26-35,South,Organic Search,285.4
CUST-02673,Value Seekers,26-35,West,Referral,600.2
CUST-02674,Premium / High-End,26-35,East,Email Marketing,2848.89
CUST-02675,Value Seekers,26-35,North,Email Marketing,462.45
CUST-02676,Budget Shoppers,36-50,North,Organic Search,268.53
CUST-02677,Budget Shoppers,36-50,North,Paid Social,228.24
CUST-02678,Premium / High-End,36-50,South,Paid Social,4110.37
CUST-02679,Budget Shoppers,51-65,West,Email Marketing,690.03
CUST-02680,Value Seekers,36-50,North,Direct,676.38
CUST-02681,Budget Shoppers,18-25,West,Organic Search,450.43
CUST-02682,Premium / High-End,51-65,South,Organic Search,1512.99
CUST-02683,Value Seekers,36-50,South,Paid Social,1221.68
CUST-02684,Value Seekers,36-50,North,Paid Social,440.15
CUST-02685,Value Seekers,26-35,South,Paid Social,601.93
CUST-02686,Value Seekers,51-65,West,Direct,1397.15
CUST-02687,Corporate / Bulk,36-50,West,Referral,9843.98
CUST-02688,Value Seekers,36-50,South,Email Marketing,362.21
CUST-02689,Value Seekers,26-35,South,Organic Search,1307.35
CUST-02690,Value Seekers,36-50,South,Email Marketing,752.96
CUST-02691,Budget Shoppers,65+,East,Direct,370.07
CUST-02692,Value Seekers,36-50,North,Organic Search,1441.45
CUST-02693,Value Seekers,18-25,East,Organic Search,1744.68
CUST-02694,Budget Shoppers,26-35,South,Direct,298.57
CUST-02695,Value Seekers,26-35,North,Paid Social,1064.7
CUST-02696,Budget Shoppers,26-35,East,Email Marketing,466.75
CUST-02697,Corporate / Bulk,51-65,West,Direct,2643.34
CUST-02698,Corporate / Bulk,26-35,East,Paid Social,7676.29
CUST-02699,Premium / High-End,36-50,East,Organic Search,1095.11
CUST-02700,Budget Shoppers,18-25,West,Email Marketing,388.59
CUST-02701,Premium / High-End,26-35,North,Referral,5524.96
CUST-02702,Budget Shoppers,18-25,East,Organic Search,883.52
CUST-02703,Value Seekers,26-35,West,Email Marketing,741.84
CUST-02704,Budget Shoppers,51-65,West,Organic Search,183.15
CUST-02705,Premium / High-End,36-50,West,Direct,3135.58
CUST-02706,Value Seekers,26-35,West,Referral,749.53
CUST-02707,Value Seekers,51-65,North,Paid Social,815.96
CUST-02708,Premium / High-End,26-35,North,Organic Search,2139.91
CUST-02709,Budget Shoppers,18-25,East,Email Marketing,163.87
CUST-02710,Premium / High-End,26-35,North,Paid Social,1172.88
CUST-02711,Budget Shoppers,36-50,East,Paid Social,237.01
CUST-02712,Value Seekers,18-25,North,Email Marketing,984.54
CUST-02713,Budget Shoppers,65+,East,Email Marketing,266.56
CUST-02714,Premium / High-End,26-35,North,Organic Search,1232.25
CUST-02715,Premium / High-End,51-65,North,Email Marketing,3037.96
CUST-02716,Corporate / Bulk,36-50,North,Organic Search,6007.41
CUST-02717,Budget Shoppers,18-25,East,Organic Search,118.84
CUST-02718,Budget Shoppers,26-35,North,Referral,192.19
CUST-02719,Budget Shoppers,36-50,South,Organic Search,320.74
CUST-02720,Value Seekers,26-35,East,Email Marketing,1142.07
CUST-02721,Value Seekers,51-65,East,Organic Search,1295.0
CUST-02722,Premium / High-End,26-35,South,Organic Search,2413.02
CUST-02723,Premium / High-End,36-50,South,Referral,1948.32
CUST-02724,Budget Shoppers,26-35,East,Referral,295.16
CUST-02725,Premium / High-End,36-50,North,Organic Search,2389.93
CUST-02726,Value Seekers,18-25,North,Email Marketing,1966.95
CUST-02727,Budget Shoppers,36-50,North,Paid Social,371.74
CUST-02728,Value Seekers,18-25,East,Email Marketing,1936.14
CUST-02729,Value Seekers,18-25,West,Paid Social,648.11
CUST-02730,Budget Shoppers,18-25,East,Direct,198.58
CUST-02731,Budget Shoppers,26-35,South,Organic Search,423.18
CUST-02732,Premium / High-End,36-50,South,Paid Social,3226.38
CUST-02733,Value Seekers,26-35,West,Paid Social,499.79
CUST-02734,Budget Shoppers,26-35,East,Direct,90.43
CUST-02735,Premium / High-End,51-65,East,Paid Social,1975.1
CUST-02736,Value Seekers,65+,East,Paid Social,866.64
CUST-02737,Budget Shoppers,51-65,East,Referral,199.43
CUST-02738,Corporate / Bulk,26-35,West,Direct,7468.01
CUST-02739,Premium / High-End,26-35,North,Direct,3052.09
CUST-02740,Corporate / Bulk,36-50,South,Referral,11628.81
CUST-02741,Value Seekers,18-25,North,Organic Search,1034.52
CUST-02742,Premium / High-End,18-25,South,Organic Search,5332.63
CUST-02743,Budget Shoppers,26-35,North,Email Marketing,288.1
CUST-02744,Premium / High-End,26-35,South,Paid Social,2151.32
CUST-02745,Value Seekers,36-50,East,Direct,1403.9
CUST-02746,Value Seekers,36-50,West,Email Marketing,1203.16
CUST-02747,Budget Shoppers,36-50,North,Organic Search,547.03
CUST-02748,Premium / High-End,36-50,West,Email Marketing,1732.02
CUST-02749,Value Seekers,18-25,South,Paid Social,524.13
CUST-02750,Premium / High-End,26-35,East,Email Marketing,3257.96
CUST-02751,Premium / High-End,26-35,South,Referral,4555.71
CUST-02752,Value Seekers,51-65,East,Email Marketing,785.99
CUST-02753,Budget Shoppers,26-35,North,Paid Social,886.91
CUST-02754,Budget Shoppers,26-35,East,Organic Search,437.44
CUST-02755,Value Seekers,18-25,West,Direct,399.07
CUST-02756,Value Seekers,36-50,North,Referral,1802.46
CUST-02757,Value Seekers,36-50,North,Organic Search,1411.38
CUST-02758,Premium / High-End,18-25,West,Organic Search,2064.66
CUST-02759,Value Seekers,26-35,South,Paid Social,690.98
CUST-02760,Corporate / Bulk,36-50,South,Organic Search,11069.3
CUST-02761,Budget Shoppers,36-50,East,Referral,483.87
CUST-02762,Value Seekers,26-35,South,Paid Social,559.94
CUST-02763,Value Seekers,36-50,South,Direct,688.75
CUST-02764,Value Seekers,36-50,South,Organic Search,1153.58
CUST-02765,Budget Shoppers,36-50,West,Organic Search,147.6
CUST-02766,Premium / High-End,26-35,East,Organic Search,2354.97
CUST-02767,Budget Shoppers,26-35,North,Paid Social,78.17
CUST-02768,Premium / High-End,26-35,East,Paid Social,1885.87
CUST-02769,Budget Shoppers,26-35,West,Organic Search,489.75
CUST-02770,Value Seekers,26-35,North,Email Marketing,325.8
CUST-02771,Value Seekers,18-25,South,Email Marketing,1784.73
CUST-02772,Budget Shoppers,18-25,North,Email Marketing,366.78
CUST-02773,Value Seekers,26-35,South,Direct,758.47
CUST-02774,Value Seekers,51-65,North,Referral,1108.62
CUST-02775,Premium / High-End,26-35,East,Organic Search,2808.05
CUST-02776,Value Seekers,65+,North,Email Marketing,529.18
CUST-02777,Premium / High-End,65+,South,Organic Search,1676.56
CUST-02778,Corporate / Bulk,26-35,East,Organic Search,7641.87
CUST-02779,Corporate / Bulk,36-50,North,Referral,15057.97
CUST-02780,Premium / High-End,18-25,South,Organic Search,1048.59
CUST-02781,Budget Shoppers,26-35,South,Referral,979.16
CUST-02782,Budget Shoppers,26-35,West,Paid Social,845.46
CUST-02783,Premium / High-End,36-50,South,Email Marketing,3519.31
CUST-02784,Budget Shoppers,36-50,East,Direct,150.88
CUST-02785,Value Seekers,26-35,North,Organic Search,1073.15
CUST-02786,Value Seekers,26-35,North,Paid Social,1011.68
CUST-02787,Corporate / Bulk,26-35,South,Organic Search,7046.6
CUST-02788,Budget Shoppers,26-35,North,Email Marketing,140.3
CUST-02789,Premium / High-End,36-50,,Paid Social,3486.0
CUST-02790,Value Seekers,18-25,West,Paid Social,829.9
CUST-02791,Budget Shoppers,26-35,South,Email Marketing,576.06
CUST-02792,Budget Shoppers,36-50,East,Organic Search,188.77
CUST-02793,Budget Shoppers,65+,West,Email Marketing,238.66
CUST-02794,Value Seekers,26-35,South,Direct,1029.56
CUST-02795,Value Seekers,26-35,South,Email Marketing,3475.32
CUST-02796,Budget Shoppers,18-25,East,Paid Social,808.8
CUST-02797,Value Seekers,18-25,West,Direct,882.35
CUST-02798,Value Seekers,26-35,South,Direct,411.48
CUST-02799,Budget Shoppers,51-65,East,Organic Search,86.12
CUST-02800,Budget Shoppers,36-50,West,Organic Search,299.93
CUST-02801,Budget Shoppers,36-50,East,Paid Social,199.77
CUST-02802,Value Seekers,26-35,East,Paid Social,757.5
CUST-02803,Budget Shoppers,18-25,South,Referral,466.1
CUST-02804,Corporate / Bulk,26-35,East,Paid Social,12999.11
CUST-02805,Value Seekers,26-35,West,Paid Social,167.19
CUST-02806,Premium / High-End,51-65,South,Organic Search,1012.25
CUST-02807,Budget Shoppers,26-35,East,Paid Social,326.27
CUST-02808,Budget Shoppers,26-35,West,Email Marketing,320.38
CUST-02809,Corporate / Bulk,36-50,South,Email Marketing,6531.66
CUST-02810,Budget Shoppers,65+,East,Paid Social,127.12
CUST-02811,Premium / High-End,26-35,West,Organic Search,1765.1
CUST-02812,Value Seekers,18-25,South,Paid Social,747.95
CUST-02813,Premium / High-End,36-50,West,Paid Social,4529.5
CUST-02814,Premium / High-End,18-25,West,Paid Social,2446.16
CUST-02815,Premium / High-End,51-65,North,Direct,1852.58
CUST-02816,Budget Shoppers,51-65,South,Organic Search,205.63
CUST-02817,Value Seekers,36-50,North,Direct,1095.94
CUST-02818,Premium / High-End,26-35,West,Organic Search,1544.5
CUST-02819,Value Seekers,51-65,South,Organic Search,960.14
CUST-02820,Value Seekers,18-25,West,Organic Search,614.44
CUST-02821,Value Seekers,65+,West,Referral,1083.91
CUST-02822,Budget Shoppers,26-35,South,Email Marketing,615.99
CUST-02823,Budget Shoppers,36-50,East,Paid Social,143.99
CUST-02824,Budget Shoppers,36-50,South,Organic Search,126.37
CUST-02825,Value Seekers,36-50,West,Paid Social,1268.0
CUST-02826,Premium / High-End,36-50,East,Paid Social,2575.1
CUST-02827,Budget Shoppers,26-35,North,Referral,84.6
CUST-02828,Premium / High-End,18-25,North,Paid Social,1949.72
CUST-02829,Budget Shoppers,36-50,West,Organic Search,611.59
CUST-02830,Budget Shoppers,18-25,East,Referral,92.74
CUST-02831,Value Seekers,26-35,North,Organic Search,1059.5
CUST-02832,Value Seekers,36-50,East,Paid Social,2253.84
CUST-02833,Value Seekers,18-25,East,Organic Search,443.27
CUST-02834,Budget Shoppers,26-35,South,Organic Search,364.3
CUST-02835,Corporate / Bulk,36-50,North,Paid Social,3372.36
CUST-02836,Value Seekers,36-50,South,Email Marketing,1025.79
CUST-02837,Budget Shoppers,26-35,South,Email Marketing,1031.94
CUST-02838,Budget Shoppers,26-35,North,Paid Social,372.05
CUST-02839,Budget Shoppers,36-50,East,Direct,162.54
CUST-02840,Value Seekers,18-25,East,Paid Social,1052.36
CUST-02841,Budget Shoppers,26-35,West,Paid Social,206.99
CUST-02842,Premium / High-End,18-25,South,Paid Social,1284.7
CUST-02843,Budget Shoppers,18-25,West,Direct,292.7
CUST-02844,Budget Shoppers,26-35,South,Organic Search,325.84
CUST-02845,Premium / High-End,36-50,East,Paid Social,3228.72
CUST-02846,Value Seekers,51-65,West,Referral,1196.34
CUST-02847,Premium / High-End,26-35,East,Organic Search,1815.96
CUST-02848,Budget Shoppers,26-35,East,Organic Search,484.26
CUST-02849,Budget Shoppers,26-35,North,Paid Social,92.49
CUST-02850,Premium / High-End,65+,West,Organic Search,903.3
CUST-02851,Value Seekers,26-35,North,Email Marketing,2241.4
CUST-02852,Value Seekers,26-35,East,Email Marketing,507.06
CUST-02853,Value Seekers,36-50,North,Paid Social,964.58
CUST-02854,Budget Shoppers,51-65,North,Organic Search,375.1
CUST-02855,Corporate / Bulk,18-25,East,Organic Search,6187.69
CUST-02856,Value Seekers,26-35,East,Paid Social,1085.05
CUST-02857,Premium / High-End,36-50,South,Organic Search,1706.83
CUST-02858,Budget Shoppers,26-35,North,Paid Social,346.53
CUST-02859,Budget Shoppers,36-50,South,Paid Social,222.1
CUST-02860,Premium / High-End,51-65,North,Email Marketing,2624.29
CUST-02861,Budget Shoppers,36-50,West,Paid Social,458.79
CUST-02862,Budget Shoppers,36-50,East,Paid Social,245.47
CUST-02863,Budget Shoppers,26-35,East,Direct,68.56
CUST-02864,Budget Shoppers,26-35,West,Organic Search,345.95
CUST-02865,Value Seekers,26-35,South,Direct,1082.29
CUST-02866,Corporate / Bulk,26-35,South,Direct,4491.95
CUST-02867,Value Seekers,18-25,North,Paid Social,776.99
CUST-02868,Budget Shoppers,26-35,West,Email Marketing,430.31
CUST-02869,Value Seekers,36-50,North,Email Marketing,530.24
CUST-02870,Budget Shoppers,26-35,East,Paid Social,171.82
CUST-02871,Budget Shoppers,36-50,South,Paid Social,317.69
CUST-02872,Budget Shoppers,36-50,North,Referral,476.27
CUST-02873,Premium / High-End,18-25,East,Direct,1320.33
CUST-02874,Corporate / Bulk,36-50,East,Email Marketing,2463.98
CUST-02875,Budget Shoppers,26-35,West,Referral,638.08
CUST-02876,Budget Shoppers,26-35,North,Paid Social,86.51
CUST-02877,Premium / High-End,26-35,South,Paid Social,1385.36
CUST-02878,Value Seekers,26-35,East,Direct,534.58
CUST-02879,Value Seekers,65+,West,Email Marketing,664.24
CUST-02880,Budget Shoppers,26-35,East,Email Marketing,134.18
CUST-02881,Budget Shoppers,26-35,South,Referral,130.46
CUST-02882,Budget Shoppers,26-35,East,Organic Search,198.61
CUST-02883,Value Seekers,18-25,West,Organic Search,1133.23
CUST-02884,Budget Shoppers,36-50,South,Paid Social,221.09
CUST-02885,Corporate / Bulk,36-50,North,Email Marketing,5635.69
CUST-02886,Corporate / Bulk,26-35,South,Email Marketing,5989.21
CUST-02887,Value Seekers,36-50,North,Organic Search,1136.68
CUST-02888,Value Seekers,18-25,West,Organic Search,1670.29
CUST-02889,Premium / High-End,36-50,South,Paid Social,1113.24
CUST-02890,Budget Shoppers,26-35,North,Organic Search,341.12
CUST-02891,Budget Shoppers,36-50,North,Email Marketing,276.9
CUST-02892,Budget Shoppers,26-35,East,Organic Search,116.28
CUST-02893,Premium / High-End,36-50,North,Email Marketing,3163.13
CUST-02894,Budget Shoppers,51-65,West,Paid Social,502.51
CUST-02895,Premium / High-End,26-35,North,Paid Social,1830.18
CUST-02896,Budget Shoppers,36-50,East,Organic Search,684.55
CUST-02897,Premium / High-End,18-25,North,Paid Social,885.99
CUST-02898,Value Seekers,18-25,South,Paid Social,1106.87
CUST-02899,Corporate / Bulk,18-25,East,Paid Social,2069.21
CUST-02900,Budget Shoppers,36-50,East,Referral,423.83
CUST-02901,Value Seekers,36-50,East,Email Marketing,329.6
CUST-02902,Value Seekers,36-50,West,Paid Social,1001.75
CUST-02903,Premium / High-End,18-25,West,Direct,2176.34
CUST-02904,Value Seekers,36-50,West,Email Marketing,1176.89
CUST-02905,Value Seekers,26-35,North,Referral,1222.71
CUST-02906,Premium / High-End,18-25,East,Email Marketing,1228.42
CUST-02907,Budget Shoppers,36-50,East,Referral,259.73
CUST-02908,Value Seekers,36-50,North,Organic Search,810.61
CUST-02909,Premium / High-End,26-35,,Paid Social,1490.77
CUST-02910,Budget Shoppers,36-50,North,Paid Social,245.86
CUST-02911,Value Seekers,36-50,East,Paid Social,778.86
CUST-02912,Value Seekers,51-65,West,Organic Search,2396.52
CUST-02913,Premium / High-End,26-35,North,Organic Search,2695.89
CUST-02914,Value Seekers,36-50,West,Paid Social,529.14
CUST-02915,Corporate / Bulk,26-35,South,Organic Search,9893.05
CUST-02916,Budget Shoppers,26-35,South,Organic Search,170.67
CUST-02917,Corporate / Bulk,26-35,North,Organic Search,7683.47
CUST-02918,Premium / High-End,51-65,South,Paid Social,2203.02
CUST-02919,Value Seekers,36-50,East,Paid Social,1477.8
CUST-02920,Value Seekers,26-35,South,Paid Social,771.62
CUST-02921,Premium / High-End,18-25,North,Direct,1161.9
CUST-02922,Premium / High-End,36-50,North,Organic Search,1438.65
CUST-02923,Value Seekers,36-50,East,Organic Search,605.76
CUST-02924,Budget Shoppers,36-50,West,Paid Social,248.01
CUST-02925,Budget Shoppers,26-35,North,Organic Search,621.14
CUST-02926,Premium / High-End,51-65,South,Paid Social,2066.82
CUST-02927,Corporate / Bulk,26-35,West,Referral,5135.94
CUST-02928,Budget Shoppers,18-25,West,Email Marketing,659.39
CUST-02929,Value Seekers,65+,South,Organic Search,885.32
CUST-02930,Value Seekers,18-25,South,Organic Search,1090.18
CUST-02931,Value Seekers,18-25,North,Email Marketing,620.9
CUST-02932,Premium / High-End,36-50,North,Referral,2002.36
CUST-02933,Value Seekers,26-35,South,Organic Search,772.8
CUST-02934,Budget Shoppers,65+,West,Email Marketing,398.28
CUST-02935,Premium / High-End,51-65,North,Organic Search,1036.53
CUST-02936,Budget Shoppers,26-35,South,Email Marketing,138.04
CUST-02937,Corporate / Bulk,26-35,North,Referral,8702.86
CUST-02938,Budget Shoppers,18-25,West,Referral,618.43
CUST-02939,Corporate / Bulk,26-35,North,Paid Social,10872.35
CUST-02940,Value Seekers,18-25,North,Referral,1418.13
CUST-02941,Budget Shoppers,18-25,West,Paid Social,231.65
CUST-02942,Corporate / Bulk,26-35,West,Organic Search,3899.36
CUST-02943,Value Seekers,26-35,East,Paid Social,641.74
CUST-02944,Corporate / Bulk,36-50,North,Paid Social,11805.44
CUST-02945,Value Seekers,26-35,East,Email Marketing,1082.86
CUST-02946,Premium / High-End,26-35,North,Organic Search,1713.57
CUST-02947,Corporate / Bulk,18-25,North,Organic Search,5437.77
CUST-02948,Value Seekers,18-25,West,Organic Search,589.87
CUST-02949,Budget Shoppers,26-35,East,Direct,383.13
CUST-02950,Value Seekers,36-50,East,Referral,427.73
CUST-02951,Premium / High-End,26-35,North,Email Marketing,2923.33
CUST-02952,Value Seekers,18-25,West,Direct,867.5
CUST-02953,Value Seekers,26-35,North,Organic Search,740.4
CUST-02954,Budget Shoppers,36-50,North,Organic Search,151.9
CUST-02955,Budget Shoppers,26-35,East,Paid Social,442.26
CUST-02956,Value Seekers,36-50,West,Paid Social,731.43
CUST-02957,Budget Shoppers,26-35,East,Organic Search,224.72
CUST-02958,Budget Shoppers,51-65,East,Paid Social,266.06
CUST-02959,Premium / High-End,36-50,North,Paid Social,2268.05
CUST-02960,Value Seekers,36-50,East,Paid Social,673.51
CUST-02961,Value Seekers,26-35,North,Email Marketing,452.1
CUST-02962,Corporate / Bulk,26-35,North,Paid Social,5954.8
CUST-02963,Budget Shoppers,26-35,East,Referral,336.32
CUST-02964,Budget Shoppers,65+,South,Organic Search,384.98
CUST-02965,Premium / High-End,26-35,East,Direct,3570.02
CUST-02966,Corporate / Bulk,51-65,North,Organic Search,6380.56
CUST-02967,Budget Shoppers,26-35,East,Email Marketing,472.4
CUST-02968,Budget Shoppers,26-35,West,Referral,100.03
CUST-02969,Value Seekers,51-65,North,Paid Social,1351.0
CUST-02970,Value Seekers,18-25,North,Email Marketing,2109.69
CUST-02971,Value Seekers,36-50,West,Organic Search,906.31
CUST-02972,Corporate / Bulk,51-65,East,Organic Search,7187.92
CUST-02973,Corporate / Bulk,26-35,West,Direct,10520.35
CUST-02974,Corporate / Bulk,26-35,West,Organic Search,6480.55
CUST-02975,Corporate / Bulk,26-35,North,Paid Social,5315.68
CUST-02976,Budget Shoppers,36-50,West,Direct,325.8
CUST-02977,Budget Shoppers,18-25,South,Referral,696.35
CUST-02978,Premium / High-End,65+,West,Organic Search,1626.49
CUST-02979,Premium / High-End,26-35,East,Organic Search,1292.61
CUST-02980,Premium / High-End,65+,North,Organic Search,2385.33
CUST-02981,Premium / High-End,36-50,North,Direct,2003.09
CUST-02982,Budget Shoppers,36-50,South,Email Marketing,83.31
CUST-02983,Budget Shoppers,26-35,North,Organic Search,674.53
CUST-02984,Value Seekers,36-50,South,Organic Search,738.01
CUST-02985,Budget Shoppers,26-35,East,Organic Search,356.38
CUST-02986,Corporate / Bulk,26-35,West,Organic Search,4745.61
CUST-02987,Corporate / Bulk,51-65,South,Organic Search,6693.33
CUST-02988,Value Seekers,51-65,East,Email Marketing,1317.39
CUST-02989,Premium / High-End,26-35,East,Organic Search,3838.19
CUST-02990,Corporate / Bulk,36-50,East,Paid Social,5343.29
CUST-02991,Premium / High-End,51-65,East,Direct,2629.92
CUST-02992,Value Seekers,51-65,East,Organic Search,609.15
CUST-02993,Premium / High-End,26-35,North,Paid Social,1927.08
CUST-02994,Value Seekers,65+,West,Organic Search,1309.66
CUST-02995,Budget Shoppers,26-35,West,Paid Social,568.46
CUST-02996,Value Seekers,18-25,East,Referral,283.86
CUST-02997,Premium / High-End,51-65,East,Paid Social,1612.01
CUST-02998,Value Seekers,26-35,West,Email Marketing,1625.41
CUST-02999,Value Seekers,65+,West,Paid Social,853.83
CUST-03000,Budget Shoppers,26-35,East,Email Marketing,406.05
CUST-03001,Corporate / Bulk,26-35,South,Email Marketing,12884.69
CUST-03002,Budget Shoppers,51-65,East,Paid Social,260.33
CUST-03003,Value Seekers,36-50,West,Email Marketing,666.92
CUST-03004,Premium / High-End,18-25,East,Paid Social,2466.52
CUST-03005,Budget Shoppers,18-25,West,Direct,127.55
CUST-03006,Premium / High-End,51-65,East,Organic Search,3285.51
CUST-03007,Premium / High-End,65+,South,Organic Search,1805.43
CUST-03008,Value Seekers,26-35,North,Direct,816.47
CUST-03009,Budget Shoppers,26-35,West,Email Marketing,305.61
CUST-03010,Value Seekers,26-35,South,Paid Social,401.08
CUST-03011,Premium / High-End,51-65,West,Paid Social,1925.5
CUST-03012,Value Seekers,51-65,East,Organic Search,1291.53
CUST-03013,Premium / High-End,36-50,North,Email Marketing,1606.95
CUST-03014,Budget Shoppers,26-35,South,Paid Social,823.68
CUST-03015,Budget Shoppers,26-35,East,Referral,1030.79
CUST-03016,Premium / High-End,65+,East,Paid Social,1751.24
CUST-03017,Budget Shoppers,51-65,East,Email Marketing,601.37
CUST-03018,Value Seekers,26-35,,Paid Social,1027.97
CUST-03019,Value Seekers,18-25,North,Paid Social,1035.92
CUST-03020,Premium / High-End,26-35,South,Email Marketing,3620.42
CUST-03021,Value Seekers,51-65,South,Organic Search,1136.81
CUST-03022,Corporate / Bulk,51-65,West,Organic Search,10123.17
CUST-03023,Value Seekers,65+,North,Paid Social,750.05
CUST-03024,Budget Shoppers,36-50,East,Organic Search,139.88
CUST-03025,Value Seekers,65+,West,Organic Search,383.78
CUST-03026,Budget Shoppers,26-35,East,Organic Search,531.77
CUST-03027,Budget Shoppers,36-50,North,Referral,238.26
CUST-03028,Value Seekers,36-50,East,Paid Social,415.44
CUST-03029,Premium / High-End,36-50,East,Referral,2563.51
CUST-03030,Corporate / Bulk,36-50,East,Direct,6938.6
CUST-03031,Premium / High-End,26-35,North,Direct,5229.98
CUST-03032,Corporate / Bulk,26-35,South,Direct,10419.78
CUST-03033,Budget Shoppers,65+,West,Organic Search,154.31
CUST-03034,Value Seekers,65+,North,Referral,703.93
CUST-03035,Value Seekers,26-35,South,Referral,1809.87
CUST-03036,Value Seekers,36-50,East,Email Marketing,2252.19
CUST-03037,Value Seekers,26-35,West,Paid Social,875.59
CUST-03038,Budget Shoppers,26-35,East,Paid Social,315.94
CUST-03039,Corporate / Bulk,26-35,North,Paid Social,5066.36
CUST-03040,Budget Shoppers,51-65,South,Organic Search,168.77
CUST-03041,Value Seekers,36-50,North,Paid Social,587.67
CUST-03042,Corporate / Bulk,36-50,East,Paid Social,10065.67
CUST-03043,Premium / High-End,65+,West,Organic Search,2501.26
CUST-03044,Value Seekers,36-50,East,Paid Social,979.9
CUST-03045,Value Seekers,51-65,West,Organic Search,1312.45
CUST-03046,Value Seekers,26-35,East,Organic Search,1296.21
CUST-03047,Value Seekers,26-35,East,Organic Search,783.96
CUST-03048,Corporate / Bulk,26-35,East,Email Marketing,3844.36
CUST-03049,Premium / High-End,36-50,North,Email Marketing,2098.81
CUST-03050,Budget Shoppers,36-50,North,Paid Social,287.13
CUST-03051,Budget Shoppers,51-65,,Paid Social,758.96
CUST-03052,Corporate / Bulk,26-35,South,Email Marketing,10706.41
CUST-03053,Budget Shoppers,18-25,South,Paid Social,839.05
CUST-03054,Premium / High-End,26-35,West,Organic Search,1037.4
CUST-03055,Value Seekers,65+,North,Email Marketing,582.06
CUST-03056,Budget Shoppers,26-35,East,Organic Search,187.32
CUST-03057,Value Seekers,18-25,West,Paid Social,205.83
CUST-03058,Budget Shoppers,26-35,West,Organic Search,118.98
CUST-03059,Value Seekers,51-65,North,Paid Social,865.76
CUST-03060,Premium / High-End,26-35,West,Email Marketing,1011.56
CUST-03061,Budget Shoppers,26-35,North,Referral,355.69
CUST-03062,Corporate / Bulk,36-50,East,Referral,9578.15
CUST-03063,Premium / High-End,18-25,West,Organic Search,1782.87
CUST-03064,Premium / High-End,18-25,North,Paid Social,2588.94
CUST-03065,Corporate / Bulk,36-50,West,Organic Search,6441.68
CUST-03066,Budget Shoppers,26-35,South,Paid Social,190.47
CUST-03067,Corporate / Bulk,36-50,South,Direct,5034.36
CUST-03068,Corporate / Bulk,51-65,West,Paid Social,3173.82
CUST-03069,Value Seekers,18-25,South,Paid Social,1435.74
CUST-03070,Budget Shoppers,26-35,South,Referral,105.59
CUST-03071,Budget Shoppers,26-35,South,Direct,475.62
CUST-03072,Corporate / Bulk,51-65,West,Email Marketing,5111.18
CUST-03073,Premium / High-End,26-35,North,Email Marketing,2252.7
CUST-03074,Budget Shoppers,36-50,East,Paid Social,73.78
CUST-03075,Value Seekers,26-35,East,Paid Social,357.59
CUST-03076,Value Seekers,51-65,North,Paid Social,1468.73
CUST-03077,Value Seekers,18-25,North,Organic Search,1299.1
CUST-03078,Value Seekers,26-35,East,Direct,803.98
CUST-03079,Premium / High-End,36-50,East,Paid Social,1722.09
CUST-03080,Budget Shoppers,26-35,West,Paid Social,234.13
CUST-03081,Corporate / Bulk,36-50,East,Email Marketing,4414.56
CUST-03082,Value Seekers,26-35,North,Organic Search,860.11
CUST-03083,Corporate / Bulk,51-65,North,Referral,6263.68
CUST-03084,Premium / High-End,18-25,East,Paid Social,5710.84
CUST-03085,Value Seekers,18-25,West,Direct,883.53
CUST-03086,Premium / High-End,18-25,East,Organic Search,1489.04
CUST-03087,Budget Shoppers,18-25,East,Direct,322.73
CUST-03088,Budget Shoppers,51-65,East,Organic Search,97.36
CUST-03089,Budget Shoppers,51-65,West,Direct,361.23
CUST-03090,Corporate / Bulk,26-35,West,Referral,8286.99
CUST-03091,Budget Shoppers,26-35,North,Email Marketing,142.08
CUST-03092,Premium / High-End,36-50,South,Referral,1905.58
CUST-03093,Value Seekers,51-65,North,Email Marketing,1212.71
CUST-03094,Budget Shoppers,26-35,East,Paid Social,452.37
CUST-03095,Budget Shoppers,36-50,West,Paid Social,268.93
CUST-03096,Value Seekers,26-35,East,Email Marketing,310.49
CUST-03097,Value Seekers,26-35,East,Email Marketing,412.06
CUST-03098,Budget Shoppers,26-35,West,Organic Search,306.02
CUST-03099,Budget Shoppers,26-35,West,Email Marketing,731.62
CUST-03100,Corporate / Bulk,26-35,South,Organic Search,3594.96
CUST-03101,Value Seekers,18-25,North,Referral,1931.18
CUST-03102,Premium / High-End,26-35,West,Paid Social,4178.8
CUST-03103,Budget Shoppers,26-35,West,Organic Search,422.17
CUST-03104,Budget Shoppers,26-35,West,Email Marketing,626.89
CUST-03105,Premium / High-End,36-50,North,Paid Social,1242.31
CUST-03106,Budget Shoppers,18-25,East,Direct,329.92
CUST-03107,Premium / High-End,26-35,North,Organic Search,2826.19
CUST-03108,Value Seekers,26-35,West,Direct,1890.32
CUST-03109,Corporate / Bulk,26-35,South,Email Marketing,5892.42
CUST-03110,Value Seekers,26-35,North,Organic Search,1108.68
CUST-03111,Budget Shoppers,36-50,North,Paid Social,58.69
CUST-03112,Premium / High-End,26-35,North,Paid Social,2174.65
CUST-03113,Value Seekers,65+,North,Organic Search,1397.22
CUST-03114,Value Seekers,26-35,South,Email Marketing,372.43
CUST-03115,Budget Shoppers,26-35,West,Organic Search,564.85
CUST-03116,Budget Shoppers,26-35,North,Paid Social,332.94
CUST-03117,Premium / High-End,18-25,East,Organic Search,1419.07
CUST-03118,Value Seekers,18-25,East,Email Marketing,716.19
CUST-03119,Corporate / Bulk,36-50,West,Organic Search,5687.67
CUST-03120,Value Seekers,36-50,South,Email Marketing,766.1
CUST-03121,Value Seekers,65+,South,Paid Social,249.08
CUST-03122,Corporate / Bulk,26-35,North,Paid Social,4990.97
CUST-03123,Budget Shoppers,18-25,East,Direct,233.84
CUST-03124,Corporate / Bulk,26-35,West,Organic Search,2679.89
CUST-03125,Premium / High-End,26-35,North,Email Marketing,2187.29
CUST-03126,Value Seekers,26-35,North,Referral,685.38
CUST-03127,Value Seekers,26-35,West,Paid Social,1023.47
CUST-03128,Premium / High-End,26-35,South,Paid Social,5498.67
CUST-03129,Budget Shoppers,36-50,South,Organic Search,565.96
CUST-03130,Budget Shoppers,26-35,North,Referral,236.16
CUST-03131,Value Seekers,51-65,East,Paid Social,1535.17
CUST-03132,Premium / High-End,36-50,South,Organic Search,1757.73
CUST-03133,Budget Shoppers,36-50,North,Organic Search,652.47
CUST-03134,Premium / High-End,36-50,East,Organic Search,1997.28
CUST-03135,Budget Shoppers,18-25,East,Paid Social,387.35
CUST-03136,Value Seekers,26-35,North,Email Marketing,1658.71
CUST-03137,Value Seekers,26-35,East,Email Marketing,975.55
CUST-03138,Value Seekers,26-35,North,Referral,521.98
CUST-03139,Budget Shoppers,26-35,,Referral,323.84
CUST-03140,Budget Shoppers,26-35,West,Direct,414.4
CUST-03141,Value Seekers,51-65,East,Email Marketing,900.69
CUST-03142,Premium / High-End,18-25,North,Referral,3667.59
CUST-03143,Budget Shoppers,26-35,,Direct,159.23
CUST-03144,Budget Shoppers,26-35,North,Referral,198.83
CUST-03145,Value Seekers,36-50,West,Referral,849.84
CUST-03146,Value Seekers,26-35,East,Organic Search,1051.33
CUST-03147,Value Seekers,18-25,West,Paid Social,835.4
CUST-03148,Value Seekers,18-25,East,Paid Social,588.68
CUST-03149,Value Seekers,36-50,West,Direct,1100.08
CUST-03150,Corporate / Bulk,18-25,East,Paid Social,11400.88
CUST-03151,Premium / High-End,26-35,North,Paid Social,1563.8
CUST-03152,Budget Shoppers,36-50,North,Referral,507.44
CUST-03153,Corporate / Bulk,26-35,East,Referral,5444.89
CUST-03154,Corporate / Bulk,36-50,West,Referral,9261.25
CUST-03155,Corporate / Bulk,18-25,West,Organic Search,5761.1
CUST-03156,Budget Shoppers,18-25,South,Direct,345.81
CUST-03157,Premium / High-End,65+,East,Paid Social,2922.4
CUST-03158,Premium / High-End,18-25,West,Email Marketing,1256.71
CUST-03159,Premium / High-End,51-65,North,Paid Social,1163.03
CUST-03160,Budget Shoppers,26-35,West,Organic Search,293.86
CUST-03161,Value Seekers,26-35,West,Direct,1387.7
CUST-03162,Budget Shoppers,26-35,North,Paid Social,414.45
CUST-03163,Value Seekers,36-50,North,Email Marketing,1110.24
CUST-03164,Value Seekers,26-35,North,Organic Search,734.93
CUST-03165,Corporate / Bulk,36-50,East,Organic Search,15014.99
CUST-03166,Value Seekers,26-35,West,Organic Search,1196.5
CUST-03167,Value Seekers,26-35,East,Referral,1016.2
CUST-03168,Premium / High-End,26-35,East,Paid Social,4125.91
CUST-03169,Corporate / Bulk,26-35,East,Paid Social,5203.11
CUST-03170,Budget Shoppers,51-65,West,Organic Search,343.16
CUST-03171,Value Seekers,26-35,South,Organic Search,770.31
CUST-03172,Premium / High-End,18-25,West,Organic Search,1447.87
CUST-03173,Value Seekers,36-50,North,Email Marketing,1062.05
CUST-03174,Premium / High-End,18-25,North,Referral,1230.23
CUST-03175,Premium / High-End,18-25,East,Email Marketing,2011.66
CUST-03176,Premium / High-End,51-65,South,Referral,1435.96
CUST-03177,Budget Shoppers,36-50,North,Organic Search,173.77
CUST-03178,Premium / High-End,18-25,North,Direct,1016.04
CUST-03179,Budget Shoppers,26-35,West,Organic Search,463.63
CUST-03180,Budget Shoppers,26-35,South,Paid Social,245.11
CUST-03181,Budget Shoppers,36-50,West,Organic Search,239.16
CUST-03182,Budget Shoppers,51-65,East,Organic Search,268.1
CUST-03183,Budget Shoppers,18-25,North,Organic Search,319.84
CUST-03184,Budget Shoppers,65+,East,Email Marketing,54.72
CUST-03185,Premium / High-End,26-35,North,Paid Social,2113.72
CUST-03186,Corporate / Bulk,36-50,North,Paid Social,10494.42
CUST-03187,Value Seekers,26-35,East,Paid Social,752.82
CUST-03188,Premium / High-End,26-35,East,Email Marketing,2745.34
CUST-03189,Corporate / Bulk,36-50,North,Organic Search,3800.6
CUST-03190,Budget Shoppers,36-50,South,Email Marketing,301.71
CUST-03191,Premium / High-End,36-50,North,Email Marketing,2509.73
CUST-03192,Budget Shoppers,18-25,East,Paid Social,486.6
CUST-03193,Corporate / Bulk,36-50,South,Email Marketing,3679.03
CUST-03194,Budget Shoppers,51-65,North,Paid Social,134.37
CUST-03195,Premium / High-End,26-35,South,Email Marketing,1119.57
CUST-03196,Budget Shoppers,26-35,West,Paid Social,174.41
CUST-03197,Budget Shoppers,26-35,South,Paid Social,230.45
CUST-03198,Corporate / Bulk,65+,West,Paid Social,6510.46
CUST-03199,Premium / High-End,18-25,South,Email Marketing,807.5
CUST-03200,Value Seekers,18-25,North,Organic Search,693.37
CUST-03201,Corporate / Bulk,26-35,East,Organic Search,6808.07
CUST-03202,Premium / High-End,18-25,East,Paid Social,2928.66
CUST-03203,Budget Shoppers,26-35,North,Organic Search,482.21
CUST-03204,Budget Shoppers,26-35,North,Organic Search,25.63
CUST-03205,Corporate / Bulk,26-35,East,Paid Social,3941.17
CUST-03206,Premium / High-End,51-65,South,Organic Search,2150.21
CUST-03207,Corporate / Bulk,65+,North,Organic Search,2172.27
CUST-03208,Budget Shoppers,26-35,South,Organic Search,469.96
CUST-03209,Corporate / Bulk,26-35,West,Organic Search,5695.54
CUST-03210,Budget Shoppers,36-50,North,Email Marketing,95.34
CUST-03211,Value Seekers,18-25,North,Organic Search,517.15
CUST-03212,Premium / High-End,51-65,West,Paid Social,2357.28
CUST-03213,Corporate / Bulk,26-35,North,Paid Social,7131.66
CUST-03214,Budget Shoppers,26-35,South,Referral,636.9
CUST-03215,Budget Shoppers,65+,,Referral,268.91
CUST-03216,Value Seekers,26-35,East,Organic Search,1290.71
CUST-03217,Budget Shoppers,36-50,South,Direct,489.62
CUST-03218,Budget Shoppers,26-35,East,Referral,194.64
CUST-03219,Value Seekers,18-25,South,Paid Social,664.58
CUST-03220,Budget Shoppers,36-50,East,Organic Search,281.41
CUST-03221,Value Seekers,51-65,East,Direct,1341.74
CUST-03222,Budget Shoppers,36-50,South,Referral,386.28
CUST-03223,Budget Shoppers,51-65,North,Organic Search,597.78
CUST-03224,Budget Shoppers,26-35,East,Referral,760.66
CUST-03225,Value Seekers,26-35,North,Paid Social,979.95
CUST-03226,Corporate / Bulk,26-35,East,Referral,13931.07
CUST-03227,Value Seekers,36-50,West,Organic Search,1018.01
CUST-03228,Premium / High-End,26-35,East,Referral,1058.71
CUST-03229,Budget Shoppers,26-35,West,Referral,332.01
CUST-03230,Budget Shoppers,18-25,North,Organic Search,303.45
CUST-03231,Value Seekers,18-25,East,Paid Social,1006.82
CUST-03232,Corporate / Bulk,36-50,North,Paid Social,11495.37
CUST-03233,Value Seekers,18-25,East,Organic Search,785.35
CUST-03234,Budget Shoppers,26-35,East,Organic Search,500.91
CUST-03235,Budget Shoppers,18-25,West,Referral,118.21
CUST-03236,Value Seekers,26-35,South,Email Marketing,342.94
CUST-03237,Value Seekers,36-50,East,Paid Social,850.59
CUST-03238,Budget Shoppers,18-25,West,Organic Search,363.76
CUST-03239,Value Seekers,51-65,East,Organic Search,585.74
CUST-03240,Premium / High-End,18-25,North,Organic Search,1025.81
CUST-03241,Budget Shoppers,51-65,East,Organic Search,1412.21
CUST-03242,Premium / High-End,26-35,West,Paid Social,1453.27
CUST-03243,Premium / High-End,26-35,South,Paid Social,2927.79
CUST-03244,Value Seekers,18-25,South,Referral,1198.3
CUST-03245,Premium / High-End,18-25,South,Direct,2085.8
CUST-03246,Budget Shoppers,36-50,North,Paid Social,302.27
CUST-03247,Budget Shoppers,26-35,West,Organic Search,209.23
CUST-03248,Budget Shoppers,18-25,North,Referral,467.03
CUST-03249,Value Seekers,36-50,South,Email Marketing,666.74
CUST-03250,Budget Shoppers,26-35,East,Email Marketing,348.02
CUST-03251,Value Seekers,18-25,East,Paid Social,618.01
CUST-03252,Budget Shoppers,18-25,East,Email Marketing,140.34
CUST-03253,Value Seekers,51-65,South,Organic Search,1010.52
CUST-03254,Budget Shoppers,51-65,East,Email Marketing,337.08
CUST-03255,Budget Shoppers,26-35,East,Organic Search,251.97
CUST-03256,Budget Shoppers,26-35,East,Paid Social,440.51
CUST-03257,Budget Shoppers,26-35,North,Organic Search,492.26
CUST-03258,Value Seekers,26-35,East,Paid Social,536.68
CUST-03259,Budget Shoppers,36-50,North,Email Marketing,604.31
CUST-03260,Premium / High-End,36-50,North,Email Marketing,1841.18
CUST-03261,Premium / High-End,51-65,East,Referral,1966.94
CUST-03262,Value Seekers,36-50,North,Paid Social,1756.6
CUST-03263,Premium / High-End,26-35,North,Organic Search,3717.69
CUST-03264,Budget Shoppers,26-35,North,Paid Social,122.81
CUST-03265,Premium / High-End,26-35,East,Paid Social,2524.1
CUST-03266,Premium / High-End,26-35,West,Paid Social,2488.32
CUST-03267,Premium / High-End,51-65,East,Organic Search,1492.18
CUST-03268,Budget Shoppers,18-25,North,Organic Search,127.01
CUST-03269,Budget Shoppers,18-25,North,Paid Social,180.19
CUST-03270,Premium / High-End,18-25,West,Paid Social,1475.1
CUST-03271,Value Seekers,36-50,West,Paid Social,825.75
CUST-03272,Budget Shoppers,26-35,East,Organic Search,301.39
CUST-03273,Budget Shoppers,26-35,North,Direct,362.37
CUST-03274,Corporate / Bulk,18-25,West,Email Marketing,4214.95
CUST-03275,Corporate / Bulk,51-65,West,Direct,11085.56
CUST-03276,Budget Shoppers,36-50,North,Paid Social,92.98
CUST-03277,Premium / High-End,26-35,East,Organic Search,2657.11
CUST-03278,Value Seekers,36-50,North,Organic Search,390.54
CUST-03279,Value Seekers,18-25,South,Paid Social,1159.81
CUST-03280,Value Seekers,18-25,North,Referral,386.55
CUST-03281,Value Seekers,51-65,West,Email Marketing,628.5
CUST-03282,Premium / High-End,26-35,North,Email Marketing,2819.46
CUST-03283,Corporate / Bulk,36-50,North,Referral,7491.54
CUST-03284,Corporate / Bulk,36-50,North,Referral,5208.29
CUST-03285,Value Seekers,36-50,East,Email Marketing,1155.43
CUST-03286,Premium / High-End,18-25,South,Paid Social,1094.64
CUST-03287,Premium / High-End,26-35,East,Direct,2819.47
CUST-03288,Premium / High-End,26-35,East,Email Marketing,1384.1
CUST-03289,Value Seekers,26-35,East,Direct,343.02
CUST-03290,Premium / High-End,36-50,North,Referral,3674.04
CUST-03291,Value Seekers,65+,South,Organic Search,877.03
CUST-03292,Budget Shoppers,51-65,North,Email Marketing,577.05
CUST-03293,Value Seekers,36-50,East,Referral,1647.56
CUST-03294,Budget Shoppers,65+,West,Organic Search,497.9
CUST-03295,Budget Shoppers,36-50,East,Referral,187.0
CUST-03296,Value Seekers,36-50,West,Referral,913.58
CUST-03297,Value Seekers,51-65,West,Direct,405.48
CUST-03298,Value Seekers,36-50,East,Organic Search,1011.55
CUST-03299,Value Seekers,36-50,West,Email Marketing,1200.38
CUST-03300,Premium / High-End,26-35,South,Referral,1254.38
CUST-03301,Value Seekers,26-35,West,Referral,1076.01
CUST-03302,Budget Shoppers,26-35,South,Email Marketing,431.07
CUST-03303,Budget Shoppers,26-35,East,Referral,52.26
CUST-03304,Premium / High-End,18-25,North,Referral,2700.57
CUST-03305,Value Seekers,18-25,North,Organic Search,934.17
CUST-03306,Corporate / Bulk,26-35,North,Referral,8098.81
CUST-03307,Value Seekers,36-50,North,Organic Search,1216.67
CUST-03308,Budget Shoppers,26-35,North,Email Marketing,176.77
CUST-03309,Budget Shoppers,65+,North,Paid Social,386.7
CUST-03310,Value Seekers,36-50,South,Organic Search,966.99
CUST-03311,Value Seekers,26-35,North,Paid Social,795.03
CUST-03312,Value Seekers,18-25,East,Paid Social,785.95
CUST-03313,Budget Shoppers,18-25,South,Email Marketing,201.18
CUST-03314,Premium / High-End,26-35,South,Organic Search,1857.12
CUST-03315,Value Seekers,26-35,East,Direct,251.29
CUST-03316,Value Seekers,18-25,North,Paid Social,291.6
CUST-03317,Corporate / Bulk,26-35,South,Organic Search,3546.54
CUST-03318,Premium / High-End,51-65,East,Paid Social,1530.61
CUST-03319,Premium / High-End,65+,North,Organic Search,2250.92
CUST-03320,Budget Shoppers,51-65,East,Organic Search,272.64
CUST-03321,Value Seekers,18-25,North,Referral,904.84
CUST-03322,Premium / High-End,26-35,West,Paid Social,2194.17
CUST-03323,Value Seekers,26-35,East,Direct,1133.98
CUST-03324,Value Seekers,36-50,North,Email Marketing,499.0
CUST-03325,Value Seekers,26-35,West,Organic Search,1112.92
CUST-03326,Budget Shoppers,18-25,South,Organic Search,588.25
CUST-03327,Premium / High-End,26-35,North,Organic Search,2404.72
CUST-03328,Premium / High-End,51-65,West,Email Marketing,2310.9
CUST-03329,Budget Shoppers,26-35,,Email Marketing,199.51
CUST-03330,Premium / High-End,26-35,North,Email Marketing,2437.38
CUST-03331,Corporate / Bulk,18-25,North,Email Marketing,8922.69
CUST-03332,Corporate / Bulk,26-35,East,Paid Social,4459.72
CUST-03333,Value Seekers,26-35,North,Email Marketing,1367.18
CUST-03334,Value Seekers,26-35,North,Organic Search,843.04
CUST-03335,Value Seekers,18-25,South,Organic Search,690.66
CUST-03336,Corporate / Bulk,26-35,South,Direct,8348.08
CUST-03337,Corporate / Bulk,18-25,West,Organic Search,10001.51
CUST-03338,Value Seekers,26-35,East,Direct,1032.58
CUST-03339,Value Seekers,18-25,North,Referral,322.7
CUST-03340,Budget Shoppers,26-35,South,Organic Search,408.96
CUST-03341,Budget Shoppers,36-50,North,Organic Search,369.22
CUST-03342,Budget Shoppers,18-25,East,Email Marketing,305.05
CUST-03343,Value Seekers,51-65,North,Organic Search,710.44
CUST-03344,Corporate / Bulk,36-50,West,Organic Search,7424.03
CUST-03345,Value Seekers,18-25,South,Paid Social,805.99
CUST-03346,Value Seekers,36-50,East,Organic Search,1518.81
CUST-03347,Budget Shoppers,51-65,East,Organic Search,444.96
CUST-03348,Value Seekers,36-50,West,Organic Search,792.48
CUST-03349,Premium / High-End,26-35,West,Organic Search,1589.82
CUST-03350,Budget Shoppers,26-35,North,Referral,382.86
CUST-03351,Premium / High-End,36-50,North,Direct,1911.1
CUST-03352,Value Seekers,51-65,East,Email Marketing,327.07
CUST-03353,Budget Shoppers,36-50,East,Referral,376.14
CUST-03354,Value Seekers,18-25,East,Paid Social,932.77
CUST-03355,Budget Shoppers,26-35,East,Organic Search,235.46
CUST-03356,Budget Shoppers,51-65,North,Organic Search,109.99
CUST-03357,Value Seekers,26-35,South,Paid Social,541.96
CUST-03358,Premium / High-End,26-35,West,Paid Social,1404.68
CUST-03359,Budget Shoppers,51-65,South,Paid Social,260.7
CUST-03360,Value Seekers,36-50,West,Email Marketing,886.02
CUST-03361,Corporate / Bulk,36-50,East,Paid Social,7354.61
CUST-03362,Value Seekers,26-35,North,Paid Social,546.89
CUST-03363,Value Seekers,26-35,East,Organic Search,393.49
CUST-03364,Budget Shoppers,26-35,South,Organic Search,114.0
CUST-03365,Corporate / Bulk,36-50,West,Paid Social,6755.71
CUST-03366,Budget Shoppers,26-35,West,Paid Social,804.77
CUST-03367,Budget Shoppers,36-50,South,Email Marketing,229.59
CUST-03368,Premium / High-End,36-50,North,Organic Search,2115.03
CUST-03369,Value Seekers,26-35,South,Paid Social,350.65
CUST-03370,Premium / High-End,18-25,East,Email Marketing,704.3
CUST-03371,Premium / High-End,26-35,East,Referral,2764.71
CUST-03372,Premium / High-End,36-50,North,Paid Social,2103.85
CUST-03373,Budget Shoppers,26-35,South,Paid Social,192.9
CUST-03374,Value Seekers,36-50,North,Organic Search,632.89
CUST-03375,Corporate / Bulk,65+,West,Organic Search,1953.47
CUST-03376,Budget Shoppers,51-65,West,Paid Social,289.64
CUST-03377,Corporate / Bulk,26-35,East,Paid Social,7667.84
CUST-03378,Budget Shoppers,26-35,North,Direct,164.21
CUST-03379,Value Seekers,26-35,South,Organic Search,2215.31
CUST-03380,Budget Shoppers,36-50,South,Organic Search,77.22
CUST-03381,Premium / High-End,26-35,North,Organic Search,711.66
CUST-03382,Premium / High-End,36-50,West,Organic Search,1508.78
CUST-03383,Premium / High-End,18-25,East,Paid Social,2134.27
CUST-03384,Value Seekers,26-35,North,Organic Search,477.68
CUST-03385,Value Seekers,26-35,East,Paid Social,1136.95
CUST-03386,Premium / High-End,26-35,North,Organic Search,1933.95
CUST-03387,Budget Shoppers,51-65,West,Organic Search,162.44
CUST-03388,Value Seekers,18-25,West,Email Marketing,810.97
CUST-03389,Corporate / Bulk,26-35,North,Organic Search,7243.26
CUST-03390,Premium / High-End,26-35,North,Organic Search,1462.15
CUST-03391,Budget Shoppers,18-25,North,Organic Search,607.29
CUST-03392,Budget Shoppers,36-50,East,Paid Social,268.93
CUST-03393,Budget Shoppers,18-25,North,Email Marketing,361.12
CUST-03394,Value Seekers,26-35,East,Email Marketing,757.64
CUST-03395,Value Seekers,26-35,East,Referral,328.47
CUST-03396,Value Seekers,26-35,East,Paid Social,907.05
CUST-03397,Value Seekers,51-65,East,Email Marketing,390.29
CUST-03398,Value Seekers,36-50,East,Email Marketing,1163.22
CUST-03399,Value Seekers,26-35,East,Organic Search,1507.89
CUST-03400,Value Seekers,26-35,North,Organic Search,407.7
CUST-03401,Value Seekers,18-25,South,Direct,280.74
CUST-03402,Budget Shoppers,26-35,East,Referral,416.94
CUST-03403,Value Seekers,26-35,South,Paid Social,560.74
CUST-03404,Premium / High-End,18-25,West,Organic Search,2050.69
CUST-03405,Budget Shoppers,65+,South,Paid Social,589.07
CUST-03406,Budget Shoppers,36-50,West,Paid Social,621.59
CUST-03407,Premium / High-End,65+,West,Paid Social,3482.23
CUST-03408,Premium / High-End,51-65,North,Organic Search,3244.57
CUST-03409,Value Seekers,18-25,North,Direct,1028.18
CUST-03410,Value Seekers,51-65,South,Organic Search,689.68
CUST-03411,Corporate / Bulk,26-35,North,Paid Social,8648.43
CUST-03412,Budget Shoppers,18-25,North,Email Marketing,301.3
CUST-03413,Premium / High-End,51-65,West,Organic Search,1071.28
CUST-03414,Value Seekers,51-65,West,Organic Search,441.2
CUST-03415,Premium / High-End,36-50,North,Organic Search,2477.17
CUST-03416,Budget Shoppers,18-25,West,Organic Search,545.72
CUST-03417,Value Seekers,36-50,East,Organic Search,525.8
CUST-03418,Corporate / Bulk,18-25,North,Referral,4702.48
CUST-03419,Premium / High-End,18-25,East,Paid Social,2841.19
CUST-03420,Budget Shoppers,18-25,North,Organic Search,295.66
CUST-03421,Budget Shoppers,51-65,West,Paid Social,160.61
CUST-03422,Budget Shoppers,18-25,North,Organic Search,330.21
CUST-03423,Budget Shoppers,36-50,East,Organic Search,613.05
CUST-03424,Value Seekers,26-35,North,Referral,1250.94
CUST-03425,Value Seekers,26-35,South,Paid Social,1323.68
CUST-03426,Value Seekers,51-65,West,Paid Social,313.36
CUST-03427,Value Seekers,36-50,East,Email Marketing,570.97
CUST-03428,Value Seekers,26-35,South,Paid Social,1495.17
CUST-03429,Premium / High-End,36-50,North,Paid Social,3367.9
CUST-03430,Budget Shoppers,26-35,East,Paid Social,366.22
CUST-03431,Value Seekers,26-35,South,Organic Search,913.89
CUST-03432,Value Seekers,18-25,East,Referral,859.29
CUST-03433,Premium / High-End,36-50,East,Organic Search,2919.04
CUST-03434,Budget Shoppers,26-35,North,Paid Social,197.78
CUST-03435,Value Seekers,26-35,South,Referral,1125.86
CUST-03436,Value Seekers,18-25,South,Direct,812.13
CUST-03437,Premium / High-End,26-35,West,Organic Search,2762.31
CUST-03438,Value Seekers,36-50,South,Paid Social,883.7
CUST-03439,Value Seekers,26-35,South,Paid Social,811.18
CUST-03440,Corporate / Bulk,26-35,West,Paid Social,6726.92
CUST-03441,Budget Shoppers,18-25,West,Direct,129.22
CUST-03442,Budget Shoppers,26-35,East,Organic Search,228.82
CUST-03443,Budget Shoppers,18-25,East,Paid Social,319.74
CUST-03444,Premium / High-End,36-50,South,Organic Search,3140.11
CUST-03445,Budget Shoppers,18-25,East,Paid Social,284.52
CUST-03446,Value Seekers,18-25,East,Email Marketing,1040.25
CUST-03447,Premium / High-End,18-25,East,Direct,1064.31
CUST-03448,Corporate / Bulk,36-50,South,Paid Social,5615.5
CUST-03449,Premium / High-End,18-25,North,Direct,948.89
CUST-03450,Budget Shoppers,26-35,South,Organic Search,1075.53
CUST-03451,Budget Shoppers,26-35,West,Paid Social,151.35
CUST-03452,Value Seekers,18-25,West,Paid Social,1054.01
CUST-03453,Budget Shoppers,18-25,West,Organic Search,128.3
CUST-03454,Premium / High-End,26-35,North,Organic Search,2372.84
CUST-03455,Value Seekers,51-65,West,Paid Social,873.16
CUST-03456,Budget Shoppers,51-65,South,Email Marketing,323.9
CUST-03457,Corporate / Bulk,65+,West,Organic Search,5757.7
CUST-03458,Value Seekers,36-50,West,Paid Social,916.07
CUST-03459,Value Seekers,36-50,East,Referral,937.12
CUST-03460,Value Seekers,36-50,East,Email Marketing,534.58
CUST-03461,Budget Shoppers,26-35,West,Organic Search,139.89
CUST-03462,Corporate / Bulk,65+,South,Direct,4759.66
CUST-03463,Budget Shoppers,36-50,East,Organic Search,255.5
CUST-03464,Premium / High-End,51-65,East,Organic Search,4334.74
CUST-03465,Corporate / Bulk,18-25,South,Organic Search,5212.45
CUST-03466,Value Seekers,36-50,South,Paid Social,813.25
CUST-03467,Budget Shoppers,18-25,North,Paid Social,426.14
CUST-03468,Corporate / Bulk,26-35,North,Referral,3377.62
CUST-03469,Value Seekers,18-25,West,Paid Social,470.08
CUST-03470,Budget Shoppers,18-25,West,Organic Search,311.59
CUST-03471,Premium / High-End,65+,South,Paid Social,3086.99
CUST-03472,Value Seekers,26-35,West,Email Marketing,667.37
CUST-03473,Budget Shoppers,26-35,North,Paid Social,383.32
CUST-03474,Budget Shoppers,36-50,North,Organic Search,503.63
CUST-03475,Value Seekers,18-25,South,Direct,430.13
CUST-03476,Premium / High-End,65+,East,Organic Search,1800.26
CUST-03477,Budget Shoppers,65+,North,Paid Social,223.86
CUST-03478,Value Seekers,26-35,West,Paid Social,2041.65
CUST-03479,Budget Shoppers,26-35,West,Organic Search,232.42
CUST-03480,Value Seekers,36-50,West,Referral,703.54
CUST-03481,Budget Shoppers,26-35,North,Direct,1060.34
CUST-03482,Budget Shoppers,36-50,East,Paid Social,226.77
CUST-03483,Premium / High-End,18-25,South,Email Marketing,1504.81
CUST-03484,Budget Shoppers,36-50,East,Organic Search,227.44
CUST-03485,Value Seekers,18-25,East,Referral,1378.97
CUST-03486,Value Seekers,36-50,East,Paid Social,582.63
CUST-03487,Value Seekers,36-50,South,Paid Social,741.83
CUST-03488,Premium / High-End,65+,North,Organic Search,3672.34
CUST-03489,Budget Shoppers,18-25,North,Organic Search,247.11
CUST-03490,Budget Shoppers,18-25,East,Organic Search,381.17
CUST-03491,Value Seekers,18-25,North,Email Marketing,769.17
CUST-03492,Value Seekers,36-50,East,Paid Social,1084.3
CUST-03493,Budget Shoppers,51-65,East,Paid Social,99.19
CUST-03494,Value Seekers,26-35,West,Paid Social,443.76
CUST-03495,Budget Shoppers,26-35,North,Organic Search,337.93
CUST-03496,Budget Shoppers,26-35,West,Organic Search,270.06
CUST-03497,Value Seekers,26-35,East,Email Marketing,304.03
CUST-03498,Budget Shoppers,26-35,North,Direct,155.69
CUST-03499,Value Seekers,51-65,South,Paid Social,932.25
CUST-03500,Value Seekers,36-50,North,Direct,963.83
